date,rank_score
2016-12-14,1809669
2017-09-27,1895890
2018-02-08,832510
2018-04-22,785331
2018-05-01,2192245
2018-05-10,2047712
2018-05-25,1304759
2018-05-26,878638
2018-08-26,4877589
2018-11-28,4311013
2018-11-29,831314
2018-11-30,652670
2018-12-29,593840
2019-01-02,2125841
2019-01-26,608783
2019-01-30,1815222
2019-02-13,888988
2019-02-14,13367828
2019-02-16,2488454
2019-02-18,1677865
2019-02-22,3403823
2019-02-24,2871857
2019-02-26,2378448
2019-02-27,3429629
2019-03-01,3494953
2019-03-03,774572
2019-03-07,727151
2019-03-08,1930757
2019-03-09,1875787
2019-03-12,2078868
2019-03-16,1257228
2019-03-18,1841492
2019-03-22,698447
2019-03-23,1297877
2019-03-23,2007846
2019-03-24,758495
2019-03-25,1820743
2019-03-26,18279140
2019-03-26,3128492
2019-03-27,1820889
2019-03-27,2552120
2019-03-28,1998723
2019-03-29,6120471
2019-03-29,803927
2019-03-29,1060026
2019-03-29,3525442
2019-03-29,1471307
2019-03-30,1897965
2019-03-30,1864693
2019-03-31,1777121
2019-03-31,1650510
2019-04-01,1719138
2019-04-01,2686780
2019-04-02,1534433
2019-04-03,1098257
2019-04-04,1346450
2019-04-04,1121698
2019-04-05,2795608
2019-04-05,998474
2019-04-05,1678418
2019-04-05,4868076
2019-04-05,2696990
2019-04-05,3038255
2019-04-05,1818876
2019-04-05,1114639
2019-04-06,1348748
2019-04-07,1299752
2019-04-08,2038785
2019-04-08,1974342
2019-04-09,1666539
2019-04-09,14471589
2019-04-09,1947966
2019-04-09,3078242
2019-04-09,4882850
2019-04-09,1175899
2019-04-09,1539578
2019-04-11,2391296
2019-04-11,4412925
2019-04-11,2048663
2019-04-11,1843904
2019-04-12,3227405
2019-04-12,1287524
2019-04-12,593855
2019-04-13,2615781
2019-04-13,2868626
2019-04-13,2536644
2019-04-13,2670293
2019-04-13,2164873
2019-04-13,2472441
2019-04-14,2190747
2019-04-14,659112
2019-04-14,788224
2019-04-14,957976
2019-04-14,1507529
2019-04-14,3546537
2019-04-14,2903359
2019-04-15,3281105
2019-04-15,725073
2019-04-15,3124251
2019-04-15,2681863
2019-04-15,3573946
2019-04-15,1441698
2019-04-15,1852998
2019-04-16,1359930
2019-04-16,1058843
2019-04-16,4436598
2019-04-16,662838
2019-04-16,1346281
2019-04-16,933062
2019-04-16,10719492
2019-04-16,1008305
2019-04-17,2881690
2019-04-17,1228914
2019-04-17,1159907
2019-04-17,1379674
2019-04-18,1428085
2019-04-18,621135
2019-04-18,1190661
2019-04-18,2089604
2019-04-18,881010
2019-04-19,1939227
2019-04-19,1528974
2019-04-19,4520578
2019-04-20,733046
2019-04-20,2652890
2019-04-20,15495693
2019-04-20,1175733
2019-04-20,2403559
2019-04-20,2049543
2019-04-22,4397523
2019-04-22,1975997
2019-04-23,2271976
2019-04-25,1882390
2019-04-25,7772836
2019-04-26,1298964
2019-04-27,2422020
2019-04-28,4091288
2019-04-29,5244768
2019-04-29,1927509
2019-04-30,3244827
2019-04-30,6452797
2019-04-30,702519
2019-05-01,2307473
2019-05-02,5899070
2019-05-02,6836731
2019-05-02,7265856
2019-05-03,2315844
2019-05-03,2492655
2019-05-03,1111405
2019-05-03,1698804
2019-05-03,2227252
2019-05-04,9004053
2019-05-05,1615152
2019-05-05,8649562
2019-05-08,22587938
2019-05-09,2043424
2019-05-10,12205563
2019-05-10,1077801
2019-05-10,1524953
2019-05-13,2557940
2019-05-13,2892344
2019-05-13,4653240
2019-05-13,1548216
2019-05-14,1133841
2019-05-15,10138562
2019-05-18,1934748
2019-05-19,2586679
2019-05-23,5347092
2019-05-24,625616
2019-05-25,900528
2019-05-25,1938946
2019-05-28,2827862
2019-05-30,1590434
2019-05-30,1619511
2019-05-31,793922
2019-05-31,1949904
2019-06-05,1194451
2019-06-06,3291234
2019-06-06,3081764
2019-06-06,3977149
2019-06-07,1082345
2019-06-07,1293325
2019-06-07,658197
2019-06-08,1341938
2019-06-08,1350059
2019-06-09,2374721
2019-06-10,1125106
2019-06-14,622894
2019-06-17,2797081
2019-06-21,4059060
2019-06-21,2958406
2019-06-21,1227249
2019-06-22,1520958
2019-06-22,839159
2019-06-22,1923504
2019-06-23,1974303
2019-06-23,1573312
2019-06-23,4872440
2019-06-24,2610732
2019-06-24,4243102
2019-06-26,2423946
2019-06-26,4449338
2019-06-29,1558159
2019-06-29,2149361
2019-06-30,2387223
2019-06-30,724264
2019-07-01,2289265
2019-07-03,3431692
2019-07-04,2554076
2019-07-04,15258400
2019-07-05,817192
2019-07-05,862256
2019-07-06,3243102
2019-07-07,2770655
2019-07-08,4243173
2019-07-10,1000803
2019-07-10,914953
2019-07-10,1638442
2019-07-11,5289472
2019-07-11,1054727
2019-07-12,1440445
2019-07-13,1840584
2019-07-13,2877384
2019-07-14,2978424
2019-07-14,2101661
2019-07-14,1648335
2019-07-14,695821
2019-07-15,5389788
2019-07-15,1748061
2019-07-18,2409376
2019-07-18,2195830
2019-07-20,1284086
2019-07-21,1111136
2019-07-22,3402383
2019-07-22,2110619
2019-07-23,1550758
2019-07-23,1496878
2019-07-23,7290607
2019-07-24,4927731
2019-07-24,1887402
2019-07-25,3632958
2019-07-25,787783
2019-07-25,2907440
2019-07-26,2151602
2019-07-26,5279306
2019-07-27,2023127
2019-07-28,2041232
2019-07-29,1627309
2019-07-29,1727294
2019-07-30,2382142
2019-07-30,1640898
2019-07-30,2016496
2019-07-31,2424291
2019-07-31,1636656
2019-07-31,1706535
2019-08-01,1659319
2019-08-02,1098412
2019-08-02,3619996
2019-08-03,2163518
2019-08-03,754582
2019-08-04,607003
2019-08-05,1197388
2019-08-06,3213435
2019-08-07,603459
2019-08-07,671020
2019-08-07,811405
2019-08-08,1356160
2019-08-08,2050441
2019-08-09,604426
2019-08-09,2583909
2019-08-09,4246928
2019-08-10,3200723
2019-08-10,2611748
2019-08-10,612488
2019-08-12,1367800
2019-08-13,1197928
2019-08-13,1118044
2019-08-15,3892644
2019-08-16,860677
2019-08-16,1320618
2019-08-16,7341812
2019-08-16,2363557
2019-08-19,2408001
2019-08-21,4747920
2019-08-23,1676232
2019-08-24,1024281
2019-08-24,916580
2019-08-25,2440005
2019-08-25,1795142
2019-08-26,16616831
2019-08-28,10486718
2019-09-01,836384
2019-09-01,3593090
2019-09-02,2717687
2019-09-03,3469108
2019-09-05,3863810
2019-09-10,3052886
2019-09-12,1795784
2019-09-13,5793224
2019-09-14,626855
2019-09-16,1493460
2019-09-17,2743865
2019-09-18,1007096
2019-09-19,1683480
2019-09-20,2404475
2019-09-22,1702044
2019-09-23,1295466
2019-09-30,4740317
2019-09-30,3311226
2019-10-04,6308864
2019-10-04,3795829
2019-10-08,752956
2019-10-10,655712
2019-10-12,2551590
2019-10-13,2407337
2019-10-23,3383186
2019-10-23,3646894
2019-10-26,2112729
2019-10-28,8710754
2019-10-31,826221
2019-11-11,1708898
2019-11-14,2174724
2019-11-14,2578685
2019-11-15,3471752
2019-11-15,1493740
2019-11-15,3088486
2019-11-15,1017096
2019-11-17,1283568
2019-11-23,1782145
2019-11-28,2688879
2019-12-03,2006378
2019-12-03,4436629
2019-12-07,1679180
2019-12-07,14320099
2019-12-07,1263445
2019-12-08,2138240
2019-12-08,1196353
2019-12-13,7866051
2019-12-14,2578754
2019-12-15,2504556
2019-12-15,1299548
2019-12-17,2445639
2019-12-19,2187547
2019-12-21,1133319
2019-12-24,2723099
2019-12-26,4122243
2019-12-27,1954260
2019-12-27,3828721
2019-12-27,3104245
2019-12-29,1642597
2019-12-31,2050557
2020-01-01,1928189
2020-01-01,1215638
2020-01-06,2927177
2020-01-06,2519696
2020-01-07,1140999
2020-01-09,3426783
2020-01-12,8020036
2020-01-16,1622871
2020-01-16,5682019
2020-01-17,907407
2020-01-17,694383
2020-01-19,1574493
2020-01-22,2076124
2020-01-23,1365531
2020-01-24,1728779
2020-01-25,2192712
2020-01-28,1352454
2020-01-28,1952521
2020-01-30,431384
2020-02-02,19100552
2020-02-02,2841616
2020-02-07,2344419
2020-02-09,3799778
2020-02-11,594475
2020-02-12,6895587
2020-02-13,793989
2020-02-14,3025812
2020-02-16,1903034
2020-02-18,1447077
2020-02-19,9093462
2020-02-22,5619284
2020-02-23,595876
2020-02-24,1596670
2020-02-25,1600397
2020-02-26,692261
2020-02-26,2938750
2020-02-26,1770063
2020-02-29,1301647
2020-03-04,732440
2020-03-05,2149280
2020-03-08,2555373
2020-03-10,2130769
2020-03-12,6706782
2020-03-12,2608767
2020-03-13,687213
2020-03-16,599442
2020-03-17,4098178
2020-03-17,2606766
2020-03-20,1122579
2020-03-23,1921756
2020-03-24,1471176
2020-03-25,1649495
2020-03-26,12708539
2020-03-28,2923210
2020-03-30,2726300
2020-03-30,3210185
2020-03-31,2593244
2020-03-31,1246018
2020-03-31,1533385
2020-04-08,2167624
2020-04-09,1112959
2020-04-12,3398890
2020-04-17,1625206
2020-04-18,1754774
2020-04-19,1708915
2020-04-20,2237206
2020-04-23,1123669
2020-04-30,3037118
2020-04-30,1774134
2020-05-01,1993192
2020-05-02,1166254
2020-05-04,1153225
2020-05-10,720944
2020-05-14,4787021
2020-05-20,1166331
2020-05-20,611406
2020-05-23,2489629
2020-05-26,1179141
2020-05-27,2356730
2020-06-01,4084338
2020-06-03,3753923
2020-06-08,2820964
2020-06-11,1325325
2020-06-17,1668491
2020-06-24,1733213
2020-07-02,2449370
2020-07-15,733131
2020-07-29,2266131
2020-08-04,1346065
2020-08-07,1642888
2020-08-14,598355
2020-08-24,1485636
2020-09-13,655371
2020-09-20,2451005
2020-09-20,4178178
2020-10-01,7232747
2020-10-17,698763
2020-10-18,1114765
2020-10-23,1876964
2020-11-08,2326178
2020-11-13,620325
2020-11-15,622860
2020-11-30,3665202
2020-12-06,3435402
2020-12-07,6846315
2020-12-09,1128321
2020-12-15,2668995
2020-12-19,5406537
2020-12-24,3301086
2021-01-05,1870592
2021-01-05,669075
2021-01-15,590917
2021-01-22,1252981
2021-01-25,2021706
2021-01-27,1591548
2021-01-28,2204185
2021-01-30,14655755
2021-01-30,4598835
2021-02-01,1367865
2021-02-02,1833811
2021-02-06,2857347
2021-02-09,4262668
2021-02-12,2704524
2021-02-15,827806
2021-02-16,3585308
2021-02-17,1832037
2021-02-21,2126022
2021-02-23,2066584
2021-02-27,2002333
2021-03-02,2320750
2021-03-09,1067089
2021-03-10,2469677
2021-03-12,3560589
2021-03-19,2584176
2021-03-24,1542774
2021-03-26,912106
2021-03-30,12105181
2021-04-06,898661
2021-04-08,7551418
2021-04-24,2015515
2021-05-12,2824290
2021-05-17,1787663
2021-05-23,1001846
2021-05-25,1169223
2021-05-30,6267503
2021-06-11,9823675
2021-06-23,1724787
2021-06-25,1890660
2021-06-26,2954218
2021-06-30,1881141
2021-07-03,640864
2021-07-06,2330553
2021-07-15,1774426
2021-07-19,611085
2021-07-20,1417582
2021-07-23,1610382
2021-07-23,3496437
2021-07-30,1228725
2021-08-03,1606819
2021-08-10,762139
2021-08-10,8119616
2021-08-12,5352549
2021-08-18,705382
2021-08-29,1568260
2021-08-31,4200925
2021-09-02,1591277
2021-09-04,3666873
2021-09-05,2923700
2021-09-06,1951709
2021-09-11,2836910
2021-09-20,718613
2021-09-20,429077
2021-09-20,1045647
2021-09-25,1461116
2021-10-06,2041254
2021-10-13,2227641
2021-10-23,4165070
2021-10-23,1132115
2021-10-27,796776
2021-11-03,689657
2021-11-06,738296
2021-11-10,633100
2021-11-13,1690418
2021-11-14,2123860
2021-11-15,2782234
2021-11-23,2864830
2021-11-24,4876793
2021-11-27,1622723
2021-12-01,1719159
2021-12-13,1001260
2021-12-22,4605554
2021-12-29,1451095
2021-12-31,1639005
2022-01-10,1044678
2022-01-13,3130338
2022-01-16,879255
2022-01-16,2000922
2022-01-17,2393964
2022-01-19,2361597
2022-01-20,2675233
2022-01-22,1585145
2022-01-27,501479
2022-02-05,1378164
2022-02-07,1303605
2022-02-08,1065237
2022-02-11,878228
2022-02-17,726069
2022-02-19,1673346
2022-02-20,3481245
2022-02-22,1686475
2022-02-23,1594227
2022-03-02,608923
2022-03-02,853179
2022-03-03,2936267
2022-03-11,1822422
2022-03-13,1536128
2022-03-19,2445631
2022-03-20,3345950
2022-03-21,1460613
2022-03-22,3161111
2022-03-23,11221697
2022-03-24,5786868
2022-03-25,3010781
2022-03-26,1285104
2022-04-05,1626225
2022-04-05,2014419
2022-04-05,1664276
2022-04-05,1087881
2022-04-09,2149998
2022-04-09,620601
2022-04-10,1096781
2022-04-10,1250788
2022-04-12,4633919
2022-04-13,4553968
2022-04-13,2439193
2022-04-13,1705558
2022-04-14,2490846
2022-04-14,2604037
2022-04-14,3693778
2022-04-16,1958387
2022-04-16,3582488
2022-04-17,1038017
2022-04-22,3732490
2022-04-23,2710305
2022-04-23,601312
2022-04-24,1513610
2022-04-26,2469326
2022-04-27,805520
2022-04-29,5305155
2022-04-29,2178299
2022-04-30,871251
2022-04-30,821963
2022-05-03,3148070
2022-05-05,1535432
2022-05-05,1622612
2022-05-06,2248846
2022-05-06,1871468
2022-05-06,605288
2022-05-06,3766811
2022-05-06,2463856
2022-05-07,1488274
2022-05-07,1902660
2022-05-07,2159843
2022-05-08,5539643
2022-05-09,1205083
2022-05-10,6442119
2022-05-10,608203
2022-05-12,2106299
2022-05-12,1216649
2022-05-14,1441920
2022-05-15,4397891
2022-05-15,727737
2022-05-16,1508465
2022-05-16,3917215
2022-05-17,1816992
2022-05-17,4904044
2022-05-17,1754386
2022-05-18,2015841
2022-05-18,662395
2022-05-19,2118490
2022-05-19,2023190
2022-05-20,17553622
2022-05-22,890790
2022-05-22,1547874
2022-05-23,850534
2022-05-23,1018200
2022-05-24,2028698
2022-05-24,8856587
2022-05-24,1149006
2022-05-25,1735317
2022-05-25,4272111
2022-05-26,1634062
2022-05-27,972972
2022-05-27,1751953
2022-05-28,2726685
2022-05-29,1106267
2022-05-29,509199
2022-05-29,2564665
2022-05-29,1487271
2022-05-29,1420799
2022-05-29,965869
2022-05-30,1748698
2022-05-30,1712120
2022-06-01,2383094
2022-06-01,1109039
2022-06-02,4592298
2022-06-03,2106391
2022-06-03,4170819
2022-06-03,1088873
2022-06-03,794487
2022-06-04,732368
2022-06-04,1433483
2022-06-04,536845
2022-06-05,1018531
2022-06-05,1328807
2022-06-06,3044494
2022-06-07,851686
2022-06-07,3304225
2022-06-08,1246856
2022-06-08,1172257
2022-06-09,7831660
2022-06-09,3047194
2022-06-10,1598732
2022-06-10,428311
2022-06-11,2858364
2022-06-11,450937
2022-06-11,959468
2022-06-11,6397955
2022-06-11,1215332
2022-06-12,647176
2022-06-13,2778753
2022-06-13,678893
2022-06-14,2012103
2022-06-14,2760789
2022-06-14,3899120
2022-06-15,4666616
2022-06-15,15866017
2022-06-16,2647163
2022-06-16,2816222
2022-06-16,3355965
2022-06-16,2661167
2022-06-17,1981189
2022-06-17,3346064
2022-06-17,1738147
2022-06-17,1207932
2022-06-17,1905120
2022-06-17,1679805
2022-06-17,1542918
2022-06-18,2803368
2022-06-18,472594
2022-06-18,5520402
2022-06-19,1724427
2022-06-19,1213042
2022-06-20,1286853
2022-06-20,3327325
2022-06-20,3173961
2022-06-21,738013
2022-06-21,3536338
2022-06-21,1346585
2022-06-21,3134310
2022-06-21,2195869
2022-06-21,1008878
2022-06-21,3092714
2022-06-22,1222049
2022-06-22,2444425
2022-06-22,1496932
2022-06-22,1911741
2022-06-23,641105
2022-06-23,1794940
2022-06-23,2448207
2022-06-24,3422847
2022-06-24,3572479
2022-06-24,1015610
2022-06-24,1248141
2022-06-24,3960454
2022-06-24,2501573
2022-06-24,4287321
2022-06-24,6104614
2022-06-24,1085511
2022-06-25,5985711
2022-06-25,704272
2022-06-25,1151678
2022-06-25,2444350
2022-06-25,1697646
2022-06-26,1449296
2022-06-26,754205
2022-06-27,516589
2022-06-27,860907
2022-06-27,1072025
2022-06-27,2226414
2022-06-27,730250
2022-06-27,428402
2022-06-27,1699217
2022-06-27,16087714
2022-06-27,1387110
2022-06-27,7848399
2022-06-28,1262913
2022-06-28,5336665
2022-06-28,3463339
2022-06-28,515078
2022-06-28,4864916
2022-06-28,780823
2022-06-28,4007785
2022-06-28,1505249
2022-06-28,2710138
2022-06-29,3518082
2022-06-29,724314
2022-06-29,14642069
2022-06-29,4320970
2022-06-29,1941421
2022-06-29,4537862
2022-06-30,508893
2022-06-30,1114936
2022-06-30,1179647
2022-06-30,6093925
2022-06-30,3640522
2022-06-30,1000290
2022-07-01,4506812
2022-07-01,1623260
2022-07-01,2176934
2022-07-01,9082597
2022-07-01,1272321
2022-07-01,1299123
2022-07-01,7783489
2022-07-01,1789531
2022-07-02,2231492
2022-07-02,1217685
2022-07-02,1654462
2022-07-02,700427
2022-07-02,6362492
2022-07-02,853272
2022-07-02,1709780
2022-07-02,7109498
2022-07-02,744655
2022-07-02,6555590
2022-07-03,1546428
2022-07-03,3628808
2022-07-03,925610
2022-07-03,961561
2022-07-03,1741440
2022-07-03,5389540
2022-07-03,1911291
2022-07-03,1982019
2022-07-03,3990600
2022-07-03,1809536
2022-07-03,1000085
2022-07-03,3254829
2022-07-04,4922595
2022-07-04,2340398
2022-07-04,2215237
2022-07-04,1886993
2022-07-04,4187232
2022-07-04,8296001
2022-07-05,1149370
2022-07-05,609775
2022-07-05,4839125
2022-07-05,825477
2022-07-05,1200067
2022-07-05,2515042
2022-07-05,801834
2022-07-05,2952053
2022-07-06,1507618
2022-07-06,1038642
2022-07-06,680888
2022-07-06,1262296
2022-07-06,2059163
2022-07-06,1313484
2022-07-07,4431308
2022-07-07,885386
2022-07-07,1612532
2022-07-07,1531847
2022-07-07,1339629
2022-07-08,620041
2022-07-08,5289686
2022-07-08,2376927
2022-07-08,1188071
2022-07-08,2528463
2022-07-08,1007615
2022-07-08,1907948
2022-07-08,2912119
2022-07-09,7745566
2022-07-09,2448101
2022-07-09,1599158
2022-07-09,1551075
2022-07-10,2385311
2022-07-10,1842634
2022-07-10,1739190
2022-07-10,1065191
2022-07-10,1093259
2022-07-10,13205712
2022-07-11,2759896
2022-07-11,1442278
2022-07-11,2369364
2022-07-11,1156469
2022-07-11,490721
2022-07-11,1424290
2022-07-11,1305878
2022-07-12,1889909
2022-07-12,463611
2022-07-12,5915525
2022-07-12,1257243
2022-07-12,1083009
2022-07-13,623522
2022-07-13,9042812
2022-07-13,1275199
2022-07-13,1162728
2022-07-13,3603052
2022-07-13,1417540
2022-07-14,1891079
2022-07-14,569130
2022-07-15,516900
2022-07-15,1473476
2022-07-15,2783180
2022-07-15,429370
2022-07-15,1732554
2022-07-15,2832418
2022-07-15,2577582
2022-07-15,1720301
2022-07-15,541139
2022-07-15,8736631
2022-07-15,1592262
2022-07-15,1284259
2022-07-16,1331762
2022-07-16,513415
2022-07-16,780948
2022-07-16,2446174
2022-07-16,1068835
2022-07-16,2522535
2022-07-16,6560215
2022-07-16,1036066
2022-07-16,419921
2022-07-16,543558
2022-07-17,1856592
2022-07-17,2759286
2022-07-17,1796508
2022-07-17,13893273
2022-07-17,762619
2022-07-17,1188989
2022-07-17,2001459
2022-07-17,1631120
2022-07-17,3320603
2022-07-17,1105215
2022-07-17,747194
2022-07-18,1862690
2022-07-18,913586
2022-07-18,4132353
2022-07-18,1646965
2022-07-18,1224235
2022-07-18,1716988
2022-07-18,1073438
2022-07-19,1704152
2022-07-19,922971
2022-07-19,2798123
2022-07-19,445627
2022-07-19,1553445
2022-07-19,1136838
2022-07-19,4386353
2022-07-20,2555730
2022-07-20,825671
2022-07-20,3536895
2022-07-20,1011879
2022-07-20,1287190
2022-07-20,4691454
2022-07-20,2035499
2022-07-20,436126
2022-07-20,2107862
2022-07-20,1207500
2022-07-20,1087173
2022-07-21,981019
2022-07-21,532794
2022-07-21,3310316
2022-07-21,6236289
2022-07-21,1343264
2022-07-21,1093724
2022-07-21,526617
2022-07-21,1101583
2022-07-21,523203
2022-07-21,3679548
2022-07-21,640374
2022-07-21,2936153
2022-07-21,1150117
2022-07-22,1084880
2022-07-22,1406353
2022-07-22,661642
2022-07-22,2510889
2022-07-22,2263709
2022-07-22,468401
2022-07-22,3397728
2022-07-22,1025621
2022-07-22,5304180
2022-07-22,1745992
2022-07-22,1532444
2022-07-23,3696590
2022-07-23,3970975
2022-07-23,3370098
2022-07-23,1446468
2022-07-23,637211
2022-07-23,633468
2022-07-23,2045605
2022-07-23,764292
2022-07-23,1438413
2022-07-24,3397391
2022-07-24,846755
2022-07-24,1501337
2022-07-24,2214545
2022-07-24,2023523
2022-07-24,932918
2022-07-25,686169
2022-07-25,2656844
2022-07-25,1320467
2022-07-25,2323348
2022-07-25,1971673
2022-07-25,1584784
2022-07-25,2351047
2022-07-25,904359
2022-07-25,892604
2022-07-25,1429000
2022-07-25,1604678
2022-07-25,1216616
2022-07-26,2201279
2022-07-26,755231
2022-07-26,8620956
2022-07-26,1458038
2022-07-26,1715538
2022-07-26,5871344
2022-07-26,2136849
2022-07-26,5800908
2022-07-26,692805
2022-07-26,491831
2022-07-26,1183527
2022-07-26,1190483
2022-07-26,1228805
2022-07-26,3119338
2022-07-26,1617646
2022-07-27,1727586
2022-07-27,5927023
2022-07-27,2767708
2022-07-27,2739340
2022-07-27,2004677
2022-07-27,2115026
2022-07-27,3816574
2022-07-27,3706977
2022-07-27,2654760
2022-07-27,2481686
2022-07-27,1985294
2022-07-27,486039
2022-07-27,510261
2022-07-28,1334031
2022-07-28,1177111
2022-07-28,571662
2022-07-28,2958888
2022-07-28,2239341
2022-07-28,1426197
2022-07-28,2566775
2022-07-29,551435
2022-07-29,1550918
2022-07-29,687895
2022-07-29,1683265
2022-07-29,5710672
2022-07-29,443068
2022-07-29,739104
2022-07-29,646910
2022-07-29,2535070
2022-07-30,1821166
2022-07-30,3257822
2022-07-30,2551910
2022-07-30,601651
2022-07-30,824631
2022-07-30,1168288
2022-07-30,1120789
2022-07-30,2876639
2022-07-31,2454478
2022-07-31,510270
2022-07-31,1124242
2022-07-31,5307042
2022-07-31,719615
2022-07-31,761940
2022-07-31,1362532
2022-07-31,1053446
2022-08-01,1436527
2022-08-01,1423093
2022-08-01,1262310
2022-08-01,1025289
2022-08-01,851676
2022-08-01,577771
2022-08-01,1013307
2022-08-01,1826473
2022-08-01,2598136
2022-08-02,755829
2022-08-02,1887991
2022-08-02,9154345
2022-08-02,957812
2022-08-02,613845
2022-08-02,1982689
2022-08-02,731999
2022-08-02,1023050
2022-08-02,651765
2022-08-02,557379
2022-08-03,1578223
2022-08-03,3909201
2022-08-03,517614
2022-08-03,1492465
2022-08-03,577567
2022-08-03,1171878
2022-08-03,1314606
2022-08-04,551226
2022-08-04,1301494
2022-08-04,962486
2022-08-05,1006977
2022-08-05,927577
2022-08-05,566298
2022-08-05,421507
2022-08-05,774124
2022-08-05,1152203
2022-08-05,3388070
2022-08-05,4192708
2022-08-05,1761369
2022-08-05,2523433
2022-08-06,630289
2022-08-06,2370209
2022-08-06,812130
2022-08-06,1260777
2022-08-06,1916220
2022-08-06,2225714
2022-08-06,1776954
2022-08-06,5303923
2022-08-06,1475967
2022-08-06,1491814
2022-08-06,1078872
2022-08-06,722037
2022-08-07,1215725
2022-08-07,2175596
2022-08-07,426248
2022-08-07,2114896
2022-08-07,1672040
2022-08-07,669703
2022-08-07,3206263
2022-08-07,727176
2022-08-07,2296303
2022-08-07,680265
2022-08-07,445843
2022-08-07,950448
2022-08-07,1047030
2022-08-08,998169
2022-08-08,1308886
2022-08-08,2161733
2022-08-08,3340549
2022-08-08,1389626
2022-08-08,1000425
2022-08-08,1513012
2022-08-08,1052299
2022-08-08,639389
2022-08-08,730107
2022-08-09,1054887
2022-08-09,976528
2022-08-09,2392521
2022-08-09,1234135
2022-08-09,1205290
2022-08-09,721337
2022-08-09,1067785
2022-08-09,720417
2022-08-09,1629637
2022-08-09,504724
2022-08-10,578418
2022-08-10,1158864
2022-08-10,2477400
2022-08-10,1315810
2022-08-10,878952
2022-08-10,1099118
2022-08-10,1164288
2022-08-10,1566968
2022-08-10,854263
2022-08-10,462724
2022-08-11,1569020
2022-08-11,703476
2022-08-11,1343200
2022-08-11,448334
2022-08-11,1809423
2022-08-11,1019494
2022-08-11,2053601
2022-08-11,2707454
2022-08-12,4499882
2022-08-12,1454538
2022-08-12,1130442
2022-08-12,4978580
2022-08-13,872346
2022-08-13,2818021
2022-08-13,545428
2022-08-13,1220014
2022-08-13,1131909
2022-08-13,4153614
2022-08-13,720639
2022-08-13,803863
2022-08-13,1450063
2022-08-13,3566515
2022-08-13,9154434
2022-08-14,1313763
2022-08-14,2465059
2022-08-14,5294491
2022-08-14,1100004
2022-08-14,1318964
2022-08-14,1263294
2022-08-14,1525523
2022-08-14,2193876
2022-08-14,3706795
2022-08-15,2499653
2022-08-15,836560
2022-08-15,601711
2022-08-15,3402213
2022-08-15,1577019
2022-08-15,6128353
2022-08-15,843903
2022-08-15,547651
2022-08-16,1488498
2022-08-16,2061785
2022-08-16,1232712
2022-08-16,800120
2022-08-16,1479781
2022-08-16,761102
2022-08-17,2290334
2022-08-17,610335
2022-08-17,1649885
2022-08-17,1110237
2022-08-17,1873518
2022-08-17,2815084
2022-08-17,2568466
2022-08-18,1702077
2022-08-18,2365323
2022-08-18,9137187
2022-08-18,2732864
2022-08-18,9867775
2022-08-18,846324
2022-08-18,10492589
2022-08-18,1777932
2022-08-18,730003
2022-08-18,1085214
2022-08-18,1065645
2022-08-18,848169
2022-08-19,892258
2022-08-19,916108
2022-08-19,635910
2022-08-19,1565970
2022-08-19,750049
2022-08-19,1820709
2022-08-19,2694220
2022-08-19,2163394
2022-08-19,1104176
2022-08-19,748960
2022-08-19,2225531
2022-08-20,1214087
2022-08-20,749870
2022-08-20,450542
2022-08-20,1023854
2022-08-20,1547676
2022-08-20,988584
2022-08-20,2465899
2022-08-20,2116087
2022-08-20,2236013
2022-08-21,3322445
2022-08-21,3384908
2022-08-21,899438
2022-08-21,908189
2022-08-21,775458
2022-08-21,1234856
2022-08-21,4080747
2022-08-21,1000425
2022-08-21,628622
2022-08-21,1531116
2022-08-21,1793591
2022-08-21,2182631
2022-08-21,6752003
2022-08-21,4635514
2022-08-21,553006
2022-08-22,1261952
2022-08-22,464814
2022-08-22,426586
2022-08-22,1493610
2022-08-22,2427144
2022-08-22,1225708
2022-08-23,1000654
2022-08-23,2600474
2022-08-23,2335758
2022-08-23,457683
2022-08-23,1395288
2022-08-23,1301813
2022-08-23,1066962
2022-08-23,2788837
2022-08-23,2545192
2022-08-24,819192
2022-08-24,632093
2022-08-24,1800688
2022-08-24,857242
2022-08-24,1281068
2022-08-24,2412639
2022-08-24,2540705
2022-08-24,484351
2022-08-24,2113385
2022-08-25,956880
2022-08-25,844630
2022-08-25,2522961
2022-08-25,742596
2022-08-25,425855
2022-08-25,1721854
2022-08-25,1868914
2022-08-25,2429767
2022-08-25,2751048
2022-08-26,4564354
2022-08-26,1626616
2022-08-26,6391094
2022-08-26,1528663
2022-08-26,2229708
2022-08-26,1410803
2022-08-26,1084424
2022-08-26,2321554
2022-08-26,1656609
2022-08-27,1143954
2022-08-27,1092144
2022-08-27,5951160
2022-08-27,903028
2022-08-27,1826519
2022-08-27,888972
2022-08-27,3168508
2022-08-27,1436168
2022-08-27,1139064
2022-08-27,1060179
2022-08-27,421950
2022-08-28,1539884
2022-08-28,1124908
2022-08-28,1742467
2022-08-28,1798688
2022-08-28,915150
2022-08-28,3020211
2022-08-28,494948
2022-08-28,1606006
2022-08-28,1099828
2022-08-28,1584509
2022-08-28,4113024
2022-08-28,3345084
2022-08-28,2389102
2022-08-29,1234991
2022-08-29,760915
2022-08-30,3711161
2022-08-30,2164061
2022-08-30,436204
2022-08-30,2304071
2022-08-31,5113396
2022-08-31,672853
2022-08-31,2050676
2022-08-31,6546229
2022-08-31,1053315
2022-08-31,2716171
2022-08-31,1028308
2022-08-31,468631
2022-08-31,1856171
2022-09-01,661175
2022-09-01,902190
2022-09-01,1850205
2022-09-01,4408180
2022-09-01,991595
2022-09-01,825135
2022-09-01,2487457
2022-09-02,1150186
2022-09-02,1670894
2022-09-02,4915066
2022-09-02,1791936
2022-09-02,1852769
2022-09-02,650161
2022-09-02,1941745
2022-09-03,2183919
2022-09-03,1640567
2022-09-03,2311797
2022-09-03,1328708
2022-09-03,1126820
2022-09-03,629874
2022-09-04,1582079
2022-09-04,585009
2022-09-04,1634921
2022-09-04,759631
2022-09-04,1374330
2022-09-04,765783
2022-09-04,1072238
2022-09-04,2641347
2022-09-04,1619226
2022-09-04,529923
2022-09-04,1178563
2022-09-04,3547388
2022-09-05,1083289
2022-09-05,1434946
2022-09-05,1544221
2022-09-05,463487
2022-09-05,3945721
2022-09-05,436931
2022-09-05,533074
2022-09-06,4210323
2022-09-06,952966
2022-09-07,590330
2022-09-07,508999
2022-09-07,603977
2022-09-08,646482
2022-09-08,1577201
2022-09-08,1317234
2022-09-08,1209864
2022-09-08,1081935
2022-09-08,1053096
2022-09-08,3412353
2022-09-09,852737
2022-09-09,2262806
2022-09-09,1058434
2022-09-09,1079519
2022-09-09,660587
2022-09-09,1029732
2022-09-09,840746
2022-09-09,3591283
2022-09-09,2816289
2022-09-09,11282481
2022-09-10,1279177
2022-09-10,5472293
2022-09-10,4126705
2022-09-10,453153
2022-09-10,1339222
2022-09-10,1727037
2022-09-10,541005
2022-09-10,5129590
2022-09-10,1287374
2022-09-10,4592755
2022-09-10,3512243
2022-09-10,1495843
2022-09-10,638476
2022-09-10,6902672
2022-09-10,9803665
2022-09-10,2036274
2022-09-10,1282420
2022-09-11,1843907
2022-09-11,1045629
2022-09-11,2381031
2022-09-11,506746
2022-09-12,1573305
2022-09-12,1581591
2022-09-12,3508399
2022-09-12,3002981
2022-09-12,458135
2022-09-12,1993135
2022-09-12,1198927
2022-09-12,3426098
2022-09-12,1270147
2022-09-13,1539844
2022-09-13,997390
2022-09-13,1704335
2022-09-14,8059087
2022-09-14,735540
2022-09-14,892939
2022-09-14,1881939
2022-09-14,743044
2022-09-14,1537023
2022-09-14,1570456
2022-09-14,2896494
2022-09-14,435900
2022-09-14,6957038
2022-09-15,1093518
2022-09-15,517875
2022-09-15,691875
2022-09-15,1554343
2022-09-15,678766
2022-09-16,4982710
2022-09-16,2055428
2022-09-16,869019
2022-09-16,944235
2022-09-16,988517
2022-09-16,1554243
2022-09-16,6442965
2022-09-16,3557100
2022-09-17,1966043
2022-09-17,1916245
2022-09-17,1064810
2022-09-17,561966
2022-09-17,1219878
2022-09-17,1187336
2022-09-17,737242
2022-09-17,1379757
2022-09-17,2528952
2022-09-18,2504654
2022-09-18,916056
2022-09-18,1749223
2022-09-18,4420552
2022-09-18,731116
2022-09-18,3693281
2022-09-19,3572410
2022-09-19,900591
2022-09-19,4094532
2022-09-19,2644548
2022-09-19,1325274
2022-09-19,1044948
2022-09-19,1247990
2022-09-20,4731483
2022-09-20,1213455
2022-09-20,1203342
2022-09-21,498640
2022-09-21,1065481
2022-09-21,1251529
2022-09-21,6120554
2022-09-22,566469
2022-09-22,1719653
2022-09-22,1591122
2022-09-22,3798664
2022-09-22,1137674
2022-09-22,973704
2022-09-22,4609221
2022-09-22,883992
2022-09-23,990586
2022-09-23,4457338
2022-09-23,1753361
2022-09-23,842528
2022-09-23,3329721
2022-09-23,797935
2022-09-23,524079
2022-09-23,527458
2022-09-24,1677597
2022-09-24,1183129
2022-09-24,481387
2022-09-24,1337300
2022-09-24,808999
2022-09-24,1368842
2022-09-24,569309
2022-09-24,2416783
2022-09-24,2873048
2022-09-24,837468
2022-09-24,1999107
2022-09-24,1572961
2022-09-25,2593411
2022-09-25,574240
2022-09-26,1255511
2022-09-26,814575
2022-09-26,796041
2022-09-26,1214443
2022-09-26,1400074
2022-09-27,1944502
2022-09-27,908068
2022-09-27,1552283
2022-09-27,644352
2022-09-27,1632022
2022-09-27,1369878
2022-09-27,855070
2022-09-27,1779665
2022-09-27,1326743
2022-09-28,3994554
2022-09-28,1229249
2022-09-28,610586
2022-09-28,505624
2022-09-28,1587250
2022-09-28,4285222
2022-09-28,448533
2022-09-28,480699
2022-09-28,1292786
2022-09-29,1380042
2022-09-29,456036
2022-09-29,635620
2022-09-29,898320
2022-09-29,1523326
2022-09-29,899165
2022-09-29,1143073
2022-09-29,1012406
2022-09-29,3292172
2022-09-29,1367055
2022-09-29,2967713
2022-09-29,1115554
2022-09-30,2119057
2022-09-30,1116114
2022-09-30,1117214
2022-09-30,1448025
2022-09-30,1168840
2022-09-30,8451017
2022-09-30,1502833
2022-09-30,2254766
2022-09-30,1566093
2022-09-30,1348710
2022-09-30,1436302
2022-10-01,8289252
2022-10-01,1457011
2022-10-01,669173
2022-10-01,3202297
2022-10-01,487570
2022-10-01,1663127
2022-10-01,881178
2022-10-01,1643191
2022-10-01,2730960
2022-10-02,1643450
2022-10-02,5744710
2022-10-02,577559
2022-10-02,640144
2022-10-02,693817
2022-10-02,717749
2022-10-02,957102
2022-10-02,1359555
2022-10-03,6849588
2022-10-03,5566105
2022-10-03,1984334
2022-10-03,717673
2022-10-03,5534349
2022-10-03,1666022
2022-10-03,3381869
2022-10-03,1457636
2022-10-03,2605547
2022-10-03,1641516
2022-10-03,547756
2022-10-04,2354999
2022-10-04,674065
2022-10-04,1705329
2022-10-04,2611992
2022-10-04,4241176
2022-10-04,750151
2022-10-04,500342
2022-10-04,2106734
2022-10-04,1330774
2022-10-04,814076
2022-10-05,4726302
2022-10-05,908214
2022-10-05,984951
2022-10-05,443796
2022-10-05,1402909
2022-10-05,466987
2022-10-05,1848551
2022-10-06,2862853
2022-10-06,2399626
2022-10-06,1384271
2022-10-06,656439
2022-10-06,611198
2022-10-06,853833
2022-10-06,1731740
2022-10-06,2317224
2022-10-06,1381211
2022-10-07,2145579
2022-10-07,950870
2022-10-07,3955109
2022-10-07,2418058
2022-10-07,617034
2022-10-08,2068630
2022-10-08,1458307
2022-10-08,2553973
2022-10-08,935404
2022-10-08,1571021
2022-10-08,1036319
2022-10-09,528311
2022-10-09,1504072
2022-10-09,1000527
2022-10-09,2083103
2022-10-09,4236352
2022-10-10,2709747
2022-10-10,1505789
2022-10-10,1294534
2022-10-10,1584434
2022-10-10,1808067
2022-10-10,1373507
2022-10-10,2097940
2022-10-11,2062819
2022-10-11,4693857
2022-10-11,2019535
2022-10-11,4455365
2022-10-11,1092998
2022-10-11,961972
2022-10-11,1079451
2022-10-11,1949633
2022-10-12,1391181
2022-10-12,2282736
2022-10-12,988639
2022-10-12,940857
2022-10-12,782250
2022-10-12,947153
2022-10-12,561413
2022-10-12,3064950
2022-10-12,642002
2022-10-13,1221655
2022-10-13,1591497
2022-10-13,2017860
2022-10-13,736758
2022-10-14,673015
2022-10-14,601270
2022-10-14,518175
2022-10-14,573221
2022-10-14,842403
2022-10-14,5618171
2022-10-14,1671152
2022-10-14,1593481
2022-10-14,1383664
2022-10-15,486764
2022-10-15,1097858
2022-10-15,4956389
2022-10-15,5464304
2022-10-15,1808505
2022-10-15,794543
2022-10-15,5027838
2022-10-15,587557
2022-10-15,2526806
2022-10-15,724844
2022-10-16,2532781
2022-10-16,1185030
2022-10-16,4120106
2022-10-16,2184630
2022-10-17,4760342
2022-10-17,1564651
2022-10-17,779824
2022-10-17,4814878
2022-10-17,1492337
2022-10-18,732658
2022-10-18,881731
2022-10-18,1397868
2022-10-19,2029103
2022-10-19,792724
2022-10-19,1666014
2022-10-19,1139033
2022-10-19,714474
2022-10-19,979778
2022-10-19,1685271
2022-10-19,5272639
2022-10-19,1375906
2022-10-20,2221418
2022-10-20,835158
2022-10-20,615962
2022-10-20,543609
2022-10-20,1829309
2022-10-20,5638243
2022-10-20,608433
2022-10-20,1615127
2022-10-20,3128031
2022-10-20,2289790
2022-10-21,1429283
2022-10-22,1279184
2022-10-22,3564741
2022-10-22,593422
2022-10-22,700717
2022-10-22,1114166
2022-10-22,1687292
2022-10-22,636367
2022-10-23,5157524
2022-10-23,4560584
2022-10-23,1442473
2022-10-23,1522942
2022-10-24,887235
2022-10-24,6884887
2022-10-24,3399612
2022-10-24,508971
2022-10-24,2271749
2022-10-24,1307098
2022-10-24,1276333
2022-10-24,2298430
2022-10-24,949570
2022-10-25,515104
2022-10-25,2447942
2022-10-25,486375
2022-10-25,1171379
2022-10-25,2861306
2022-10-25,719971
2022-10-26,688500
2022-10-26,805463
2022-10-26,529169
2022-10-26,8609033
2022-10-26,1181240
2022-10-26,3719955
2022-10-26,6255328
2022-10-26,2162381
2022-10-26,8970153
2022-10-27,1355032
2022-10-27,2187493
2022-10-27,1473238
2022-10-27,1351548
2022-10-27,736250
2022-10-27,2544242
2022-10-27,1500146
2022-10-28,780655
2022-10-28,1449387
2022-10-28,560846
2022-10-28,2337109
2022-10-28,4644354
2022-10-28,36870561
2022-10-28,1024327
2022-10-28,11388260
2022-10-28,1188703
2022-10-28,3579645
2022-10-29,1596424
2022-10-29,670243
2022-10-30,1527189
2022-10-30,4035394
2022-10-30,1358209
2022-10-30,1069756
2022-10-30,2804008
2022-10-30,728463
2022-10-30,1935200
2022-10-30,1131021
2022-10-31,1862051
2022-10-31,471947
2022-10-31,2740017
2022-10-31,1700460
2022-10-31,2565257
2022-10-31,757272
2022-10-31,590356
2022-10-31,1406280
2022-10-31,1096280
2022-11-01,1866937
2022-11-01,2718283
2022-11-01,3122357
2022-11-01,1689205
2022-11-02,2038978
2022-11-02,2212280
2022-11-03,1684937
2022-11-03,767936
2022-11-03,1039707
2022-11-03,536630
2022-11-04,718499
2022-11-04,1426284
2022-11-04,1124180
2022-11-04,757813
2022-11-04,2679150
2022-11-04,4129442
2022-11-04,418042
2022-11-04,770305
2022-11-04,7131015
2022-11-05,464708
2022-11-05,1612804
2022-11-05,2489680
2022-11-05,8533257
2022-11-05,424378
2022-11-05,2291998
2022-11-05,1201253
2022-11-06,1086810
2022-11-06,6597443
2022-11-06,6612191
2022-11-07,487512
2022-11-07,1112521
2022-11-08,3636267
2022-11-08,3142582
2022-11-09,2287997
2022-11-09,610322
2022-11-09,1364462
2022-11-09,2474783
2022-11-09,4806473
2022-11-09,739815
2022-11-09,975369
2022-11-10,1194183
2022-11-10,479023
2022-11-10,437701
2022-11-10,1007589
2022-11-10,959360
2022-11-10,427709
2022-11-10,1433840
2022-11-10,1217182
2022-11-11,846913
2022-11-11,626372
2022-11-11,1190711
2022-11-11,4395999
2022-11-12,923818
2022-11-12,2347978
2022-11-12,4098522
2022-11-12,1093145
2022-11-12,1201719
2022-11-12,5603259
2022-11-12,2366741
2022-11-12,5994681
2022-11-12,3029387
2022-11-12,906336
2022-11-12,2837608
2022-11-12,1059241
2022-11-13,3556694
2022-11-13,519931
2022-11-13,2708712
2022-11-13,593238
2022-11-13,1724489
2022-11-13,1332215
2022-11-13,2544162
2022-11-13,1191064
2022-11-14,2866215
2022-11-14,543255
2022-11-14,731964
2022-11-14,618179
2022-11-14,1224452
2022-11-14,432102
2022-11-14,906915
2022-11-14,2854604
2022-11-14,685545
2022-11-15,1914151
2022-11-15,1033389
2022-11-15,1021625
2022-11-15,639110
2022-11-15,3608026
2022-11-15,586429
2022-11-15,7400967
2022-11-16,1231517
2022-11-16,1205767
2022-11-16,2645538
2022-11-16,987997
2022-11-16,2404753
2022-11-16,650254
2022-11-17,1589068
2022-11-17,2133337
2022-11-17,526318
2022-11-17,2661664
2022-11-17,1410661
2022-11-17,1691186
2022-11-18,1379885
2022-11-18,2507061
2022-11-18,673841
2022-11-18,5413671
2022-11-18,3209009
2022-11-18,2213974
2022-11-18,898648
2022-11-19,1909057
2022-11-19,616206
2022-11-19,1502870
2022-11-19,927520
2022-11-19,1672965
2022-11-19,3671082
2022-11-19,895077
2022-11-20,1801259
2022-11-20,1706224
2022-11-20,1925674
2022-11-20,558380
2022-11-20,4302811
2022-11-20,1359006
2022-11-20,1531516
2022-11-20,1237885
2022-11-21,1345858
2022-11-21,6813319
2022-11-21,1053419
2022-11-21,479019
2022-11-21,448347
2022-11-21,2224914
2022-11-21,1337049
2022-11-21,3477760
2022-11-21,4121846
2022-11-21,435537
2022-11-21,1005754
2022-11-21,2402859
2022-11-22,1608059
2022-11-22,420580
2022-11-22,2485093
2022-11-23,3280919
2022-11-23,1026984
2022-11-23,2225796
2022-11-23,1544445
2022-11-23,1315910
2022-11-23,1887696
2022-11-23,749771
2022-11-23,885504
2022-11-24,1500003
2022-11-24,667615
2022-11-24,2291177
2022-11-24,1415391
2022-11-24,2488786
2022-11-24,421470
2022-11-24,744184
2022-11-24,472067
2022-11-25,1475692
2022-11-25,2168951
2022-11-25,936947
2022-11-25,2222739
2022-11-25,1386755
2022-11-25,1158034
2022-11-25,792279
2022-11-25,1943329
2022-11-25,7187491
2022-11-26,586755
2022-11-26,4690753
2022-11-26,3357661
2022-11-26,1278232
2022-11-26,644759
2022-11-26,2663075
2022-11-26,2945329
2022-11-26,1792841
2022-11-26,686700
2022-11-26,501408
2022-11-26,574262
2022-11-27,917737
2022-11-27,1086616
2022-11-27,1224378
2022-11-27,856660
2022-11-27,650283
2022-11-27,1767110
2022-11-27,1232555
2022-11-27,968853
2022-11-27,3308623
2022-11-27,666150
2022-11-28,454610
2022-11-28,8252807
2022-11-28,941315
2022-11-28,650643
2022-11-28,773632
2022-11-29,1412546
2022-11-29,3066670
2022-11-29,1062364
2022-11-29,1330468
2022-11-30,991615
2022-11-30,743308
2022-11-30,934021
2022-11-30,930993
2022-11-30,1030955
2022-11-30,3795895
2022-11-30,1964828
2022-12-01,1356918
2022-12-01,7011642
2022-12-01,635055
2022-12-01,2155238
2022-12-01,939902
2022-12-02,2550386
2022-12-02,2003121
2022-12-02,1529088
2022-12-02,1169770
2022-12-02,779797
2022-12-02,2382116
2022-12-02,704408
2022-12-02,1063230
2022-12-02,4044228
2022-12-03,1417832
2022-12-03,719792
2022-12-03,2274122
2022-12-03,7808206
2022-12-04,5282756
2022-12-04,609224
2022-12-04,930700
2022-12-04,11668005
2022-12-04,841560
2022-12-05,4918180
2022-12-05,922600
2022-12-05,1171019
2022-12-05,435652
2022-12-05,1730335
2022-12-06,478044
2022-12-06,977076
2022-12-07,7425461
2022-12-07,1499828
2022-12-07,7467820
2022-12-07,4616080
2022-12-07,1397409
2022-12-07,694274
2022-12-07,623115
2022-12-07,1321438
2022-12-07,1393261
2022-12-07,3054797
2022-12-08,1326076
2022-12-08,1265960
2022-12-08,549590
2022-12-08,1062135
2022-12-08,775417
2022-12-08,1238167
2022-12-08,1331245
2022-12-08,851797
2022-12-09,1880473
2022-12-09,1514923
2022-12-09,7853046
2022-12-10,3331186
2022-12-10,2953109
2022-12-10,747552
2022-12-10,1013273
2022-12-10,1023209
2022-12-10,577389
2022-12-10,714149
2022-12-10,2202579
2022-12-10,549439
2022-12-11,667201
2022-12-11,2600777
2022-12-11,485354
2022-12-11,825334
2022-12-11,1521005
2022-12-11,1050415
2022-12-11,3593589
2022-12-12,823930
2022-12-12,478869
2022-12-12,2148445
2022-12-12,1014701
2022-12-13,427507
2022-12-13,5240484
2022-12-13,1214698
2022-12-13,743973
2022-12-14,682414
2022-12-14,2162804
2022-12-14,1445180
2022-12-14,3594487
2022-12-14,1872178
2022-12-14,7827724
2022-12-14,2005991
2022-12-14,761905
2022-12-15,2510576
2022-12-15,1595949
2022-12-15,1542692
2022-12-15,682834
2022-12-15,543801
2022-12-15,1088221
2022-12-16,3164888
2022-12-16,1223343
2022-12-16,3973086
2022-12-16,935591
2022-12-16,687384
2022-12-16,720007
2022-12-16,1152968
2022-12-16,439924
2022-12-17,962956
2022-12-17,1093851
2022-12-17,2186028
2022-12-17,1161850
2022-12-18,2607912
2022-12-18,763559
2022-12-18,1209729
2022-12-19,2286161
2022-12-19,2389561
2022-12-19,1234227
2022-12-19,481939
2022-12-19,522381
2022-12-19,1127545
2022-12-20,2163579
2022-12-20,811415
2022-12-20,726508
2022-12-20,1063884
2022-12-20,1789476
2022-12-20,1350769
2022-12-20,4525324
2022-12-21,1233154
2022-12-21,634690
2022-12-21,3422265
2022-12-21,1119823
2022-12-21,1125880
2022-12-22,2014933
2022-12-22,2051489
2022-12-22,752438
2022-12-22,453402
2022-12-22,3496841
2022-12-22,502096
2022-12-22,1410286
2022-12-22,2139627
2022-12-23,1867597
2022-12-23,6157868
2022-12-23,8750785
2022-12-23,1349316
2022-12-23,1051881
2022-12-23,901773
2022-12-23,3817544
2022-12-24,759218
2022-12-24,895204
2022-12-24,742092
2022-12-24,1337126
2022-12-24,992194
2022-12-24,1177342
2022-12-25,943436
2022-12-25,1064998
2022-12-25,787818
2022-12-25,4144236
2022-12-26,6734767
2022-12-26,517763
2022-12-26,1013276
2022-12-27,2545181
2022-12-27,669766
2022-12-27,515438
2022-12-27,1675197
2022-12-27,787863
2022-12-27,966885
2022-12-28,671061
2022-12-28,989994
2022-12-28,3705974
2022-12-28,8455509
2022-12-28,515257
2022-12-28,1145040
2022-12-29,457286
2022-12-29,2658502
2022-12-29,4556796
2022-12-29,4677912
2022-12-29,2353776
2022-12-29,523816
2022-12-30,783451
2022-12-30,523139
2022-12-30,1995528
2022-12-30,3515590
2022-12-30,6188407
2022-12-31,1773402
2022-12-31,692933
2022-12-31,1196341
2022-12-31,1305211
2022-12-31,3665768
2022-12-31,1414183
2022-12-31,2285303
2022-12-31,2059134
2022-12-31,425546
2022-12-31,663194
2023-01-01,629830
2023-01-01,1217517
2023-01-01,2112432
2023-01-01,792695
2023-01-01,862603
2023-01-01,1731763
2023-01-01,3122998
2023-01-01,3156997
2023-01-02,726889
2023-01-03,1520255
2023-01-03,2492089
2023-01-03,2831480
2023-01-03,464262
2023-01-04,1949837
2023-01-04,2351341
2023-01-04,501959
2023-01-04,2280175
2023-01-04,466963
2023-01-05,567957
2023-01-05,972961
2023-01-05,3994491
2023-01-05,3038985
2023-01-05,1767765
2023-01-05,1302151
2023-01-05,1195098
2023-01-06,5872788
2023-01-06,1327724
2023-01-06,727204
2023-01-06,5784039
2023-01-06,9110655
2023-01-07,1730579
2023-01-07,866023
2023-01-07,4668062
2023-01-07,1860212
2023-01-07,1515110
2023-01-07,3219086
2023-01-07,2088191
2023-01-07,523200
2023-01-07,2010595
2023-01-07,1162613
2023-01-08,3119654
2023-01-08,834175
2023-01-08,1178010
2023-01-08,463161
2023-01-08,956306
2023-01-08,595290
2023-01-08,7592745
2023-01-08,434327
2023-01-08,1401661
2023-01-08,878719
2023-01-09,1993714
2023-01-09,461213
2023-01-09,837939
2023-01-09,5498412
2023-01-09,488800
2023-01-09,669026
2023-01-10,5087317
2023-01-10,1392126
2023-01-10,894233
2023-01-10,953897
2023-01-10,2237004
2023-01-10,1557602
2023-01-10,1960116
2023-01-10,2611092
2023-01-11,1871709
2023-01-11,1280242
2023-01-11,1936478
2023-01-11,1458566
2023-01-11,926962
2023-01-12,1237759
2023-01-12,1132061
2023-01-12,1520041
2023-01-12,594717
2023-01-12,1542547
2023-01-12,1161504
2023-01-12,2710761
2023-01-13,1126945
2023-01-13,714724
2023-01-13,1452330
2023-01-13,1974551
2023-01-13,730774
2023-01-13,1341738
2023-01-14,3749923
2023-01-14,865141
2023-01-14,1461719
2023-01-14,600182
2023-01-14,1770468
2023-01-14,1456160
2023-01-14,2422302
2023-01-14,5863394
2023-01-14,910085
2023-01-15,2808906
2023-01-15,1115137
2023-01-15,3361413
2023-01-15,2550397
2023-01-15,1141293
2023-01-16,8756483
2023-01-16,1863790
2023-01-16,5263700
2023-01-16,2904999
2023-01-16,5040182
2023-01-16,1181283
2023-01-16,2879994
2023-01-17,1196627
2023-01-17,536807
2023-01-17,1460285
2023-01-17,1417602
2023-01-17,3858990
2023-01-17,481962
2023-01-17,4772075
2023-01-18,2332303
2023-01-18,2208072
2023-01-18,3763610
2023-01-18,950864
2023-01-18,589187
2023-01-18,607920
2023-01-18,2073659
2023-01-19,1794984
2023-01-19,872111
2023-01-19,614630
2023-01-19,716987
2023-01-19,668179
2023-01-19,691084
2023-01-19,494466
2023-01-20,507479
2023-01-20,3459421
2023-01-20,1069708
2023-01-20,1783089
2023-01-20,3089102
2023-01-21,462439
2023-01-21,1358025
2023-01-21,1402271
2023-01-21,4725794
2023-01-21,922705
2023-01-21,1599719
2023-01-21,1497907
2023-01-21,2680142
2023-01-21,427762
2023-01-22,2787089
2023-01-22,1329025
2023-01-22,460318
2023-01-22,3364121
2023-01-22,991411
2023-01-22,2279152
2023-01-22,623745
2023-01-22,2285811
2023-01-23,1837609
2023-01-24,488156
2023-01-24,1033513
2023-01-24,479957
2023-01-24,964973
2023-01-24,8889115
2023-01-24,532971
2023-01-24,914541
2023-01-24,850610
2023-01-25,1000555
2023-01-25,446182
2023-01-25,923917
2023-01-25,978777
2023-01-25,1134856
2023-01-25,550376
2023-01-25,508136
2023-01-26,1009411
2023-01-26,506652
2023-01-26,3245767
2023-01-26,1998318
2023-01-26,440090
2023-01-26,894666
2023-01-26,1557912
2023-01-26,1689440
2023-01-27,1948153
2023-01-27,885376
2023-01-27,1708187
2023-01-27,2364110
2023-01-27,658236
2023-01-27,711778
2023-01-27,1270931
2023-01-28,2913847
2023-01-28,1427684
2023-01-28,978376
2023-01-28,7580924
2023-01-28,576785
2023-01-29,1096710
2023-01-29,1256916
2023-01-29,646454
2023-01-29,10864144
2023-01-29,857770
2023-01-29,1020044
2023-01-29,646169
2023-01-29,1101122
2023-01-30,1035322
2023-01-30,1227724
2023-01-30,660448
2023-01-30,3496945
2023-01-30,741369
2023-01-31,465475
2023-01-31,467077
2023-01-31,1453523
2023-01-31,608168
2023-01-31,6617733
2023-01-31,1334540
2023-01-31,431406
2023-02-01,687217
2023-02-01,566869
2023-02-01,894229
2023-02-01,970908
2023-02-01,1591658
2023-02-01,754440
2023-02-01,1263646
2023-02-02,1146675
2023-02-02,1162925
2023-02-02,444684
2023-02-02,2269854
2023-02-02,488119
2023-02-02,1659347
2023-02-02,1537103
2023-02-02,423454
2023-02-02,2094237
2023-02-02,566514
2023-02-02,1664111
2023-02-02,1690570
2023-02-03,1693271
2023-02-03,912680
2023-02-03,653701
2023-02-03,920527
2023-02-03,625350
2023-02-03,1905211
2023-02-03,5404235
2023-02-03,1214034
2023-02-03,489081
2023-02-03,1944493
2023-02-03,432834
2023-02-04,2058314
2023-02-04,1261456
2023-02-04,7119588
2023-02-04,6053146
2023-02-04,1024191
2023-02-04,727432
2023-02-04,4530760
2023-02-05,1280774
2023-02-05,501028
2023-02-05,524944
2023-02-05,3574279
2023-02-05,1092809
2023-02-05,1149980
2023-02-05,3453541
2023-02-05,4509923
2023-02-05,3144344
2023-02-07,1688862
2023-02-07,701640
2023-02-08,645077
2023-02-08,1409425
2023-02-08,712012
2023-02-08,437652
2023-02-08,1408893
2023-02-08,1560014
2023-02-08,2206968
2023-02-09,1900318
2023-02-09,768630
2023-02-09,4809762
2023-02-09,2013048
2023-02-09,3166544
2023-02-10,622005
2023-02-10,701897
2023-02-10,1293114
2023-02-10,1035734
2023-02-10,1693998
2023-02-10,476472
2023-02-11,759926
2023-02-11,675694
2023-02-11,467492
2023-02-12,492212
2023-02-12,1118217
2023-02-12,1314642
2023-02-12,3162304
2023-02-12,746969
2023-02-12,3103627
2023-02-12,2874875
2023-02-13,11573696
2023-02-13,815960
2023-02-13,1419798
2023-02-14,5679852
2023-02-14,3749890
2023-02-14,808940
2023-02-14,1112961
2023-02-14,1230258
2023-02-16,735820
2023-02-16,4153334
2023-02-16,2577203
2023-02-16,4644672
2023-02-16,1179000
2023-02-16,902011
2023-02-17,2120604
2023-02-17,928280
2023-02-18,1860572
2023-02-18,1886749
2023-02-18,465262
2023-02-18,496146
2023-02-18,1072408
2023-02-18,928900
2023-02-18,1221962
2023-02-19,849693
2023-02-19,1401345
2023-02-19,1371367
2023-02-19,4497144
2023-02-19,623806
2023-02-19,5112557
2023-02-20,2384181
2023-02-20,1051695
2023-02-21,464537
2023-02-21,433346
2023-02-21,612640
2023-02-21,2927413
2023-02-21,6185177
2023-02-21,3648841
2023-02-22,942599
2023-02-22,5796801
2023-02-22,1696574
2023-02-23,4339056
2023-02-23,1522645
2023-02-23,1643521
2023-02-23,1287823
2023-02-23,502660
2023-02-23,737350
2023-02-23,4521747
2023-02-24,601606
2023-02-24,1079391
2023-02-24,2166419
2023-02-24,777939
2023-02-25,2109013
2023-02-25,1361405
2023-02-26,422383
2023-02-26,875657
2023-02-26,611926
2023-02-27,1265627
2023-02-28,753518
2023-02-28,565849
2023-03-01,1234708
2023-03-01,516227
2023-03-01,1165099
2023-03-01,1821653
2023-03-02,1642710
2023-03-02,1458768
2023-03-02,469724
2023-03-02,2461556
2023-03-03,543643
2023-03-03,3745731
2023-03-03,977808
2023-03-03,7769141
2023-03-03,683310
2023-03-03,419267
2023-03-03,5003126
2023-03-03,1133035
2023-03-04,1398810
2023-03-04,2745857
2023-03-04,622767
2023-03-04,1732378
2023-03-04,677384
2023-03-05,562325
2023-03-05,502881
2023-03-05,671674
2023-03-05,1885250
2023-03-05,1269256
2023-03-06,2997122
2023-03-06,8437708
2023-03-06,2650063
2023-03-07,475522
2023-03-07,494462
2023-03-07,1131115
2023-03-07,1770444
2023-03-07,1164603
2023-03-08,638516
2023-03-08,1896064
2023-03-08,753422
2023-03-08,871912
2023-03-08,609393
2023-03-09,4707408
2023-03-09,1350278
2023-03-09,1060552
2023-03-09,794189
2023-03-09,1177121
2023-03-09,1962221
2023-03-10,942577
2023-03-10,741389
2023-03-10,1063351
2023-03-11,1818232
2023-03-11,1145859
2023-03-11,1490914
2023-03-11,491092
2023-03-11,7198370
2023-03-11,1099731
2023-03-11,481327
2023-03-12,1061531
2023-03-12,858938
2023-03-12,762001
2023-03-12,448800
2023-03-12,647824
2023-03-12,463659
2023-03-12,964280
2023-03-13,2305005
2023-03-13,803511
2023-03-13,624814
2023-03-13,892905
2023-03-14,1576300
2023-03-14,689325
2023-03-14,1662954
2023-03-14,914912
2023-03-15,1759028
2023-03-15,1356724
2023-03-15,1359457
2023-03-15,995740
2023-03-15,692218
2023-03-16,1296050
2023-03-16,1121364
2023-03-16,679982
2023-03-16,418999
2023-03-16,4673023
2023-03-17,760305
2023-03-17,420806
2023-03-17,2395266
2023-03-17,698709
2023-03-18,477905
2023-03-18,3288857
2023-03-18,4194014
2023-03-18,617047
2023-03-18,1892257
2023-03-19,1231935
2023-03-19,746940
2023-03-19,9882527
2023-03-19,1298542
2023-03-19,2051106
2023-03-21,1724907
2023-03-21,433754
2023-03-22,2119877
2023-03-23,599892
2023-03-23,1907757
2023-03-23,7379799
2023-03-23,1531323
2023-03-24,2302098
2023-03-25,3249524
2023-03-25,924576
2023-03-25,529088
2023-03-26,2529205
2023-03-26,921481
2023-03-26,824229
2023-03-26,1718103
2023-03-26,5847700
2023-03-26,514389
2023-03-26,1332056
2023-03-26,1117824
2023-03-27,444165
2023-03-27,1705115
2023-03-28,718353
2023-03-28,3227300
2023-03-29,1004983
2023-03-29,755513
2023-03-29,1942047
2023-03-29,2003863
2023-03-30,2272274
2023-03-31,3005016
2023-03-31,1103120
2023-03-31,643546
2023-04-01,467196
2023-04-01,1057238
2023-04-01,2084420
2023-04-01,2821401
2023-04-01,1364647
2023-04-01,735016
2023-04-01,582047
2023-04-01,2045267
2023-04-01,846608
2023-04-02,1583022
2023-04-02,938081
2023-04-02,2540507
2023-04-02,960837
2023-04-02,1281585
2023-04-03,2801039
2023-04-04,1564353
2023-04-04,579096
2023-04-05,655666
2023-04-05,2026858
2023-04-05,2466726
2023-04-06,1146231
2023-04-06,2228015
2023-04-07,1622214
2023-04-07,3179337
2023-04-07,2242917
2023-04-07,1320115
2023-04-08,1091872
2023-04-08,2067879
2023-04-08,3123889
2023-04-09,699682
2023-04-09,1991777
2023-04-09,530908
2023-04-10,675501
2023-04-10,524613
2023-04-11,467468
2023-04-11,1381062
2023-04-11,2186860
2023-04-11,578435
2023-04-11,1822979
2023-04-12,612581
2023-04-12,2934574
2023-04-12,1865609
2023-04-12,1458659
2023-04-12,4061374
2023-04-13,1083117
2023-04-14,543075
2023-04-14,1189525
2023-04-14,688318
2023-04-14,1159638
2023-04-14,3681220
2023-04-14,1780257
2023-04-15,687026
2023-04-15,1608107
2023-04-15,2303281
2023-04-16,1421868
2023-04-16,444418
2023-04-16,1197382
2023-04-16,1357389
2023-04-17,7952316
2023-04-17,2789309
2023-04-17,431055
2023-04-17,1161202
2023-04-18,676271
2023-04-18,1927392
2023-04-18,615459
2023-04-19,685709
2023-04-19,785557
2023-04-19,942357
2023-04-19,742879
2023-04-19,491373
2023-04-19,1092503
2023-04-19,697721
2023-04-20,11246361
2023-04-20,466674
2023-04-20,501829
2023-04-20,2120369
2023-04-20,438426
2023-04-20,772103
2023-04-21,1909456
2023-04-21,2558114
2023-04-21,2460306
2023-04-21,1559911
2023-04-21,3421550
2023-04-21,3903511
2023-04-21,632850
2023-04-21,2962141
2023-04-21,1992922
2023-04-22,507594
2023-04-22,3341961
2023-04-22,664612
2023-04-22,1587170
2023-04-22,1629501
2023-04-23,424734
2023-04-23,1449272
2023-04-23,756869
2023-04-24,3597111
2023-04-24,1187751
2023-04-24,2223276
2023-04-25,501183
2023-04-25,3206722
2023-04-25,3264424
2023-04-25,649565
2023-04-25,575249
2023-04-25,1371877
2023-04-25,2714899
2023-04-25,975732
2023-04-25,2071347
2023-04-26,1434769
2023-04-27,2199202
2023-04-27,3232291
2023-04-28,1766830
2023-04-28,560197
2023-04-28,502411
2023-04-28,452040
2023-04-28,736461
2023-04-28,951497
2023-04-28,1742245
2023-04-28,2067179
2023-04-28,598054
2023-04-28,1330827
2023-04-29,476300
2023-04-29,3490188
2023-04-29,448596
2023-04-29,3448652
2023-04-29,1463935
2023-04-29,713241
2023-04-29,1780971
2023-04-29,1314978
2023-04-30,2675219
2023-04-30,968296
2023-04-30,2189714
2023-04-30,853008
2023-04-30,11699030
2023-04-30,2492274
2023-04-30,3828334
2023-04-30,1056768
2023-04-30,910914
2023-04-30,1365440
2023-05-01,924527
2023-05-01,520114
2023-05-01,597352
2023-05-01,1501325
2023-05-01,898486
2023-05-01,886580
2023-05-01,597521
2023-05-01,1089270
2023-05-01,1024903
2023-05-01,2668010
2023-05-02,2532712
2023-05-02,2315958
2023-05-02,4593902
2023-05-02,768473
2023-05-02,614497
2023-05-03,1513983
2023-05-03,1903068
2023-05-03,525895
2023-05-04,667824
2023-05-04,630642
2023-05-04,1839810
2023-05-04,3027696
2023-05-05,750495
2023-05-05,861231
2023-05-05,1797547
2023-05-05,639770
2023-05-05,1054473
2023-05-05,1251660
2023-05-06,464702
2023-05-06,2384992
2023-05-07,710269
2023-05-07,897674
2023-05-07,2734163
2023-05-07,1650400
2023-05-08,593061
2023-05-08,1594654
2023-05-08,496685
2023-05-08,575491
2023-05-09,1907190
2023-05-09,824417
2023-05-09,492530
2023-05-09,2419496
2023-05-09,1066043
2023-05-09,3804776
2023-05-09,1639068
2023-05-10,2658644
2023-05-10,2059958
2023-05-10,535233
2023-05-10,969269
2023-05-10,1670710
2023-05-11,1989316
2023-05-11,3135419
2023-05-11,792221
2023-05-11,1006789
2023-05-11,668314
2023-05-11,1668263
2023-05-12,891908
2023-05-12,978782
2023-05-12,800179
2023-05-12,1270860
2023-05-12,2629573
2023-05-13,499025
2023-05-13,702756
2023-05-13,655105
2023-05-13,2591416
2023-05-13,6030265
2023-05-14,802725
2023-05-14,515659
2023-05-15,1027744
2023-05-15,1007776
2023-05-15,1472486
2023-05-16,3117059
2023-05-17,2318707
2023-05-17,1260702
2023-05-17,561626
2023-05-17,1128678
2023-05-17,533146
2023-05-17,420805
2023-05-17,1082994
2023-05-17,1026906
2023-05-18,1254345
2023-05-18,775550
2023-05-18,1029635
2023-05-19,420199
2023-05-19,623449
2023-05-19,3457939
2023-05-19,2507170
2023-05-19,6274534
2023-05-19,3443318
2023-05-19,1268653
2023-05-19,903575
2023-05-19,916268
2023-05-19,686076
2023-05-19,446260
2023-05-20,1648237
2023-05-20,1034632
2023-05-20,419363
2023-05-20,787533
2023-05-20,559204
2023-05-21,899786
2023-05-21,1267196
2023-05-21,973036
2023-05-21,1173135
2023-05-21,482695
2023-05-22,2235133
2023-05-23,876349
2023-05-23,945006
2023-05-23,876346
2023-05-23,3404512
2023-05-24,6755164
2023-05-24,8844288
2023-05-25,544581
2023-05-26,1186777
2023-05-27,3843345
2023-05-27,598853
2023-05-27,1377452
2023-05-27,1102761
2023-05-28,900262
2023-05-28,2272676
2023-05-28,3201820
2023-05-30,594455
2023-05-30,4347345
2023-05-31,4975173
2023-06-01,915526
2023-06-01,1401026
2023-06-01,1170113
2023-06-01,676711
2023-06-01,5345917
2023-06-01,1232925
2023-06-02,6166452
2023-06-02,795212
2023-06-02,825031
2023-06-02,692808
2023-06-02,1627465
2023-06-02,1491818
2023-06-03,2598530
2023-06-03,1313259
2023-06-03,622370
2023-06-03,2799304
2023-06-04,615079
2023-06-04,500924
2023-06-05,2662227
2023-06-05,1886869
2023-06-05,817580
2023-06-05,912168
2023-06-05,554594
2023-06-05,598072
2023-06-06,6220765
2023-06-06,1108864
2023-06-06,819354
2023-06-06,3986540
2023-06-06,1915627
2023-06-06,1621475
2023-06-06,2675317
2023-06-07,4790399
2023-06-07,603767
2023-06-07,1682698
2023-06-07,649719
2023-06-08,1493719
2023-06-08,918120
2023-06-08,3249192
2023-06-08,1312282
2023-06-08,932315
2023-06-09,1130976
2023-06-09,1096584
2023-06-09,632348
2023-06-09,475787
2023-06-09,781856
2023-06-10,1395126
2023-06-10,1290821
2023-06-10,2093535
2023-06-10,427377
2023-06-10,1165005
2023-06-10,1529073
2023-06-11,2127244
2023-06-11,1199629
2023-06-11,1390482
2023-06-12,570711
2023-06-13,783067
2023-06-13,2815541
2023-06-14,2624541
2023-06-14,694683
2023-06-14,422045
2023-06-15,1271844
2023-06-15,895662
2023-06-15,483941
2023-06-15,1693287
2023-06-15,646883
2023-06-16,4720363
2023-06-16,1854086
2023-06-16,2311294
2023-06-16,2682238
2023-06-16,1398578
2023-06-16,642855
2023-06-17,1266510
2023-06-17,1061079
2023-06-17,6293990
2023-06-17,773406
2023-06-17,1079204
2023-06-18,1791198
2023-06-18,1001323
2023-06-18,1173124
2023-06-18,11326357
2023-06-18,607017
2023-06-19,659387
2023-06-19,601853
2023-06-19,556443
2023-06-19,5139243
2023-06-20,427983
2023-06-20,3836829
2023-06-20,762024
2023-06-20,1304716
2023-06-20,3710303
2023-06-21,1158536
2023-06-21,858058
2023-06-21,3610986
2023-06-22,716892
2023-06-22,3728991
2023-06-22,621319
2023-06-22,1002832
2023-06-23,923784
2023-06-24,1042516
2023-06-24,1563609
2023-06-25,2750544
2023-06-25,1146087
2023-06-26,3174137
2023-06-26,1753171
2023-06-26,678485
2023-06-26,1769806
2023-06-26,1191693
2023-06-26,3004319
2023-06-26,2506820
2023-06-26,2985475
2023-06-26,1825331
2023-06-26,750155
2023-06-26,1727221
2023-06-26,3576469
2023-06-27,2960827
2023-06-27,947019
2023-06-27,580450
2023-06-27,922454
2023-06-27,714473
2023-06-27,655727
2023-06-27,1178720
2023-06-27,1208915
2023-06-27,3652815
2023-06-27,1762799
2023-06-27,3518822
2023-06-27,723914
2023-06-28,2118522
2023-06-28,1198464
2023-06-28,1634660
2023-06-28,5841930
2023-06-28,1354798
2023-06-28,1434225
2023-06-28,2042980
2023-06-29,1287149
2023-06-29,729602
2023-06-30,598574
2023-06-30,737355
2023-06-30,2189379
2023-06-30,739759
2023-06-30,1730703
2023-06-30,2184250
2023-06-30,2377748
2023-06-30,606534
2023-06-30,2677465
2023-07-01,1865601
2023-07-01,1884379
2023-07-01,704610
2023-07-01,3548318
2023-07-01,523796
2023-07-02,786878
2023-07-02,725799
2023-07-02,698757
2023-07-02,1372249
2023-07-02,4195553
2023-07-02,2273557
2023-07-02,850969
2023-07-03,2209332
2023-07-03,640655
2023-07-03,1009240
2023-07-03,1420844
2023-07-03,1814162
2023-07-03,988202
2023-07-03,870742
2023-07-03,621481
2023-07-03,1899791
2023-07-03,1026363
2023-07-03,1003278
2023-07-04,2645582
2023-07-04,5258913
2023-07-04,433816
2023-07-04,1203819
2023-07-04,479931
2023-07-04,2588179
2023-07-05,624530
2023-07-05,3251296
2023-07-06,1458844
2023-07-06,2150151
2023-07-06,1229857
2023-07-07,1112634
2023-07-07,519066
2023-07-08,1695799
2023-07-08,1025266
2023-07-08,2545865
2023-07-08,936101
2023-07-08,1028697
2023-07-08,569014
2023-07-09,1968502
2023-07-10,1065502
2023-07-11,2478402
2023-07-11,457263
2023-07-11,1182830
2023-07-12,991775
2023-07-12,1730548
2023-07-13,2779016
2023-07-14,458917
2023-07-14,861836
2023-07-14,3485850
2023-07-14,2380257
2023-07-14,978068
2023-07-14,1516798
2023-07-14,450666
2023-07-14,644710
2023-07-14,665658
2023-07-15,788611
2023-07-15,424403
2023-07-15,1532657
2023-07-15,677627
2023-07-15,6187012
2023-07-15,858961
2023-07-15,820611
2023-07-15,5734295
2023-07-16,1699868
2023-07-16,1106996
2023-07-17,594804
2023-07-17,2915874
2023-07-17,1611424
2023-07-17,1265368
2023-07-18,697672
2023-07-18,1269306
2023-07-19,435890
2023-07-19,2154351
2023-07-20,1133326
2023-07-20,1383744
2023-07-20,539845
2023-07-20,629953
2023-07-20,511831
2023-07-21,2539573
2023-07-21,1613963
2023-07-21,538832
2023-07-22,6663013
2023-07-23,1135802
2023-07-23,574868
2023-07-23,2522167
2023-07-24,1009010
2023-07-24,3281060
2023-07-25,4313314
2023-07-25,924083
2023-07-25,842179
2023-07-26,2315175
2023-07-27,542171
2023-07-27,2191777
2023-07-28,486068
2023-07-28,1033327
2023-07-28,1665915
2023-07-28,538684
2023-07-29,1583863
2023-07-29,3146454
2023-07-29,2057856
2023-07-29,856482
2023-07-30,1067537
2023-08-01,4589515
2023-08-01,762573
2023-08-02,963520
2023-08-02,7292324
2023-08-02,3835107
2023-08-02,487604
2023-08-02,947011
2023-08-02,680338
2023-08-03,1181292
2023-08-03,776184
2023-08-03,1293821
2023-08-04,2242736
2023-08-04,964565
2023-08-04,2146257
2023-08-05,615866
2023-08-05,1233009
2023-08-05,1167940
2023-08-05,2256850
2023-08-05,589828
2023-08-05,621706
2023-08-05,566127
2023-08-05,1314902
2023-08-06,613456
2023-08-06,1908062
2023-08-07,581200
2023-08-07,1504054
2023-08-07,2231153
2023-08-08,3461095
2023-08-08,1187430
2023-08-08,1575350
2023-08-08,974417
2023-08-08,3159142
2023-08-08,611701
2023-08-08,605444
2023-08-09,427910
2023-08-09,1369922
2023-08-09,811279
2023-08-10,927012
2023-08-10,2265971
2023-08-10,1278354
2023-08-10,1476585
2023-08-10,1502316
2023-08-11,2013404
2023-08-11,703563
2023-08-11,598963
2023-08-11,1436311
2023-08-11,652476
2023-08-12,1706188
2023-08-12,805657
2023-08-12,2480260
2023-08-13,2090783
2023-08-14,7810382
2023-08-14,505324
2023-08-14,4567121
2023-08-15,675266
2023-08-15,1517980
2023-08-15,6340470
2023-08-17,550124
2023-08-17,761125
2023-08-17,1222209
2023-08-18,643210
2023-08-18,660792
2023-08-18,3272647
2023-08-18,913625
2023-08-18,1646094
2023-08-19,1243483
2023-08-19,3556141
2023-08-19,3524773
2023-08-19,1605387
2023-08-19,805378
2023-08-20,534015
2023-08-20,847392
2023-08-20,1040470
2023-08-20,3766916
2023-08-21,1613190
2023-08-21,871184
2023-08-21,1655178
2023-08-22,1410314
2023-08-22,729096
2023-08-22,628576
2023-08-23,1321822
2023-08-23,1878675
2023-08-24,716271
2023-08-25,443432
2023-08-25,2187919
2023-08-25,616554
2023-08-26,4584482
2023-08-26,1034863
2023-08-26,2392526
2023-08-27,636997
2023-08-27,654498
2023-08-27,1602307
2023-08-28,1666360
2023-08-30,1317552
2023-08-31,701029
2023-09-01,931082
2023-09-02,580540
2023-09-03,856842
2023-09-03,4230218
2023-09-04,2534242
2023-09-04,1000482
2023-09-05,2150030
2023-09-05,1250258
2023-09-06,917133
2023-09-06,1012299
2023-09-06,1796416
2023-09-06,537008
2023-09-07,840515
2023-09-08,662667
2023-09-09,10410737
2023-09-09,782968
2023-09-10,1420944
2023-09-13,1337165
2023-09-13,1746026
2023-09-14,2822866
2023-09-15,1004353
2023-09-19,880467
2023-09-20,951836
2023-09-20,920936
2023-09-21,918525
2023-09-22,1498571
2023-09-22,1008957
2023-09-22,2472745
2023-09-23,1626754
2023-09-23,424249
2023-09-24,1187941
2023-09-24,456558
2023-09-24,1095427
2023-09-24,2312125
2023-09-25,809847
2023-09-25,458806
2023-09-25,464370
2023-09-28,3510774
2023-09-29,1007284
2023-10-01,2483005
2023-10-03,1671564
2023-10-03,959495
2023-10-04,1204211
2023-10-04,691746
2023-10-04,942886
2023-10-06,3620891
2023-10-08,726910
2023-10-11,608130
2023-10-13,1266412
2023-10-13,2047738
2023-10-14,1033912
2023-10-14,1177397
2023-10-16,1932001
2023-10-17,2015567
2023-10-20,1145142
2023-10-20,536238
2023-10-21,1237568
2023-10-23,607255
2023-10-23,602709
2023-10-24,1842966
2023-10-25,692952
2023-10-25,5010039
2023-10-25,3052016
2023-10-25,753259
2023-10-26,1066592
2023-10-29,8288359
2023-10-30,502013
2023-10-30,1198822
2023-10-31,645402
2023-10-31,662258
2023-10-31,822491
2023-11-01,822238
2023-11-02,5003410
2023-11-02,1273703
2023-11-03,4954965
2023-11-05,1729117
2023-11-08,435563
2023-11-09,1103579
2023-11-09,1443497
2023-11-09,829901
2023-11-09,729278
2023-11-10,972965
2023-11-11,1345021
2023-11-12,5983798
2023-11-12,10592991
2023-11-12,665587
2023-11-12,595851
2023-11-13,8573894
2023-11-14,5069959
2023-11-14,606805
2023-11-14,815148
2023-11-14,434318
2023-11-15,1038306
2023-11-16,1128091
2023-11-19,1502083
2023-11-19,1530905
2023-11-21,1065846
2023-11-21,5312570
2023-11-22,940561
2023-11-22,2374895
2023-11-23,1094822
2023-11-24,1188690
2023-11-24,1478097
2023-11-25,2637249
2023-11-25,559308
2023-11-25,693794
2023-11-26,1403229
2023-11-26,494284
2023-11-28,3918580
2023-11-28,606668
2023-11-30,2976623
2023-12-01,1175130
2023-12-01,1406270
2023-12-01,969205
2023-12-02,673417
2023-12-03,659919
2023-12-04,695419
2023-12-04,764442
2023-12-04,1095736
2023-12-04,1185320
2023-12-06,4537898
2023-12-07,697864
2023-12-07,961233
2023-12-07,3173654
2023-12-08,493642
2023-12-08,2355817
2023-12-09,431886
2023-12-09,481419
2023-12-10,2187826
2023-12-11,1022630
2023-12-14,4636683
2023-12-15,861513
2023-12-16,1441376
2023-12-16,658974
2023-12-16,589447
2023-12-17,604563
2023-12-18,3441752
2023-12-19,1160177
2023-12-19,1328706
2023-12-19,1035357
2023-12-20,762118
2023-12-20,1668625
2023-12-20,2720572
2023-12-21,541953
2023-12-21,611159
2023-12-22,6264505
2023-12-22,1234864
2023-12-22,639919
2023-12-22,1353442
2023-12-22,1751796
2023-12-22,1458998
2023-12-23,2022364
2023-12-23,510551
2023-12-24,2157368
2023-12-24,1847356
2023-12-25,495957
2023-12-25,2700473
2023-12-26,892769
2023-12-26,1154150
2023-12-26,787839
2023-12-27,1006786
2023-12-27,631107
2023-12-28,658555
2023-12-28,477062
2023-12-28,1035925
2023-12-28,1017221
2023-12-29,1286976
2023-12-29,917814
2023-12-29,570622
2023-12-30,677995
2023-12-30,1123595
2023-12-30,1295721
2023-12-30,2304306
2023-12-31,6782715
2023-12-31,2189880
2024-01-01,2073856
2024-01-01,6582143
2024-01-02,1064659
2024-01-04,693312
2024-01-04,1845129
2024-01-05,1166445
2024-01-05,451088
2024-01-06,2008435
2024-01-07,429455
2024-01-08,2494907
2024-01-08,1036311
2024-01-09,5232692
2024-01-09,545701
2024-01-09,848303
2024-01-09,1052958
2024-01-09,1121451
2024-01-10,564344
2024-01-10,782727
2024-01-11,500451
2024-01-11,847530
2024-01-11,586893
2024-01-12,962102
2024-01-12,1167335
2024-01-12,2070797
2024-01-12,1171997
2024-01-12,1372466
2024-01-12,1967069
2024-01-12,629692
2024-01-13,460664
2024-01-13,1021890
2024-01-13,1203722
2024-01-13,1328268
2024-01-14,889179
2024-01-14,1386553
2024-01-14,1789531
2024-01-15,1002674
2024-01-15,432887
2024-01-15,551139
2024-01-16,751469
2024-01-16,709904
2024-01-16,1284189
2024-01-16,1069511
2024-01-16,1638273
2024-01-20,1328440
2024-01-20,559476
2024-01-21,1892678
2024-01-22,444505
2024-01-22,712302
2024-01-23,2064592
2024-01-24,966482
2024-01-24,1457479
2024-01-24,1121772
2024-01-24,2513758
2024-01-25,885457
2024-01-26,1709590
2024-01-26,725717
2024-01-27,1687285
2024-01-28,546329
2024-01-29,1136354
2024-01-30,679593
2024-02-01,2126394
2024-02-01,713809
2024-02-02,900681
2024-02-02,1156084
2024-02-02,2254183
2024-02-03,728546
2024-02-03,1334987
2024-02-04,1778767
2024-02-04,1093936
2024-02-05,1137803
2024-02-06,472213
2024-02-07,631953
2024-02-07,1907039
