pubdate,title,danmaku,arcurl,aid
2016-12-14,-1,19314,-1,-1
2017-09-27,-1,2522,-1,-1
2018-02-08,ã€è”¡å¾å¤ã€‘å·¨è™ç²‰è™å¿ƒè§†é¢‘å ªæ¯”çœ¼è¯æ°´ï¼ç™¾ä¸‡ç²‰ä¸çœ‹å®Œç«Ÿå…¨éƒ¨è½æ³ªï¼,25456,http://www.bilibili.com/video/av19329146,19329146
2018-04-22,-1,3160,-1,-1
2018-05-01,-1,13347,-1,-1
2018-05-10,-1,20461,-1,-1
2018-05-25,-1,1756,-1,-1
2018-05-26,20180526 NinePercent åŒ—äº¬è§é¢ä¼šå…¨åœºè¶…æ¸…å®Œæ•´æ­£é¢å…¨æ™¯åˆé›†,24817,http://www.bilibili.com/video/av23986500,23986500
2018-08-26,-1,22560,-1,-1
2018-11-28,-1,15716,-1,-1
2018-11-29,-1,1165,-1,-1
2018-11-30,-1,846,-1,-1
2018-12-29,-1,156,-1,-1
2019-01-02,ã€ååœºé¢ã€‘2018å¹´ååœºé¢å€™é€‰ï¼Œè·‘è°ƒï¼Œè½¦ç¥¸ï¼Œå¯¹å˜´ï¼Œå‡å”±ï¼Œä»¥åŠæ²™é›•æ—¶åˆ»ï¼Œå‡ºåœºäººç‰©:æ´›å¤©ä¾ï¼Œè–›ä¹‹è°¦ï¼Œæ¨é¢–ï¼Œç‹é¹¤æ££ï¼Œè”¡å¾å¤ï¼Œæ±ªå³°ï¼Œæè£æµ©ï¼Œç«ç®­å°‘å¥³ï¼Œå´è°¨è¨€ï¼Œè®¸å‡¯,29175,http://www.bilibili.com/video/av39746233,39746233
2019-01-26,-1,3898,-1,-1
2019-01-30,-1,7587,-1,-1
2019-02-13,-1,495,-1,-1
2019-02-14,è”¡å¾å¤æ‰“çƒå¾ˆèœï¼Ÿå–·å­ä»¬éƒ½æ¥çœ‹çœ‹å§,34633,http://www.bilibili.com/video/av43514593,43514593
2019-02-16,-1,5380,-1,-1
2019-02-18,-1,11852,-1,-1
2019-02-22,ã€å¤§äº‹ä»¶ã€‘è°¢å¹¿å¤æ‹¿ä¸‹é¡¶çº§æµé‡ï¼Œç†æ€§ikunå±¡å»ºå¥‡åŠŸ æš´èµ°å¤§äº‹ä»¶ç¬¬å…­å­£ 08,102951,http://www.bilibili.com/video/av44388377,44388377
2019-02-24,å–·è”¡å¾å¤çš„ç›´æ¥æ»šè¿›æ¥è¡Œå—ï¼Ÿè¿™æ‰æ˜¯ä»–çœŸæ­£çš„å®åŠ›ï¼ï¼ï¼,34000,http://www.bilibili.com/video/av44589850,44589850
2019-02-26,-1,12853,-1,-1
2019-02-27,ã€å…¬å¼€å¤„åˆ‘ã€‘å¢å§¥çˆ·VSè”¡å¾å¤ç¯®çƒå®åŠ›pk,28472,http://www.bilibili.com/video/av44847662,44847662
2019-03-01,-1,19122,-1,-1
2019-03-03,-1,31,-1,-1
2019-03-07,-1,181,-1,-1
2019-03-08,-1,12379,-1,-1
2019-03-09,-1,12022,-1,-1
2019-03-12,-1,2764,-1,-1
2019-03-16,-1,3481,-1,-1
2019-03-18,-1,7877,-1,-1
2019-03-22,-1,9286,-1,-1
2019-03-23,-1,2275,-1,-1
2019-03-23,-1,868,-1,-1
2019-03-24,-1,663,-1,-1
2019-03-25,-1,6785,-1,-1
2019-03-26,-1,8627,-1,-1
2019-03-26,æ‰‹ç»˜700å¸§ï¼å®Œç¾è¿˜åŸè”¡å¾å¤æ‰“ç¯®çƒï¼é¸¡ä½ å¤ªç¾~,55154,http://www.bilibili.com/video/av47441335,47441335
2019-03-27,-1,4256,-1,-1
2019-03-27,-1,2236,-1,-1
2019-03-28,-1,9170,-1,-1
2019-03-29,-1,6250,-1,-1
2019-03-29,-1,4402,-1,-1
2019-03-29,-1,9282,-1,-1
2019-03-29,-1,7056,-1,-1
2019-03-29,-1,8055,-1,-1
2019-03-30,-1,1836,-1,-1
2019-03-30,-1,1718,-1,-1
2019-03-31,-1,14036,-1,-1
2019-03-31,-1,17313,-1,-1
2019-04-01,-1,4583,-1,-1
2019-04-01,-1,4674,-1,-1
2019-04-02,-1,4294,-1,-1
2019-04-03,-1,1645,-1,-1
2019-04-04,-1,3780,-1,-1
2019-04-04,-1,1208,-1,-1
2019-04-05,-1,2608,-1,-1
2019-04-05,-1,2925,-1,-1
2019-04-05,-1,12358,-1,-1
2019-04-05,-1,10708,-1,-1
2019-04-05,-1,7022,-1,-1
2019-04-05,-1,5062,-1,-1
2019-04-05,-1,10054,-1,-1
2019-04-05,-1,12083,-1,-1
2019-04-06,-1,8912,-1,-1
2019-04-07,-1,5217,-1,-1
2019-04-08,-1,9471,-1,-1
2019-04-08,-1,5000,-1,-1
2019-04-09,-1,2398,-1,-1
2019-04-09,ã€è”¡å¾å¤ã€‘æ”¾è¡ä¸ç¾ç”µéŸ³ä¹‹èˆ,85593,http://www.bilibili.com/video/av48828477,48828477
2019-04-09,-1,15828,-1,-1
2019-04-09,-1,4237,-1,-1
2019-04-09,-1,2781,-1,-1
2019-04-09,-1,4902,-1,-1
2019-04-09,-1,5963,-1,-1
2019-04-11,-1,3631,-1,-1
2019-04-11,-1,6862,-1,-1
2019-04-11,-1,3103,-1,-1
2019-04-11,-1,12932,-1,-1
2019-04-12,-1,16594,-1,-1
2019-04-12,-1,16398,-1,-1
2019-04-12,-1,2012,-1,-1
2019-04-13,-1,11728,-1,-1
2019-04-13,-1,7824,-1,-1
2019-04-13,-1,8542,-1,-1
2019-04-13,-1,4916,-1,-1
2019-04-13,-1,2977,-1,-1
2019-04-13,-1,2670,-1,-1
2019-04-14,-1,12443,-1,-1
2019-04-14,-1,9121,-1,-1
2019-04-14,-1,8315,-1,-1
2019-04-14,-1,3180,-1,-1
2019-04-14,-1,6125,-1,-1
2019-04-14,-1,3086,-1,-1
2019-04-14,-1,6741,-1,-1
2019-04-15,-1,2928,-1,-1
2019-04-15,-1,3395,-1,-1
2019-04-15,-1,200,-1,-1
2019-04-15,-1,15599,-1,-1
2019-04-15,-1,8853,-1,-1
2019-04-15,-1,1092,-1,-1
2019-04-15,é¥­åœˆæŠŠBç«™æ±¡æŸ“æˆä»€ä¹ˆæ ·äº†ï¼Ÿè‡´é‚£äº›ä»¥çˆ±ä¹‹åæ§æ€è‡ªå·±çˆ±è±†çš„é¥­åœˆäººä»¬,189826,http://www.bilibili.com/video/av49432951,49432951
2019-04-16,-1,13481,-1,-1
2019-04-16,ã€é¸¡ä½ å¤ªç¾ã€‘ç‹å¦ƒ,34177,http://www.bilibili.com/video/av49470985,49470985
2019-04-16,-1,5488,-1,-1
2019-04-16,-1,8078,-1,-1
2019-04-16,-1,5928,-1,-1
2019-04-16,-1,555,-1,-1
2019-04-16,-1,2249,-1,-1
2019-04-16,-1,6741,-1,-1
2019-04-17,-1,14872,-1,-1
2019-04-17,-1,2225,-1,-1
2019-04-17,-1,3905,-1,-1
2019-04-17,-1,3084,-1,-1
2019-04-18,-1,2750,-1,-1
2019-04-18,-1,2508,-1,-1
2019-04-18,-1,6111,-1,-1
2019-04-18,-1,4788,-1,-1
2019-04-18,-1,5939,-1,-1
2019-04-19,-1,8102,-1,-1
2019-04-19,-1,6110,-1,-1
2019-04-19,-1,5531,-1,-1
2019-04-20,-1,7157,-1,-1
2019-04-20,ã€ç‰¹æ•ˆå‘ã€‘è”¡å¾å¤VSå…¨æ˜æ˜Ÿ,33198,http://www.bilibili.com/video/av49868991,49868991
2019-04-20,-1,1351,-1,-1
2019-04-20,-1,3356,-1,-1
2019-04-20,-1,18231,-1,-1
2019-04-20,-1,2236,-1,-1
2019-04-22,-1,8701,-1,-1
2019-04-22,-1,1805,-1,-1
2019-04-23,-1,677,-1,-1
2019-04-25,ã€æ¶æã€‘è¿‘æ—¥ï¼Œè­¦æ–¹æŠ“æ•äº†ä¸€åæ¶æå¤å¤çš„upä¸»ã€‚ä¸“å®¶ç§°è¿™æ˜¯ç˜¾ã€‚,31018,http://www.bilibili.com/video/av50425386,50425386
2019-04-25,-1,8376,-1,-1
2019-04-26,-1,12489,-1,-1
2019-04-27,-1,3212,-1,-1
2019-04-28,-1,4112,-1,-1
2019-04-29,-1,11994,-1,-1
2019-04-29,-1,6454,-1,-1
2019-04-30,-1,6523,-1,-1
2019-04-30,-1,2658,-1,-1
2019-04-30,-1,22268,-1,-1
2019-05-01,-1,14789,-1,-1
2019-05-02,ç”·å­å‚åŠ é€‰ç§€æ¨¡ä»¿è”¡å¾é²²æ‰“ç¯®çƒï¼ŒæƒŠå‘†äº†è§‚ä¼—è¯„å§”...,23454,http://www.bilibili.com/video/av51199752,51199752
2019-05-02,-1,8947,-1,-1
2019-05-02,-1,3130,-1,-1
2019-05-03,-1,2794,-1,-1
2019-05-03,-1,4002,-1,-1
2019-05-03,-1,4287,-1,-1
2019-05-03,-1,1570,-1,-1
2019-05-03,-1,8639,-1,-1
2019-05-04,ä½ è¿™é²²é²²å·²ç»ä¼šå‹¾å¼•äººï¼Ÿ,54607,http://www.bilibili.com/video/av51442604,51442604
2019-05-05,ç”¨3000æ ¹ç«æŸ´ç»˜æˆå¤å¤æ‰“ç¯®çƒï¼Œç‚¹ç‡ƒçš„é‚£ä¸€ç¬é—´ï¼Œé¸¡ä½ å¤ªç¾ï¼,52907,http://www.bilibili.com/video/av51570615,51570615
2019-05-05,-1,2168,-1,-1
2019-05-08,åªå› ä½ å¤ªç¾ï¼ˆé¸¡ä½ å¤ªç¾ï¼‰åŸç‰ˆ,24547,http://www.bilibili.com/video/av51818204,51818204
2019-05-09,-1,3921,-1,-1
2019-05-10,å½“è”¡å¾å¤ç©¿è¶Šåˆ°ã€Šæˆ‘çš„ä¸–ç•Œã€‹ç”Ÿå­˜,39671,http://www.bilibili.com/video/av52017564,52017564
2019-05-10,-1,1145,-1,-1
2019-05-10,-1,6655,-1,-1
2019-05-13,-1,7245,-1,-1
2019-05-13,-1,2845,-1,-1
2019-05-13,-1,6815,-1,-1
2019-05-13,-1,3433,-1,-1
2019-05-14,-1,1620,-1,-1
2019-05-15,åˆ å¤œ é²² é“ƒ,70204,http://www.bilibili.com/video/av52530904,52530904
2019-05-18,-1,15059,-1,-1
2019-05-19,-1,8174,-1,-1
2019-05-23,é¬¼ç•œåŒºUPè¢«ikunéª‚åˆ°è‡ªé—­ï¼ˆè¯»ç§ä¿¡ï¼‰,142223,http://www.bilibili.com/video/av53347911,53347911
2019-05-24,-1,1334,-1,-1
2019-05-25,-1,3335,-1,-1
2019-05-25,-1,8715,-1,-1
2019-05-28,-1,483,-1,-1
2019-05-30,-1,2764,-1,-1
2019-05-30,-1,1370,-1,-1
2019-05-31,-1,3643,-1,-1
2019-05-31,-1,1490,-1,-1
2019-06-05,-1,2847,-1,-1
2019-06-06,-1,17297,-1,-1
2019-06-06,-1,7666,-1,-1
2019-06-06,-1,22173,-1,-1
2019-06-07,-1,3114,-1,-1
2019-06-07,-1,7228,-1,-1
2019-06-07,-1,3060,-1,-1
2019-06-08,-1,3460,-1,-1
2019-06-08,-1,1348,-1,-1
2019-06-09,-1,7070,-1,-1
2019-06-10,-1,203,-1,-1
2019-06-14,-1,1193,-1,-1
2019-06-17,-1,3989,-1,-1
2019-06-21,-1,11353,-1,-1
2019-06-21,-1,21068,-1,-1
2019-06-21,-1,119,-1,-1
2019-06-22,-1,3344,-1,-1
2019-06-22,-1,504,-1,-1
2019-06-22,-1,3745,-1,-1
2019-06-23,-1,2149,-1,-1
2019-06-23,-1,16598,-1,-1
2019-06-23,-1,862,-1,-1
2019-06-24,-1,2484,-1,-1
2019-06-24,-1,9356,-1,-1
2019-06-26,-1,4494,-1,-1
2019-06-26,-1,21849,-1,-1
2019-06-29,-1,78,-1,-1
2019-06-29,-1,7806,-1,-1
2019-06-30,-1,4965,-1,-1
2019-06-30,-1,19124,-1,-1
2019-07-01,-1,7692,-1,-1
2019-07-03,-1,4328,-1,-1
2019-07-04,ã€å¢æœ¬ä¼Ÿä¸»æ¼”ã€‘å¤´å·ç©å®¶ï¼ç¬¬ä¸€é›†ï¼šé¢å¯¹é²²é²²çš„æŒ‘æˆ˜ï¼Œå¼€è½¦è¿˜æ˜¯å¼€æ‰Œï¼Ÿ,60423,http://www.bilibili.com/video/av57798444,57798444
2019-07-04,-1,4262,-1,-1
2019-07-05,-1,691,-1,-1
2019-07-05,-1,4178,-1,-1
2019-07-06,æ¡£æ¡ˆè§£å¯†ï¼šä¸ºä»€ä¹ˆè¿™ä¹ˆå¤šäººé»‘è”¡å¾å¤ï¼Ÿ,50084,http://www.bilibili.com/video/av58040265,58040265
2019-07-07,-1,3946,-1,-1
2019-07-08,-1,1683,-1,-1
2019-07-10,-1,18022,-1,-1
2019-07-10,-1,597,-1,-1
2019-07-10,-1,7490,-1,-1
2019-07-11,-1,6723,-1,-1
2019-07-11,-1,3381,-1,-1
2019-07-12,-1,21988,-1,-1
2019-07-13,-1,6374,-1,-1
2019-07-13,-1,3478,-1,-1
2019-07-14,-1,11771,-1,-1
2019-07-14,-1,9618,-1,-1
2019-07-14,-1,9698,-1,-1
2019-07-14,è¿™æ¸¸æˆå±…ç„¶è®©æˆ‘å˜æˆå¤å¤ï¼Ÿï¼,37142,http://www.bilibili.com/video/av59163900,59163900
2019-07-15,bç«™æœ€å…¨ï¼å½“ä½ ç”¨ä¸åŒçš„è½¯ä»¶æ‰“å¼€å¤å¤,32342,http://www.bilibili.com/video/av59336245,59336245
2019-07-15,-1,4402,-1,-1
2019-07-18,å½“å¤å¤è„‘æ®‹ç²‰å…ƒé¦–çœ‹äº†å¤å¤çš„æˆåè§†é¢‘,36593,http://www.bilibili.com/video/av59685462,59685462
2019-07-18,-1,1272,-1,-1
2019-07-20,-1,17703,-1,-1
2019-07-21,-1,6244,-1,-1
2019-07-22,-1,15199,-1,-1
2019-07-22,-1,14611,-1,-1
2019-07-23,è”¡å¾å¤å’Œå‘¨æ°ä¼¦æ¯”ï¼Œä¸»æŒäººéƒ½å¿ä¸ä½äº†,92763,http://www.bilibili.com/video/av60461189,60461189
2019-07-23,-1,1299,-1,-1
2019-07-23,-1,18442,-1,-1
2019-07-24,-1,4594,-1,-1
2019-07-24,-1,20465,-1,-1
2019-07-25,-1,10284,-1,-1
2019-07-25,-1,3288,-1,-1
2019-07-25,-1,8407,-1,-1
2019-07-26,ã€å…¨ç¨‹é«˜èƒ½ã€‘çˆ¶æ¯çœ¼ä¸­çš„è”¡å¾å¤ï¼Œæˆ‘çœ¼ä¸­çš„çš„è”¡å¾å¤ï¼Œikunçœ¼ä¸­çš„è”¡å¾å¤,38755,http://www.bilibili.com/video/av60822016,60822016
2019-07-26,-1,21916,-1,-1
2019-07-27,-1,5258,-1,-1
2019-07-28,-1,5332,-1,-1
2019-07-29,-1,5139,-1,-1
2019-07-29,-1,9070,-1,-1
2019-07-30,-1,14074,-1,-1
2019-07-30,ä¸€å¹´å‰æˆ‘çœ¼ä¸­çš„è”¡å¾å¤ï¼Œç°åœ¨æˆ‘çœ¼ä¸­çš„è”¡å¾å¤ï¼Œè”¡å¾å¤çœ¼ä¸­çš„ç½‘å‹,23858,http://www.bilibili.com/video/av61263538,61263538
2019-07-30,-1,6518,-1,-1
2019-07-31,-1,527,-1,-1
2019-07-31,-1,4276,-1,-1
2019-07-31,-1,16226,-1,-1
2019-08-01,-1,15021,-1,-1
2019-08-02,-1,54,-1,-1
2019-08-02,-1,13009,-1,-1
2019-08-03,ä¸åŒè½¯ä»¶ä¸Šçš„è”¡å¾å¤æœ‰ä¸ä¸€æ ·çš„è¡¨ç° ç”Ÿæ—¥å¿«ä¹å°±å®Œäº‹äº†,35718,http://www.bilibili.com/video/av61975483,61975483
2019-08-03,-1,3584,-1,-1
2019-08-04,-1,1256,-1,-1
2019-08-05,-1,12472,-1,-1
2019-08-06,-1,7487,-1,-1
2019-08-07,-1,1024,-1,-1
2019-08-07,-1,699,-1,-1
2019-08-07,-1,5406,-1,-1
2019-08-08,ä»è”¡å¾å¤äº‹ä»¶ï¼Œäº†è§£è‰ºäººå…¬å¸çš„è¥é”€æ‰‹æ®µã€ç¼„é»˜ä¹‹å£°1ã€‘,86134,http://www.bilibili.com/video/av62800076,62800076
2019-08-08,-1,3986,-1,-1
2019-08-09,-1,7277,-1,-1
2019-08-09,-1,16269,-1,-1
2019-08-09,-1,15153,-1,-1
2019-08-10,-1,19637,-1,-1
2019-08-10,-1,8151,-1,-1
2019-08-10,-1,385,-1,-1
2019-08-12,-1,2792,-1,-1
2019-08-13,-1,7267,-1,-1
2019-08-13,-1,7303,-1,-1
2019-08-15,-1,2036,-1,-1
2019-08-16,-1,6803,-1,-1
2019-08-16,-1,10795,-1,-1
2019-08-16,-1,5432,-1,-1
2019-08-16,ã€å¤§äº‹ä»¶ã€‘å¤å¤é—®é¼æµé‡ç‹åº§ï¼Ÿå¤ä¼¦ä¹‹æˆ˜ä¸€è§¦å³å‘ æš´èµ°å¤§äº‹ä»¶ç¬¬å…­å­£ 30,82233,http://www.bilibili.com/video/av63987224,63987224
2019-08-19,-1,6737,-1,-1
2019-08-21,-1,21262,-1,-1
2019-08-23,-1,12280,-1,-1
2019-08-24,-1,6183,-1,-1
2019-08-24,-1,6982,-1,-1
2019-08-25,-1,14275,-1,-1
2019-08-25,-1,10139,-1,-1
2019-08-26,ã€å…¨æ˜æ˜Ÿã€‘èŠ’ç§,83003,http://www.bilibili.com/video/av65408651,65408651
2019-08-28,ã€è”¡å¾å¤ã€‘èŠ’ç§,105440,http://www.bilibili.com/video/av65790846,65790846
2019-09-01,-1,14662,-1,-1
2019-09-01,-1,3707,-1,-1
2019-09-02,-1,5746,-1,-1
2019-09-03,-1,15847,-1,-1
2019-09-05,-1,14529,-1,-1
2019-09-10,-1,21201,-1,-1
2019-09-12,-1,9641,-1,-1
2019-09-13,ã€å¢æœ¬ä¼Ÿä¸»æ¼”ã€‘å¤´å·ç©å®¶ï¼ç¬¬äºŒé›†ï¼šå¢æœ¬ä¼Ÿèº«é™·ä¹ä¹å…«åä¸€éš¾ï¼Œèƒ½å¦é€šå…³ï¼Ÿ,34655,http://www.bilibili.com/video/av67530671,67530671
2019-09-14,-1,3388,-1,-1
2019-09-16,-1,4017,-1,-1
2019-09-17,-1,51,-1,-1
2019-09-18,-1,19103,-1,-1
2019-09-19,-1,15476,-1,-1
2019-09-20,-1,4030,-1,-1
2019-09-22,-1,8525,-1,-1
2019-09-23,-1,3890,-1,-1
2019-09-30,-1,7809,-1,-1
2019-09-30,-1,17516,-1,-1
2019-10-04,å¯¹ä¸èµ·è”¡å¾å¤ï¼Œæˆ‘ä»¬æ¬ ä½ ä¸€ä¸ªé“æ­‰,168834,http://www.bilibili.com/video/av70040823,70040823
2019-10-04,ã€æç¬‘ä¸§å°¸ç‰‡ã€‘é²²å±±è¡Œï¼ˆChapter 1ï¼šå¯ç¨‹ï¼‰å¢æœ¬ä¼Ÿ&amp;å­™ç¬‘å·é¢†è¡”ä¸»æ¼”,27516,http://www.bilibili.com/video/av69992729,69992729
2019-10-08,-1,2366,-1,-1
2019-10-10,-1,2629,-1,-1
2019-10-12,-1,12573,-1,-1
2019-10-13,å½“é è„¸åƒé¥­çš„æ˜æ˜Ÿè¶Šæ¥è¶Šå¤šï¼Œè¿™æ˜¯æ—¶ä»£çš„æ‚²å“€,23851,http://www.bilibili.com/video/av71071148,71071148
2019-10-23,-1,4861,-1,-1
2019-10-23,è”¡å¾å¤ä¸èµ„æœ¬çš„åšå¼ˆï¼Œé¦–ä¸ªä¸ºè”¡å¾å¤æ­£é€»è¾‘çš„è§†é¢‘ï¼Œã€èµ„æœ¬ä¸æ˜æ˜Ÿ02é›†ã€‘,52062,http://www.bilibili.com/video/av73151051,73151051
2019-10-26,-1,15778,-1,-1
2019-10-28,-1,8326,-1,-1
2019-10-31,-1,3004,-1,-1
2019-11-11,-1,0,-1,-1
2019-11-14,-1,4544,-1,-1
2019-11-14,-1,3781,-1,-1
2019-11-15,-1,4027,-1,-1
2019-11-15,-1,20290,-1,-1
2019-11-15,-1,10024,-1,-1
2019-11-15,-1,11,-1,-1
2019-11-17,-1,2821,-1,-1
2019-11-23,çˆ†ç¬‘åæ§½ç©¶ææ²™é›•å°è¯´ã€Šè”¡å¾å¤ä¸ä¹”ç¢§èã€‹,32707,http://www.bilibili.com/video/av76634525,76634525
2019-11-28,-1,2948,-1,-1
2019-12-03,-1,1642,-1,-1
2019-12-03,-1,202,-1,-1
2019-12-07,-1,8850,-1,-1
2019-12-07,-1,191,-1,-1
2019-12-07,ã€è‹å¡ä¸åˆ—ã€‘2019 è¯¸ ç¥ ä¹‹ æˆ˜,26773,http://www.bilibili.com/video/av78367567,78367567
2019-12-08,-1,2396,-1,-1
2019-12-08,-1,652,-1,-1
2019-12-13,å­¦æ ¡é¢†å¯¼ï¼š???     æ™šä¼šä½ ç»™æˆ‘æ•´è¿™ä¸ªï¼Ÿ,31479,http://www.bilibili.com/video/av79069869,79069869
2019-12-14,-1,5712,-1,-1
2019-12-15,-1,4995,-1,-1
2019-12-15,-1,4293,-1,-1
2019-12-17,-1,5038,-1,-1
2019-12-19,-1,8615,-1,-1
2019-12-21,-1,4062,-1,-1
2019-12-24,-1,9669,-1,-1
2019-12-26,-1,8736,-1,-1
2019-12-27,-1,11273,-1,-1
2019-12-27,-1,16230,-1,-1
2019-12-27,-1,4350,-1,-1
2019-12-29,-1,1545,-1,-1
2019-12-31,-1,3732,-1,-1
2020-01-01,-1,6202,-1,-1
2020-01-01,-1,1888,-1,-1
2020-01-06,-1,4024,-1,-1
2020-01-06,-1,5461,-1,-1
2020-01-07,-1,2699,-1,-1
2020-01-09,-1,6386,-1,-1
2020-01-12,-1,19001,-1,-1
2020-01-16,-1,4248,-1,-1
2020-01-16,-1,21634,-1,-1
2020-01-17,-1,2353,-1,-1
2020-01-17,-1,2789,-1,-1
2020-01-19,-1,7304,-1,-1
2020-01-22,-1,5683,-1,-1
2020-01-23,-1,21919,-1,-1
2020-01-24,-1,3043,-1,-1
2020-01-25,-1,6977,-1,-1
2020-01-28,-1,4288,-1,-1
2020-01-28,-1,12115,-1,-1
2020-01-30,-1,658,-1,-1
2020-02-02,ã€è”¡å¾å¤ã€‘ä»™å‰‘é¸¡ä¾ ä¼ ,112880,http://www.bilibili.com/video/av86208216,86208216
2020-02-02,-1,2600,-1,-1
2020-02-07,-1,15430,-1,-1
2020-02-09,-1,13539,-1,-1
2020-02-11,-1,7170,-1,-1
2020-02-12,-1,6995,-1,-1
2020-02-13,-1,3891,-1,-1
2020-02-14,-1,15007,-1,-1
2020-02-16,-1,13523,-1,-1
2020-02-18,-1,283,-1,-1
2020-02-19,ã€è”¡å¾å¤ã€‘æ›¹æ“,31890,http://www.bilibili.com/video/av89997471,89997471
2020-02-22,-1,14023,-1,-1
2020-02-23,-1,300,-1,-1
2020-02-24,-1,4750,-1,-1
2020-02-25,-1,5992,-1,-1
2020-02-26,-1,2652,-1,-1
2020-02-26,-1,3831,-1,-1
2020-02-26,è¯¸  ç¥  é»„  æ˜ï¼å‰æ–¹æœ‰æ¯’ï¼æ…ç‚¹ï¼,36981,http://www.bilibili.com/video/av91821826,91821826
2020-02-29,-1,19917,-1,-1
2020-03-04,-1,10212,-1,-1
2020-03-05,è‚–æˆ˜ç²‰ä¸æœï¼Ÿæˆ‘ä»¬å¤å¤æ•™ä½ åšäºº,24681,http://www.bilibili.com/video/av93630839,93630839
2020-03-08,-1,2786,-1,-1
2020-03-10,ã€é¬¼ç•œç”µå½±ã€‘ç‹’çƒå´›èµ·,56387,http://www.bilibili.com/video/av95018009,95018009
2020-03-12,-1,10367,-1,-1
2020-03-12,ã€å†°é›ªå¥‡ç¼˜ã€‘æ­¥ å…¥ è¿· æƒ‘,29239,http://www.bilibili.com/video/av95581364,95581364
2020-03-13,-1,8896,-1,-1
2020-03-16,-1,9806,-1,-1
2020-03-17,å½“è”¡å¾å¤å­¦ä¼šè‡ªé»‘ï¼çˆ†ç¬‘åæ§½æ¯”å¾‹å¸ˆå‡½å¥½ç”¨100å€çš„ã€Šé’æ˜¥æœ‰ä½ 2ã€‹ã€å¼€å¿ƒå˜´ç‚®ã€‘,31624,http://www.bilibili.com/video/av97035393,97035393
2020-03-17,-1,17568,-1,-1
2020-03-20,-1,6291,-1,-1
2020-03-23,è™ä¹¦æ¬£ææˆæœ€å¤§èµ¢å®¶ï¼Ÿçˆ†ç¬‘åæ§½å‰§æƒ…ç›´é€¼å¶åƒå‰§çš„ã€Šé’æ˜¥æœ‰ä½ 2ã€‹ï¼ˆç¬¬2æœŸï¼‰ã€å¼€å¿ƒå˜´ç‚®ã€‘,47418,http://www.bilibili.com/video/av98681615,98681615
2020-03-24,-1,1212,-1,-1
2020-03-25,-1,5374,-1,-1
2020-03-26,å»ºè®®æ”¹æˆï¼šä¸­ ç¾ æ—¥ åˆ æ‹,87134,http://www.bilibili.com/video/av99477298,99477298
2020-03-28,ã€è€é‚ªåæ§½ã€‘å´©æºƒçº§RAPï¼é€†å¤©åæ§½å…¨å‘˜è¯—æœ—è¯µçš„ã€Šé’æ˜¥æœ‰ä½ 2ã€‹,41647,http://www.bilibili.com/video/av200051703,200051703
2020-03-30,-1,14365,-1,-1
2020-03-30,-1,19722,-1,-1
2020-03-31,-1,244,-1,-1
2020-03-31,-1,1502,-1,-1
2020-03-31,ã€è€é‚ªåæ§½ã€‘å…¨å‘˜äººè®¾å´©å¡Œï¼é€†å¤©åæ§½ç°å½¢è®°ä¹‹ã€Šé’æ˜¥æœ‰ä½ 2ã€‹,23701,http://www.bilibili.com/video/av327569914,327569914
2020-04-08,ã€ç›˜ç‚¹ã€‘é‚£äº›è¢«è¥é”€å·ç”¨çƒ‚çš„éŸ³ä¹,62020,http://www.bilibili.com/video/av455139254,455139254
2020-04-09,-1,1657,-1,-1
2020-04-12,-1,10428,-1,-1
2020-04-17,-1,8079,-1,-1
2020-04-18,-1,4818,-1,-1
2020-04-19,-1,7634,-1,-1
2020-04-20,-1,1581,-1,-1
2020-04-23,-1,9098,-1,-1
2020-04-30,-1,8872,-1,-1
2020-04-30,-1,19054,-1,-1
2020-05-01,-1,395,-1,-1
2020-05-02,-1,4185,-1,-1
2020-05-04,-1,2841,-1,-1
2020-05-10,-1,291,-1,-1
2020-05-14,-1,9207,-1,-1
2020-05-20,-1,4319,-1,-1
2020-05-20,-1,3015,-1,-1
2020-05-23,-1,1971,-1,-1
2020-05-26,-1,3405,-1,-1
2020-05-27,-1,4577,-1,-1
2020-06-01,ã€æ°´æœˆå©šç¤¼ã€‘ã€é«˜ç”œã€‘ã€å¤§æ©˜å·²å®šã€‘ä¸¤ä¸ªå¥³å­©å­çš„å©šç¤¼,33181,http://www.bilibili.com/video/av328421230,328421230
2020-06-03,å¤±æœ›ï¼ä¸‰è§‚æ‰­æ›²è¿˜æµ‘ç„¶ä¸çŸ¥çš„ã€è·‘ç”·ã€‘ç»ˆäºçŸ¥é“ä¸ºä»€ä¹ˆè¶Šæ¥è¶Šçƒ‚,57887,http://www.bilibili.com/video/av883419653,883419653
2020-06-08,ç”¨100åŒ…è€å›é…¸èœç‰›è‚‰é¢é‡Œçš„é…¸èœç…®é…¸èœé±¼æ˜¯ä»€ä¹ˆä½“éªŒï¼Ÿé‚£é…¸çˆ½ä¸æ•¢ç›¸ä¿¡ã€‚,30537,http://www.bilibili.com/video/av795897477,795897477
2020-06-11,-1,618,-1,-1
2020-06-17,-1,3165,-1,-1
2020-06-24,-1,963,-1,-1
2020-07-02,-1,625,-1,-1
2020-07-15,-1,2605,-1,-1
2020-07-29,-1,20948,-1,-1
2020-08-04,-1,1431,-1,-1
2020-08-07,-1,2876,-1,-1
2020-08-14,-1,2581,-1,-1
2020-08-24,ã€é¬¼ç•œå¤§ç”µå½±ã€‘å†³æˆ˜é¬¼ç•œå²›ï¼ˆ45åˆ†é’Ÿå®Œæ•´ç‰ˆï¼‰,24297,http://www.bilibili.com/video/av841754985,841754985
2020-09-13,-1,541,-1,-1
2020-09-20,-1,2204,-1,-1
2020-09-20,-1,5316,-1,-1
2020-10-01,ã€æç¬‘ä¸§å°¸ç‰‡ã€‘é²²å±±è¡Œï¼ˆ70åˆ†é’Ÿå®Œæ•´ç‰ˆï¼‰ å¢æœ¬ä¼Ÿ&amp;èŒ„å­&amp;å‘¨æ·‘æ€¡ ç­‰é¢†è¡”ä¸»æ¼”,120864,http://www.bilibili.com/video/av927372302,927372302
2020-10-17,-1,997,-1,-1
2020-10-18,-1,1581,-1,-1
2020-10-23,-1,194,-1,-1
2020-11-08,-1,7848,-1,-1
2020-11-13,-1,527,-1,-1
2020-11-15,-1,133,-1,-1
2020-11-30,-1,6426,-1,-1
2020-12-06,-1,7959,-1,-1
2020-12-07,å¤§å®¶æœ€è®¨åŒçš„æ˜æ˜Ÿ ã€æ¯”è¾ƒæ’åã€‘,27155,http://www.bilibili.com/video/av628108232,628108232
2020-12-09,-1,1558,-1,-1
2020-12-15,-1,5254,-1,-1
2020-12-19,-1,7302,-1,-1
2020-12-24,-1,9364,-1,-1
2021-01-05,-1,2807,-1,-1
2021-01-05,-1,60,-1,-1
2021-01-15,-1,1157,-1,-1
2021-01-22,-1,302,-1,-1
2021-01-25,-1,1938,-1,-1
2021-01-27,-1,1485,-1,-1
2021-01-28,-1,14176,-1,-1
2021-01-30,-1,21156,-1,-1
2021-01-30,-1,2789,-1,-1
2021-02-01,-1,4197,-1,-1
2021-02-02,-1,3888,-1,-1
2021-02-06,-1,4732,-1,-1
2021-02-09,-1,7022,-1,-1
2021-02-12,-1,4509,-1,-1
2021-02-15,-1,89,-1,-1
2021-02-16,-1,6864,-1,-1
2021-02-17,-1,444,-1,-1
2021-02-21,-1,19925,-1,-1
2021-02-23,4Kè¶…æ¸… ä¸¥æµ©ç¿” è´ºå³»éœ– Coverã€Šæ˜Ÿçƒå è½ã€‹+ã€Šå±‹é¡¶ç€ç«ã€‹ç­‰ç³»åˆ—åˆä½œ æŒç»­æ›´æ–°ä¸­,24453,http://www.bilibili.com/video/av629257183,629257183
2021-02-27,-1,1089,-1,-1
2021-03-02,-1,2475,-1,-1
2021-03-09,-1,2463,-1,-1
2021-03-10,-1,3325,-1,-1
2021-03-12,-1,2243,-1,-1
2021-03-19,-1,11369,-1,-1
2021-03-24,-1,5939,-1,-1
2021-03-26,-1,149,-1,-1
2021-03-30,-1,22943,-1,-1
2021-04-06,-1,450,-1,-1
2021-04-08,â€œä½ ç«Ÿç„¶ç®¡å®ƒè¿™å«è‡´æ•¬ç»å…¸ï¼Ÿç®€ç›´æ— è¯­ï¼â€,30306,http://www.bilibili.com/video/av714909243,714909243
2021-04-24,-1,2969,-1,-1
2021-05-12,-1,558,-1,-1
2021-05-17,-1,2423,-1,-1
2021-05-23,-1,56,-1,-1
2021-05-25,-1,780,-1,-1
2021-05-30,-1,6498,-1,-1
2021-06-11,å±¡æ¬¡è§¦åŠå›½å®¶åº•çº¿ï¼å¤®åª’å‡ºæ‰‹å°ç¦â€œå¨˜ç‚®â€ç™»å°ï¼Œç¡¬æ±‰å´äº¬æ·±é™·ç½‘æš´é£æ³¢,42657,http://www.bilibili.com/video/av888520186,888520186
2021-06-23,-1,862,-1,-1
2021-06-25,-1,4671,-1,-1
2021-06-26,-1,6731,-1,-1
2021-06-30,-1,1630,-1,-1
2021-07-03,-1,189,-1,-1
2021-07-06,-1,4289,-1,-1
2021-07-15,-1,1141,-1,-1
2021-07-19,-1,417,-1,-1
2021-07-20,-1,7019,-1,-1
2021-07-23,-1,1873,-1,-1
2021-07-23,-1,5134,-1,-1
2021-07-30,-1,444,-1,-1
2021-08-03,-1,163,-1,-1
2021-08-10,é¸¡ ä½  å¤ª è¸Š,45603,http://www.bilibili.com/video/av717173685,717173685
2021-08-10,-1,754,-1,-1
2021-08-12,-1,4731,-1,-1
2021-08-18,-1,101,-1,-1
2021-08-29,-1,1854,-1,-1
2021-08-31,å¬äº†è”¡å¾å¤æ–°æ­Œï¼Œæˆ‘å‚»äº†,36737,http://www.bilibili.com/video/av462639907,462639907
2021-09-02,-1,4168,-1,-1
2021-09-04,-1,933,-1,-1
2021-09-05,-1,9465,-1,-1
2021-09-06,é¥­åœˆçš„æœ«æ—¥ç‹‚æ¬¢ï¼šè´·æ¬¾å‘æ­Œã€å›´æ”»å®˜åª’ã€ç½‘æš´è·¯äººã€7å²æˆå›¢å‡ºé“ï¼Ÿï¼,28219,http://www.bilibili.com/video/av632757881,632757881
2021-09-11,-1,2082,-1,-1
2021-09-20,-1,226,-1,-1
2021-09-20,-1,1381,-1,-1
2021-09-20,-1,907,-1,-1
2021-09-25,-1,1018,-1,-1
2021-10-06,-1,5071,-1,-1
2021-10-13,-1,2621,-1,-1
2021-10-23,-1,224,-1,-1
2021-10-23,-1,312,-1,-1
2021-10-27,-1,118,-1,-1
2021-11-03,-1,24,-1,-1
2021-11-06,-1,201,-1,-1
2021-11-10,-1,886,-1,-1
2021-11-13,-1,732,-1,-1
2021-11-14,-1,38,-1,-1
2021-11-15,-1,1023,-1,-1
2021-11-23,-1,5761,-1,-1
2021-11-24,-1,6184,-1,-1
2021-11-27,-1,4935,-1,-1
2021-12-01,-1,251,-1,-1
2021-12-13,-1,373,-1,-1
2021-12-22,-1,454,-1,-1
2021-12-29,-1,7938,-1,-1
2021-12-31,-1,6201,-1,-1
2022-01-10,-1,390,-1,-1
2022-01-13,-1,225,-1,-1
2022-01-16,-1,678,-1,-1
2022-01-16,-1,4273,-1,-1
2022-01-17,-1,8174,-1,-1
2022-01-19,-1,795,-1,-1
2022-01-20,-1,1527,-1,-1
2022-01-22,-1,363,-1,-1
2022-01-27,-1,107,-1,-1
2022-02-05,-1,3042,-1,-1
2022-02-07,-1,389,-1,-1
2022-02-08,-1,864,-1,-1
2022-02-11,-1,1129,-1,-1
2022-02-17,-1,1924,-1,-1
2022-02-19,-1,305,-1,-1
2022-02-20,-1,529,-1,-1
2022-02-22,-1,11926,-1,-1
2022-02-23,-1,4198,-1,-1
2022-03-02,-1,16,-1,-1
2022-03-02,-1,213,-1,-1
2022-03-03,-1,9100,-1,-1
2022-03-11,-1,5217,-1,-1
2022-03-13,-1,2658,-1,-1
2022-03-19,-1,4510,-1,-1
2022-03-20,-1,1548,-1,-1
2022-03-21,-1,229,-1,-1
2022-03-22,-1,552,-1,-1
2022-03-23,-1,3089,-1,-1
2022-03-24,-1,1158,-1,-1
2022-03-25,-1,6976,-1,-1
2022-03-26,-1,1583,-1,-1
2022-04-05,-1,1206,-1,-1
2022-04-05,-1,67,-1,-1
2022-04-05,-1,1483,-1,-1
2022-04-05,-1,163,-1,-1
2022-04-09,-1,2462,-1,-1
2022-04-09,-1,1,-1,-1
2022-04-10,-1,1795,-1,-1
2022-04-10,-1,317,-1,-1
2022-04-12,-1,1303,-1,-1
2022-04-13,-1,1615,-1,-1
2022-04-13,-1,601,-1,-1
2022-04-13,-1,26,-1,-1
2022-04-14,-1,1011,-1,-1
2022-04-14,-1,2262,-1,-1
2022-04-14,ã€çˆ†ç¬‘ç²‰ä¸æ–‡å­¦å¤§èµã€‘æ˜æ˜Ÿè¯»å®Œï¼Œå³åˆ»èº²è—,32386,http://www.bilibili.com/video/av468205802,468205802
2022-04-16,-1,2062,-1,-1
2022-04-16,-1,92,-1,-1
2022-04-17,ã€è”¡å¾å¤ã€‘âš¡åƒæœ¬é¸¡âš¡,46644,http://www.bilibili.com/video/av640776313,640776313
2022-04-22,-1,871,-1,-1
2022-04-23,-1,808,-1,-1
2022-04-23,-1,690,-1,-1
2022-04-24,-1,272,-1,-1
2022-04-26,-1,1307,-1,-1
2022-04-27,-1,55,-1,-1
2022-04-29,-1,2434,-1,-1
2022-04-29,-1,1655,-1,-1
2022-04-30,-1,352,-1,-1
2022-04-30,-1,615,-1,-1
2022-05-03,-1,810,-1,-1
2022-05-05,-1,251,-1,-1
2022-05-05,-1,181,-1,-1
2022-05-06,-1,8673,-1,-1
2022-05-06,-1,2039,-1,-1
2022-05-06,-1,2248,-1,-1
2022-05-06,-1,213,-1,-1
2022-05-06,-1,300,-1,-1
2022-05-07,-1,542,-1,-1
2022-05-07,-1,4786,-1,-1
2022-05-07,-1,684,-1,-1
2022-05-08,-1,3422,-1,-1
2022-05-09,-1,178,-1,-1
2022-05-10,-1,3099,-1,-1
2022-05-10,-1,2527,-1,-1
2022-05-12,-1,3727,-1,-1
2022-05-12,-1,325,-1,-1
2022-05-14,-1,2656,-1,-1
2022-05-15,-1,257,-1,-1
2022-05-15,-1,1404,-1,-1
2022-05-16,-1,1020,-1,-1
2022-05-16,-1,808,-1,-1
2022-05-17,-1,6777,-1,-1
2022-05-17,-1,712,-1,-1
2022-05-17,-1,754,-1,-1
2022-05-18,-1,610,-1,-1
2022-05-18,-1,257,-1,-1
2022-05-19,-1,574,-1,-1
2022-05-19,-1,200,-1,-1
2022-05-20,-1,10419,-1,-1
2022-05-22,-1,19272,-1,-1
2022-05-22,-1,845,-1,-1
2022-05-23,-1,2472,-1,-1
2022-05-23,-1,402,-1,-1
2022-05-24,-1,8367,-1,-1
2022-05-24,-1,82,-1,-1
2022-05-24,-1,482,-1,-1
2022-05-25,-1,6273,-1,-1
2022-05-25,-1,581,-1,-1
2022-05-26,-1,1185,-1,-1
2022-05-27,-1,1235,-1,-1
2022-05-27,-1,846,-1,-1
2022-05-28,-1,447,-1,-1
2022-05-29,-1,1081,-1,-1
2022-05-29,-1,1732,-1,-1
2022-05-29,-1,706,-1,-1
2022-05-29,-1,95,-1,-1
2022-05-29,-1,2290,-1,-1
2022-05-29,-1,2561,-1,-1
2022-05-30,-1,847,-1,-1
2022-05-30,-1,2473,-1,-1
2022-06-01,-1,2737,-1,-1
2022-06-01,-1,287,-1,-1
2022-06-02,-1,1965,-1,-1
2022-06-03,-1,9650,-1,-1
2022-06-03,-1,269,-1,-1
2022-06-03,-1,675,-1,-1
2022-06-03,-1,601,-1,-1
2022-06-04,-1,233,-1,-1
2022-06-04,-1,430,-1,-1
2022-06-04,-1,1723,-1,-1
2022-06-05,-1,1663,-1,-1
2022-06-05,-1,187,-1,-1
2022-06-06,-1,2145,-1,-1
2022-06-07,-1,971,-1,-1
2022-06-07,-1,179,-1,-1
2022-06-08,-1,581,-1,-1
2022-06-08,-1,1430,-1,-1
2022-06-09,-1,8648,-1,-1
2022-06-09,-1,3745,-1,-1
2022-06-10,-1,2401,-1,-1
2022-06-10,-1,57,-1,-1
2022-06-11,-1,5127,-1,-1
2022-06-11,-1,162,-1,-1
2022-06-11,-1,5640,-1,-1
2022-06-11,-1,579,-1,-1
2022-06-11,-1,1036,-1,-1
2022-06-12,-1,170,-1,-1
2022-06-13,-1,482,-1,-1
2022-06-13,-1,543,-1,-1
2022-06-14,-1,308,-1,-1
2022-06-14,-1,1181,-1,-1
2022-06-14,-1,1340,-1,-1
2022-06-15,-1,1553,-1,-1
2022-06-15,çœŸçš„æ²¡å¿…è¦ä¸€ç›´é»‘ä¸‹å»ï¼Œä»–çœŸçš„å¾ˆä¼˜ç§€ï¼,29355,http://www.bilibili.com/video/av600072609,600072609
2022-06-16,-1,1711,-1,-1
2022-06-16,-1,491,-1,-1
2022-06-16,-1,881,-1,-1
2022-06-16,-1,16078,-1,-1
2022-06-17,-1,2320,-1,-1
2022-06-17,-1,1664,-1,-1
2022-06-17,-1,603,-1,-1
2022-06-17,-1,384,-1,-1
2022-06-17,-1,164,-1,-1
2022-06-17,-1,1295,-1,-1
2022-06-17,-1,1857,-1,-1
2022-06-18,-1,5358,-1,-1
2022-06-18,-1,1212,-1,-1
2022-06-18,-1,170,-1,-1
2022-06-19,-1,688,-1,-1
2022-06-19,-1,409,-1,-1
2022-06-20,-1,807,-1,-1
2022-06-20,-1,1330,-1,-1
2022-06-20,-1,11079,-1,-1
2022-06-21,-1,3035,-1,-1
2022-06-21,-1,413,-1,-1
2022-06-21,-1,484,-1,-1
2022-06-21,-1,99,-1,-1
2022-06-21,-1,1007,-1,-1
2022-06-21,-1,5326,-1,-1
2022-06-21,çº¯ è·¯ äººï¼Œæ²¡ å¿… è¦,26130,http://www.bilibili.com/video/av897675662,897675662
2022-06-22,-1,1159,-1,-1
2022-06-22,-1,1846,-1,-1
2022-06-22,-1,7005,-1,-1
2022-06-22,-1,4162,-1,-1
2022-06-23,-1,1502,-1,-1
2022-06-23,-1,701,-1,-1
2022-06-23,-1,106,-1,-1
2022-06-24,-1,52,-1,-1
2022-06-24,-1,9210,-1,-1
2022-06-24,-1,4560,-1,-1
2022-06-24,-1,6722,-1,-1
2022-06-24,-1,5304,-1,-1
2022-06-24,-1,4673,-1,-1
2022-06-24,-1,669,-1,-1
2022-06-24,-1,492,-1,-1
2022-06-24,-1,75,-1,-1
2022-06-25,-1,12558,-1,-1
2022-06-25,ã€é¬¼ç•œå¤§ç”µå½±ã€‘å¢çš„åå­—ã€‚ï¼ˆ91åˆ†é’Ÿå®Œæ•´ç‰ˆï¼‰å¢æœ¬ä¼Ÿ&amp;å‘¨æ·‘æ€¡&amp;èŒ„å­&amp;ç‹å†°å†°ç­‰ é¢†è¡”ä¸»æ¼”,35901,http://www.bilibili.com/video/av855190581,855190581
2022-06-25,-1,70,-1,-1
2022-06-25,-1,1471,-1,-1
2022-06-25,-1,653,-1,-1
2022-06-26,-1,967,-1,-1
2022-06-26,-1,275,-1,-1
2022-06-27,-1,1309,-1,-1
2022-06-27,-1,909,-1,-1
2022-06-27,-1,1686,-1,-1
2022-06-27,-1,358,-1,-1
2022-06-27,-1,536,-1,-1
2022-06-27,-1,622,-1,-1
2022-06-27,-1,16931,-1,-1
2022-06-27,-1,737,-1,-1
2022-06-27,?é¸¡ä½ å¤ªç¾ï¼Œä½†æ˜¯äºŒæ¬¡å…ƒ?,38019,http://www.bilibili.com/video/av300325493,300325493
2022-06-27,-1,290,-1,-1
2022-06-28,-1,1435,-1,-1
2022-06-28,-1,3710,-1,-1
2022-06-28,-1,611,-1,-1
2022-06-28,-1,5514,-1,-1
2022-06-28,-1,4892,-1,-1
2022-06-28,-1,18,-1,-1
2022-06-28,-1,6239,-1,-1
2022-06-28,-1,4363,-1,-1
2022-06-28,-1,492,-1,-1
2022-06-29,-1,2938,-1,-1
2022-06-29,-1,878,-1,-1
2022-06-29,åªå› ä½ å¤ªç¾åˆ†è§£æ•™å­¦ï¼Œ5åˆ†é’Ÿé€Ÿæˆèµ„æ·±IKUN,41184,http://www.bilibili.com/video/av897884618,897884618
2022-06-29,-1,11986,-1,-1
2022-06-29,-1,1114,-1,-1
2022-06-29,-1,353,-1,-1
2022-06-30,-1,340,-1,-1
2022-06-30,-1,354,-1,-1
2022-06-30,-1,18606,-1,-1
2022-06-30,-1,4,-1,-1
2022-06-30,-1,280,-1,-1
2022-06-30,-1,579,-1,-1
2022-07-01,-1,2525,-1,-1
2022-07-01,-1,2621,-1,-1
2022-07-01,-1,6760,-1,-1
2022-07-01,-1,794,-1,-1
2022-07-01,-1,3057,-1,-1
2022-07-01,-1,8353,-1,-1
2022-07-01,-1,2340,-1,-1
2022-07-01,-1,1804,-1,-1
2022-07-02,-1,6739,-1,-1
2022-07-02,-1,579,-1,-1
2022-07-02,-1,2347,-1,-1
2022-07-02,-1,1520,-1,-1
2022-07-02,-1,2623,-1,-1
2022-07-02,-1,8241,-1,-1
2022-07-02,-1,4,-1,-1
2022-07-02,-1,2476,-1,-1
2022-07-02,-1,4120,-1,-1
2022-07-02,-1,1602,-1,-1
2022-07-03,-1,9278,-1,-1
2022-07-03,-1,228,-1,-1
2022-07-03,-1,3350,-1,-1
2022-07-03,-1,2924,-1,-1
2022-07-03,-1,1922,-1,-1
2022-07-03,-1,559,-1,-1
2022-07-03,-1,2429,-1,-1
2022-07-03,-1,452,-1,-1
2022-07-03,-1,1621,-1,-1
2022-07-03,-1,791,-1,-1
2022-07-03,-1,4092,-1,-1
2022-07-03,-1,1625,-1,-1
2022-07-04,-1,1655,-1,-1
2022-07-04,-1,276,-1,-1
2022-07-04,-1,9607,-1,-1
2022-07-04,é¸¡ä½ å¤ªç¾Remixï¼Œä½†æ˜¯çœŸikun,26217,http://www.bilibili.com/video/av813062682,813062682
2022-07-04,-1,2740,-1,-1
2022-07-04,-1,784,-1,-1
2022-07-05,-1,449,-1,-1
2022-07-05,-1,2250,-1,-1
2022-07-05,-1,9795,-1,-1
2022-07-05,-1,1271,-1,-1
2022-07-05,-1,1661,-1,-1
2022-07-05,-1,133,-1,-1
2022-07-05,-1,2486,-1,-1
2022-07-05,-1,1865,-1,-1
2022-07-06,-1,661,-1,-1
2022-07-06,-1,76,-1,-1
2022-07-06,-1,1911,-1,-1
2022-07-06,-1,2600,-1,-1
2022-07-06,-1,15387,-1,-1
2022-07-06,-1,855,-1,-1
2022-07-07,-1,15565,-1,-1
2022-07-07,-1,3331,-1,-1
2022-07-07,-1,1772,-1,-1
2022-07-07,-1,1835,-1,-1
2022-07-07,-1,6046,-1,-1
2022-07-08,-1,3148,-1,-1
2022-07-08,-1,5437,-1,-1
2022-07-08,-1,13907,-1,-1
2022-07-08,-1,1480,-1,-1
2022-07-08,-1,4,-1,-1
2022-07-08,-1,888,-1,-1
2022-07-08,-1,939,-1,-1
2022-07-08,æœ€ ä¼Ÿ å¤§ çš„ é¸¡,24655,http://www.bilibili.com/video/av898206843,898206843
2022-07-09,-1,6539,-1,-1
2022-07-09,-1,4964,-1,-1
2022-07-09,-1,240,-1,-1
2022-07-09,-1,950,-1,-1
2022-07-10,-1,7934,-1,-1
2022-07-10,-1,1628,-1,-1
2022-07-10,-1,1095,-1,-1
2022-07-10,-1,15365,-1,-1
2022-07-10,-1,356,-1,-1
2022-07-10,-1,3217,-1,-1
2022-07-11,-1,2221,-1,-1
2022-07-11,-1,904,-1,-1
2022-07-11,-1,6593,-1,-1
2022-07-11,-1,1401,-1,-1
2022-07-11,-1,5703,-1,-1
2022-07-11,-1,90,-1,-1
2022-07-11,-1,452,-1,-1
2022-07-12,-1,1125,-1,-1
2022-07-12,-1,3557,-1,-1
2022-07-12,-1,3478,-1,-1
2022-07-12,-1,556,-1,-1
2022-07-12,-1,623,-1,-1
2022-07-13,-1,97,-1,-1
2022-07-13,-1,9890,-1,-1
2022-07-13,-1,748,-1,-1
2022-07-13,-1,581,-1,-1
2022-07-13,-1,669,-1,-1
2022-07-13,-1,2128,-1,-1
2022-07-14,-1,3321,-1,-1
2022-07-14,-1,2314,-1,-1
2022-07-15,-1,1320,-1,-1
2022-07-15,-1,3406,-1,-1
2022-07-15,-1,1446,-1,-1
2022-07-15,-1,960,-1,-1
2022-07-15,-1,13206,-1,-1
2022-07-15,-1,5309,-1,-1
2022-07-15,-1,234,-1,-1
2022-07-15,-1,17567,-1,-1
2022-07-15,-1,4751,-1,-1
2022-07-15,-1,3868,-1,-1
2022-07-15,-1,354,-1,-1
2022-07-15,-1,273,-1,-1
2022-07-16,-1,3506,-1,-1
2022-07-16,-1,880,-1,-1
2022-07-16,-1,414,-1,-1
2022-07-16,-1,358,-1,-1
2022-07-16,-1,2317,-1,-1
2022-07-16,-1,694,-1,-1
2022-07-16,-1,1908,-1,-1
2022-07-16,-1,1062,-1,-1
2022-07-16,å½“ ğŸ” è€ äº†,49505,http://www.bilibili.com/video/av601116121,601116121
2022-07-16,-1,2018,-1,-1
2022-07-17,-1,331,-1,-1
2022-07-17,-1,1729,-1,-1
2022-07-17,-1,1022,-1,-1
2022-07-17,-1,4149,-1,-1
2022-07-17,-1,915,-1,-1
2022-07-17,-1,320,-1,-1
2022-07-17,-1,3236,-1,-1
2022-07-17,-1,14431,-1,-1
2022-07-17,-1,155,-1,-1
2022-07-17,?é¸¡ä½ å¤ªç¾ï¼Œä½†æ˜¯æ¯é¸¡?,64469,http://www.bilibili.com/video/av983574668,983574668
2022-07-17,è”¡å¾å¤ç²‰ä¸ç¾¤ç°çŠ¶ ç¬‘æ­»æˆ‘äº†,30569,http://www.bilibili.com/video/av301021712,301021712
2022-07-18,-1,7631,-1,-1
2022-07-18,-1,1077,-1,-1
2022-07-18,-1,1299,-1,-1
2022-07-18,-1,1816,-1,-1
2022-07-18,-1,5178,-1,-1
2022-07-18,-1,636,-1,-1
2022-07-18,-1,402,-1,-1
2022-07-19,-1,1410,-1,-1
2022-07-19,-1,4388,-1,-1
2022-07-19,-1,458,-1,-1
2022-07-19,-1,368,-1,-1
2022-07-19,-1,760,-1,-1
2022-07-19,-1,4061,-1,-1
2022-07-19,-1,19228,-1,-1
2022-07-20,-1,7679,-1,-1
2022-07-20,-1,161,-1,-1
2022-07-20,-1,1112,-1,-1
2022-07-20,-1,4823,-1,-1
2022-07-20,-1,677,-1,-1
2022-07-20,-1,856,-1,-1
2022-07-20,-1,14085,-1,-1
2022-07-20,-1,1386,-1,-1
2022-07-20,-1,3318,-1,-1
2022-07-20,-1,338,-1,-1
2022-07-20,-1,910,-1,-1
2022-07-21,-1,1685,-1,-1
2022-07-21,-1,1539,-1,-1
2022-07-21,-1,2494,-1,-1
2022-07-21,-1,7206,-1,-1
2022-07-21,-1,915,-1,-1
2022-07-21,-1,1076,-1,-1
2022-07-21,-1,2487,-1,-1
2022-07-21,-1,385,-1,-1
2022-07-21,-1,10454,-1,-1
2022-07-21,-1,176,-1,-1
2022-07-21,-1,14252,-1,-1
2022-07-21,-1,9245,-1,-1
2022-07-21,-1,402,-1,-1
2022-07-22,-1,948,-1,-1
2022-07-22,-1,22329,-1,-1
2022-07-22,-1,770,-1,-1
2022-07-22,-1,2543,-1,-1
2022-07-22,-1,17381,-1,-1
2022-07-22,-1,438,-1,-1
2022-07-22,-1,489,-1,-1
2022-07-22,-1,1102,-1,-1
2022-07-22,-1,113,-1,-1
2022-07-22,-1,397,-1,-1
2022-07-22,-1,8,-1,-1
2022-07-23,-1,9593,-1,-1
2022-07-23,-1,2714,-1,-1
2022-07-23,-1,3121,-1,-1
2022-07-23,-1,1630,-1,-1
2022-07-23,-1,123,-1,-1
2022-07-23,-1,3052,-1,-1
2022-07-23,-1,1023,-1,-1
2022-07-23,-1,1866,-1,-1
2022-07-23,é£Ÿä¸é£Ÿæ²¹é¥¼æ˜¯ä»€ä¹ˆæ¢—ã€æ¢—æŒ‡å—ã€‘,30530,http://www.bilibili.com/video/av513705517,513705517
2022-07-24,-1,315,-1,-1
2022-07-24,-1,19972,-1,-1
2022-07-24,-1,5467,-1,-1
2022-07-24,-1,701,-1,-1
2022-07-24,-1,2047,-1,-1
2022-07-24,-1,4249,-1,-1
2022-07-25,-1,5114,-1,-1
2022-07-25,-1,6526,-1,-1
2022-07-25,-1,1562,-1,-1
2022-07-25,-1,3770,-1,-1
2022-07-25,-1,5849,-1,-1
2022-07-25,-1,1137,-1,-1
2022-07-25,-1,220,-1,-1
2022-07-25,-1,4034,-1,-1
2022-07-25,-1,1356,-1,-1
2022-07-25,-1,1713,-1,-1
2022-07-25,-1,5500,-1,-1
2022-07-25,-1,11447,-1,-1
2022-07-26,-1,406,-1,-1
2022-07-26,-1,721,-1,-1
2022-07-26,-1,205,-1,-1
2022-07-26,-1,1261,-1,-1
2022-07-26,-1,3121,-1,-1
2022-07-26,-1,169,-1,-1
2022-07-26,-1,4999,-1,-1
2022-07-26,-1,1099,-1,-1
2022-07-26,-1,1448,-1,-1
2022-07-26,-1,6347,-1,-1
2022-07-26,-1,7551,-1,-1
2022-07-26,-1,763,-1,-1
2022-07-26,-1,1950,-1,-1
2022-07-26,-1,1216,-1,-1
2022-07-26,-1,3094,-1,-1
2022-07-27,-1,842,-1,-1
2022-07-27,-1,3102,-1,-1
2022-07-27,-1,1823,-1,-1
2022-07-27,-1,3534,-1,-1
2022-07-27,-1,6415,-1,-1
2022-07-27,-1,6218,-1,-1
2022-07-27,-1,341,-1,-1
2022-07-27,-1,2162,-1,-1
2022-07-27,-1,8054,-1,-1
2022-07-27,-1,433,-1,-1
2022-07-27,-1,529,-1,-1
2022-07-27,-1,1237,-1,-1
2022-07-27,é¸¡ä½ å¤ªç¾æ²»å¥½äº†é¥­åœˆå†…è€—ï¼Ÿ,25193,http://www.bilibili.com/video/av686302008,686302008
2022-07-28,-1,640,-1,-1
2022-07-28,-1,419,-1,-1
2022-07-28,-1,1453,-1,-1
2022-07-28,-1,938,-1,-1
2022-07-28,-1,307,-1,-1
2022-07-28,é¸¡ ä½  å¤ª è¸Š ï¼²ï½…ï½ï½‰ï½˜,25322,http://www.bilibili.com/video/av216340973,216340973
2022-07-28,-1,216,-1,-1
2022-07-29,-1,2538,-1,-1
2022-07-29,-1,752,-1,-1
2022-07-29,-1,1397,-1,-1
2022-07-29,-1,44,-1,-1
2022-07-29,-1,4785,-1,-1
2022-07-29,-1,6467,-1,-1
2022-07-29,-1,409,-1,-1
2022-07-29,-1,684,-1,-1
2022-07-29,-1,207,-1,-1
2022-07-30,-1,349,-1,-1
2022-07-30,-1,652,-1,-1
2022-07-30,-1,376,-1,-1
2022-07-30,-1,2160,-1,-1
2022-07-30,-1,826,-1,-1
2022-07-30,-1,1370,-1,-1
2022-07-30,-1,271,-1,-1
2022-07-30,-1,1752,-1,-1
2022-07-31,-1,251,-1,-1
2022-07-31,-1,818,-1,-1
2022-07-31,-1,600,-1,-1
2022-07-31,-1,808,-1,-1
2022-07-31,-1,1521,-1,-1
2022-07-31,-1,317,-1,-1
2022-07-31,-1,666,-1,-1
2022-07-31,-1,18585,-1,-1
2022-08-01,-1,907,-1,-1
2022-08-01,-1,319,-1,-1
2022-08-01,-1,237,-1,-1
2022-08-01,-1,1154,-1,-1
2022-08-01,-1,550,-1,-1
2022-08-01,-1,239,-1,-1
2022-08-01,-1,12225,-1,-1
2022-08-01,-1,2835,-1,-1
2022-08-01,-1,1171,-1,-1
2022-08-02,-1,728,-1,-1
2022-08-02,-1,1011,-1,-1
2022-08-02,-1,5586,-1,-1
2022-08-02,-1,56,-1,-1
2022-08-02,-1,1578,-1,-1
2022-08-02,-1,291,-1,-1
2022-08-02,-1,1607,-1,-1
2022-08-02,-1,945,-1,-1
2022-08-02,-1,618,-1,-1
2022-08-02,-1,372,-1,-1
2022-08-03,-1,1594,-1,-1
2022-08-03,-1,819,-1,-1
2022-08-03,-1,754,-1,-1
2022-08-03,-1,6,-1,-1
2022-08-03,-1,101,-1,-1
2022-08-03,-1,588,-1,-1
2022-08-03,-1,991,-1,-1
2022-08-04,-1,1861,-1,-1
2022-08-04,-1,969,-1,-1
2022-08-04,-1,591,-1,-1
2022-08-05,-1,4202,-1,-1
2022-08-05,-1,120,-1,-1
2022-08-05,-1,6832,-1,-1
2022-08-05,-1,8579,-1,-1
2022-08-05,-1,2909,-1,-1
2022-08-05,-1,477,-1,-1
2022-08-05,-1,1434,-1,-1
2022-08-05,-1,263,-1,-1
2022-08-05,-1,2443,-1,-1
2022-08-05,-1,658,-1,-1
2022-08-06,-1,437,-1,-1
2022-08-06,-1,1041,-1,-1
2022-08-06,-1,12835,-1,-1
2022-08-06,-1,1402,-1,-1
2022-08-06,-1,126,-1,-1
2022-08-06,-1,3450,-1,-1
2022-08-06,-1,1285,-1,-1
2022-08-06,-1,925,-1,-1
2022-08-06,-1,728,-1,-1
2022-08-06,-1,569,-1,-1
2022-08-06,ç½‘ æš´ å ç»­ 3.0,25843,http://www.bilibili.com/video/av386670894,386670894
2022-08-06,-1,1155,-1,-1
2022-08-07,-1,2550,-1,-1
2022-08-07,-1,1514,-1,-1
2022-08-07,-1,651,-1,-1
2022-08-07,-1,286,-1,-1
2022-08-07,-1,532,-1,-1
2022-08-07,-1,639,-1,-1
2022-08-07,-1,22083,-1,-1
2022-08-07,-1,21,-1,-1
2022-08-07,-1,214,-1,-1
2022-08-07,-1,140,-1,-1
2022-08-07,-1,5102,-1,-1
2022-08-07,-1,859,-1,-1
2022-08-07,-1,1016,-1,-1
2022-08-08,-1,432,-1,-1
2022-08-08,-1,2481,-1,-1
2022-08-08,-1,157,-1,-1
2022-08-08,-1,353,-1,-1
2022-08-08,-1,1009,-1,-1
2022-08-08,-1,386,-1,-1
2022-08-08,-1,211,-1,-1
2022-08-08,-1,1950,-1,-1
2022-08-08,-1,1853,-1,-1
2022-08-08,-1,1208,-1,-1
2022-08-09,-1,818,-1,-1
2022-08-09,-1,9258,-1,-1
2022-08-09,-1,2774,-1,-1
2022-08-09,-1,286,-1,-1
2022-08-09,-1,5965,-1,-1
2022-08-09,-1,709,-1,-1
2022-08-09,-1,3253,-1,-1
2022-08-09,-1,859,-1,-1
2022-08-09,-1,914,-1,-1
2022-08-09,-1,212,-1,-1
2022-08-10,-1,1400,-1,-1
2022-08-10,-1,840,-1,-1
2022-08-10,-1,4,-1,-1
2022-08-10,-1,465,-1,-1
2022-08-10,-1,1045,-1,-1
2022-08-10,-1,1794,-1,-1
2022-08-10,-1,934,-1,-1
2022-08-10,-1,970,-1,-1
2022-08-10,-1,488,-1,-1
2022-08-10,-1,496,-1,-1
2022-08-11,-1,3894,-1,-1
2022-08-11,-1,267,-1,-1
2022-08-11,-1,1235,-1,-1
2022-08-11,-1,870,-1,-1
2022-08-11,-1,536,-1,-1
2022-08-11,-1,11343,-1,-1
2022-08-11,-1,202,-1,-1
2022-08-11,-1,78,-1,-1
2022-08-12,-1,1395,-1,-1
2022-08-12,-1,161,-1,-1
2022-08-12,-1,1287,-1,-1
2022-08-12,-1,1377,-1,-1
2022-08-13,-1,10708,-1,-1
2022-08-13,-1,330,-1,-1
2022-08-13,-1,6072,-1,-1
2022-08-13,-1,997,-1,-1
2022-08-13,-1,3603,-1,-1
2022-08-13,-1,5159,-1,-1
2022-08-13,-1,1158,-1,-1
2022-08-13,-1,522,-1,-1
2022-08-13,-1,2096,-1,-1
2022-08-13,-1,59,-1,-1
2022-08-13,-1,12082,-1,-1
2022-08-14,-1,2782,-1,-1
2022-08-14,-1,3598,-1,-1
2022-08-14,-1,3596,-1,-1
2022-08-14,-1,829,-1,-1
2022-08-14,-1,6178,-1,-1
2022-08-14,-1,1579,-1,-1
2022-08-14,-1,2891,-1,-1
2022-08-14,-1,2052,-1,-1
2022-08-14,-1,2982,-1,-1
2022-08-15,-1,231,-1,-1
2022-08-15,-1,8,-1,-1
2022-08-15,-1,1467,-1,-1
2022-08-15,-1,239,-1,-1
2022-08-15,-1,7363,-1,-1
2022-08-15,-1,1231,-1,-1
2022-08-15,-1,496,-1,-1
2022-08-15,-1,624,-1,-1
2022-08-16,-1,910,-1,-1
2022-08-16,-1,11036,-1,-1
2022-08-16,-1,1785,-1,-1
2022-08-16,-1,1655,-1,-1
2022-08-16,-1,833,-1,-1
2022-08-16,-1,2185,-1,-1
2022-08-17,-1,11,-1,-1
2022-08-17,-1,2561,-1,-1
2022-08-17,-1,3680,-1,-1
2022-08-17,-1,1780,-1,-1
2022-08-17,-1,20430,-1,-1
2022-08-17,-1,845,-1,-1
2022-08-17,-1,0,-1,-1
2022-08-18,-1,7407,-1,-1
2022-08-18,-1,14593,-1,-1
2022-08-18,-1,8854,-1,-1
2022-08-18,-1,5782,-1,-1
2022-08-18,-1,399,-1,-1
2022-08-18,-1,14500,-1,-1
2022-08-18,-1,7632,-1,-1
2022-08-18,-1,2474,-1,-1
2022-08-18,-1,61,-1,-1
2022-08-18,-1,747,-1,-1
2022-08-18,-1,454,-1,-1
2022-08-18,-1,2081,-1,-1
2022-08-19,-1,779,-1,-1
2022-08-19,-1,873,-1,-1
2022-08-19,-1,703,-1,-1
2022-08-19,-1,533,-1,-1
2022-08-19,-1,1648,-1,-1
2022-08-19,-1,1896,-1,-1
2022-08-19,-1,3446,-1,-1
2022-08-19,-1,41,-1,-1
2022-08-19,-1,465,-1,-1
2022-08-19,-1,722,-1,-1
2022-08-19,-1,1527,-1,-1
2022-08-20,-1,186,-1,-1
2022-08-20,-1,451,-1,-1
2022-08-20,-1,199,-1,-1
2022-08-20,-1,1589,-1,-1
2022-08-20,-1,799,-1,-1
2022-08-20,-1,629,-1,-1
2022-08-20,-1,942,-1,-1
2022-08-20,-1,98,-1,-1
2022-08-20,-1,1341,-1,-1
2022-08-21,-1,20666,-1,-1
2022-08-21,-1,285,-1,-1
2022-08-21,-1,1208,-1,-1
2022-08-21,-1,1616,-1,-1
2022-08-21,-1,633,-1,-1
2022-08-21,-1,488,-1,-1
2022-08-21,-1,108,-1,-1
2022-08-21,-1,3199,-1,-1
2022-08-21,-1,846,-1,-1
2022-08-21,-1,728,-1,-1
2022-08-21,-1,7484,-1,-1
2022-08-21,-1,3899,-1,-1
2022-08-21,-1,2412,-1,-1
2022-08-21,-1,450,-1,-1
2022-08-21,-1,489,-1,-1
2022-08-22,-1,611,-1,-1
2022-08-22,-1,764,-1,-1
2022-08-22,-1,472,-1,-1
2022-08-22,-1,794,-1,-1
2022-08-22,-1,184,-1,-1
2022-08-22,-1,205,-1,-1
2022-08-23,-1,5519,-1,-1
2022-08-23,-1,3016,-1,-1
2022-08-23,-1,624,-1,-1
2022-08-23,-1,730,-1,-1
2022-08-23,-1,5522,-1,-1
2022-08-23,-1,880,-1,-1
2022-08-23,-1,470,-1,-1
2022-08-23,-1,873,-1,-1
2022-08-23,-1,69,-1,-1
2022-08-24,-1,911,-1,-1
2022-08-24,-1,1596,-1,-1
2022-08-24,-1,741,-1,-1
2022-08-24,-1,343,-1,-1
2022-08-24,-1,853,-1,-1
2022-08-24,-1,4206,-1,-1
2022-08-24,-1,426,-1,-1
2022-08-24,-1,1227,-1,-1
2022-08-24,-1,6184,-1,-1
2022-08-25,-1,1219,-1,-1
2022-08-25,-1,1252,-1,-1
2022-08-25,-1,3295,-1,-1
2022-08-25,-1,483,-1,-1
2022-08-25,-1,687,-1,-1
2022-08-25,-1,2,-1,-1
2022-08-25,-1,2388,-1,-1
2022-08-25,-1,78,-1,-1
2022-08-25,-1,298,-1,-1
2022-08-26,-1,11247,-1,-1
2022-08-26,-1,730,-1,-1
2022-08-26,-1,750,-1,-1
2022-08-26,-1,908,-1,-1
2022-08-26,-1,1791,-1,-1
2022-08-26,-1,1850,-1,-1
2022-08-26,-1,1080,-1,-1
2022-08-26,-1,2783,-1,-1
2022-08-26,-1,1429,-1,-1
2022-08-27,-1,310,-1,-1
2022-08-27,-1,7463,-1,-1
2022-08-27,å½“ç›æ€»ç›´æ’­è¿éº¦åˆ°çœŸikun,25958,http://www.bilibili.com/video/av687390704,687390704
2022-08-27,-1,1038,-1,-1
2022-08-27,-1,1081,-1,-1
2022-08-27,-1,317,-1,-1
2022-08-27,-1,2430,-1,-1
2022-08-27,-1,321,-1,-1
2022-08-27,-1,858,-1,-1
2022-08-27,-1,925,-1,-1
2022-08-27,-1,1838,-1,-1
2022-08-28,-1,947,-1,-1
2022-08-28,-1,3881,-1,-1
2022-08-28,-1,5523,-1,-1
2022-08-28,-1,52,-1,-1
2022-08-28,-1,535,-1,-1
2022-08-28,-1,1517,-1,-1
2022-08-28,-1,430,-1,-1
2022-08-28,-1,1321,-1,-1
2022-08-28,-1,4085,-1,-1
2022-08-28,-1,771,-1,-1
2022-08-28,-1,1859,-1,-1
2022-08-28,åˆ«é»‘å¤å¤äº†ï¼çœ‹äº†è”¡å¾å¤åŒæœŸç»ƒä¹ ç”Ÿåï¼Œæˆ‘æˆä¸ºäº†ikunï¼,24771,http://www.bilibili.com/video/av772409979,772409979
2022-08-28,-1,211,-1,-1
2022-08-29,-1,418,-1,-1
2022-08-29,-1,393,-1,-1
2022-08-30,-1,484,-1,-1
2022-08-30,-1,741,-1,-1
2022-08-30,-1,2411,-1,-1
2022-08-30,-1,3545,-1,-1
2022-08-31,-1,4776,-1,-1
2022-08-31,-1,4258,-1,-1
2022-08-31,-1,331,-1,-1
2022-08-31,-1,1,-1,-1
2022-08-31,-1,256,-1,-1
2022-08-31,-1,715,-1,-1
2022-08-31,-1,643,-1,-1
2022-08-31,-1,5116,-1,-1
2022-08-31,-1,846,-1,-1
2022-09-01,-1,637,-1,-1
2022-09-01,-1,139,-1,-1
2022-09-01,-1,3480,-1,-1
2022-09-01,-1,353,-1,-1
2022-09-01,-1,1438,-1,-1
2022-09-01,-1,2015,-1,-1
2022-09-01,-1,294,-1,-1
2022-09-02,-1,2671,-1,-1
2022-09-02,-1,431,-1,-1
2022-09-02,-1,1125,-1,-1
2022-09-02,-1,280,-1,-1
2022-09-02,-1,10075,-1,-1
2022-09-02,-1,814,-1,-1
2022-09-02,-1,1347,-1,-1
2022-09-03,-1,327,-1,-1
2022-09-03,-1,454,-1,-1
2022-09-03,-1,3658,-1,-1
2022-09-03,-1,927,-1,-1
2022-09-03,-1,706,-1,-1
2022-09-03,-1,2198,-1,-1
2022-09-04,-1,1230,-1,-1
2022-09-04,-1,159,-1,-1
2022-09-04,-1,2497,-1,-1
2022-09-04,-1,369,-1,-1
2022-09-04,-1,6717,-1,-1
2022-09-04,-1,1176,-1,-1
2022-09-04,ä¸€å®¶åªæ‹›å¾…IKUNçš„é¤å…,24286,http://www.bilibili.com/video/av387668517,387668517
2022-09-04,-1,707,-1,-1
2022-09-04,-1,3310,-1,-1
2022-09-04,-1,335,-1,-1
2022-09-04,-1,679,-1,-1
2022-09-04,-1,294,-1,-1
2022-09-05,-1,809,-1,-1
2022-09-05,-1,293,-1,-1
2022-09-05,-1,2712,-1,-1
2022-09-05,-1,880,-1,-1
2022-09-05,-1,1429,-1,-1
2022-09-05,-1,271,-1,-1
2022-09-05,-1,2670,-1,-1
2022-09-06,-1,3958,-1,-1
2022-09-06,-1,9,-1,-1
2022-09-07,-1,135,-1,-1
2022-09-07,-1,75,-1,-1
2022-09-07,-1,3735,-1,-1
2022-09-08,-1,1311,-1,-1
2022-09-08,-1,244,-1,-1
2022-09-08,-1,249,-1,-1
2022-09-08,-1,915,-1,-1
2022-09-08,-1,1026,-1,-1
2022-09-08,-1,117,-1,-1
2022-09-08,-1,1332,-1,-1
2022-09-09,-1,4517,-1,-1
2022-09-09,-1,599,-1,-1
2022-09-09,-1,1593,-1,-1
2022-09-09,-1,4916,-1,-1
2022-09-09,-1,726,-1,-1
2022-09-09,-1,1736,-1,-1
2022-09-09,-1,77,-1,-1
2022-09-09,-1,168,-1,-1
2022-09-09,-1,52,-1,-1
2022-09-09,-1,1373,-1,-1
2022-09-10,-1,485,-1,-1
2022-09-10,-1,125,-1,-1
2022-09-10,-1,1892,-1,-1
2022-09-10,-1,260,-1,-1
2022-09-10,-1,279,-1,-1
2022-09-10,-1,10676,-1,-1
2022-09-10,-1,2192,-1,-1
2022-09-10,-1,2361,-1,-1
2022-09-10,-1,140,-1,-1
2022-09-10,-1,5750,-1,-1
2022-09-10,-1,882,-1,-1
2022-09-10,-1,978,-1,-1
2022-09-10,-1,3868,-1,-1
2022-09-10,-1,141,-1,-1
2022-09-10,-1,3281,-1,-1
2022-09-10,-1,544,-1,-1
2022-09-10,æ˜¯æ—¶å€™å¤ä¹ è¿™æ¡£ç»¼è‰ºçš„ç¥äººä»¬äº†ï¼ç¬‘åˆ°å¤´æ‰çš„é¬¼ç•œå®åº“ã€å¶åƒç»ƒä¹ ç”Ÿã€‘,32128,http://www.bilibili.com/video/av645377284,645377284
2022-09-11,-1,246,-1,-1
2022-09-11,-1,424,-1,-1
2022-09-11,-1,1837,-1,-1
2022-09-11,-1,69,-1,-1
2022-09-12,-1,2452,-1,-1
2022-09-12,-1,2696,-1,-1
2022-09-12,-1,7588,-1,-1
2022-09-12,-1,70,-1,-1
2022-09-12,-1,449,-1,-1
2022-09-12,-1,3847,-1,-1
2022-09-12,-1,496,-1,-1
2022-09-12,-1,1173,-1,-1
2022-09-12,-1,233,-1,-1
2022-09-13,-1,277,-1,-1
2022-09-13,-1,511,-1,-1
2022-09-13,-1,1517,-1,-1
2022-09-14,-1,3532,-1,-1
2022-09-14,-1,9437,-1,-1
2022-09-14,-1,407,-1,-1
2022-09-14,-1,12163,-1,-1
2022-09-14,-1,10903,-1,-1
2022-09-14,-1,426,-1,-1
2022-09-14,-1,1017,-1,-1
2022-09-14,-1,547,-1,-1
2022-09-14,-1,376,-1,-1
2022-09-14,-1,12,-1,-1
2022-09-15,-1,134,-1,-1
2022-09-15,-1,1251,-1,-1
2022-09-15,-1,198,-1,-1
2022-09-15,-1,846,-1,-1
2022-09-15,-1,2206,-1,-1
2022-09-16,-1,2065,-1,-1
2022-09-16,-1,1299,-1,-1
2022-09-16,-1,145,-1,-1
2022-09-16,-1,3716,-1,-1
2022-09-16,-1,269,-1,-1
2022-09-16,-1,2251,-1,-1
2022-09-16,-1,345,-1,-1
2022-09-16,-1,159,-1,-1
2022-09-17,-1,1698,-1,-1
2022-09-17,-1,762,-1,-1
2022-09-17,-1,58,-1,-1
2022-09-17,-1,539,-1,-1
2022-09-17,-1,708,-1,-1
2022-09-17,-1,2007,-1,-1
2022-09-17,-1,6441,-1,-1
2022-09-17,-1,790,-1,-1
2022-09-17,-1,575,-1,-1
2022-09-18,-1,584,-1,-1
2022-09-18,-1,1860,-1,-1
2022-09-18,-1,1269,-1,-1
2022-09-18,å°é»‘å­éœ²å‡ºé¸¡è„šäº†å§ï¼,52160,http://www.bilibili.com/video/av688144137,688144137
2022-09-18,-1,2972,-1,-1
2022-09-18,-1,1661,-1,-1
2022-09-19,-1,175,-1,-1
2022-09-19,-1,1371,-1,-1
2022-09-19,-1,1613,-1,-1
2022-09-19,-1,1700,-1,-1
2022-09-19,-1,514,-1,-1
2022-09-19,-1,912,-1,-1
2022-09-19,-1,2330,-1,-1
2022-09-20,-1,2762,-1,-1
2022-09-20,-1,3,-1,-1
2022-09-20,-1,1391,-1,-1
2022-09-21,-1,315,-1,-1
2022-09-21,-1,253,-1,-1
2022-09-21,-1,1260,-1,-1
2022-09-21,-1,10478,-1,-1
2022-09-22,-1,2512,-1,-1
2022-09-22,-1,1353,-1,-1
2022-09-22,-1,2534,-1,-1
2022-09-22,-1,1830,-1,-1
2022-09-22,-1,1475,-1,-1
2022-09-22,-1,85,-1,-1
2022-09-22,-1,465,-1,-1
2022-09-22,-1,584,-1,-1
2022-09-23,-1,1584,-1,-1
2022-09-23,-1,5983,-1,-1
2022-09-23,-1,231,-1,-1
2022-09-23,-1,5799,-1,-1
2022-09-23,-1,249,-1,-1
2022-09-23,-1,65,-1,-1
2022-09-23,ã€æ–°ä¸€ä»£æ²¹ç‹äº‰éœ¸ã€‘çˆ†ç¬‘æ²¹è…»èˆå°å¤§èµ,25246,http://www.bilibili.com/video/av985788699,985788699
2022-09-23,-1,68,-1,-1
2022-09-24,-1,196,-1,-1
2022-09-24,-1,2629,-1,-1
2022-09-24,-1,2718,-1,-1
2022-09-24,-1,662,-1,-1
2022-09-24,-1,1252,-1,-1
2022-09-24,-1,476,-1,-1
2022-09-24,-1,1804,-1,-1
2022-09-24,-1,16,-1,-1
2022-09-24,-1,1357,-1,-1
2022-09-24,-1,2026,-1,-1
2022-09-24,-1,2226,-1,-1
2022-09-24,-1,116,-1,-1
2022-09-25,-1,686,-1,-1
2022-09-25,-1,1818,-1,-1
2022-09-26,-1,1153,-1,-1
2022-09-26,-1,233,-1,-1
2022-09-26,-1,1019,-1,-1
2022-09-26,-1,2453,-1,-1
2022-09-26,-1,886,-1,-1
2022-09-27,-1,9738,-1,-1
2022-09-27,-1,2294,-1,-1
2022-09-27,-1,285,-1,-1
2022-09-27,-1,360,-1,-1
2022-09-27,-1,384,-1,-1
2022-09-27,-1,734,-1,-1
2022-09-27,-1,699,-1,-1
2022-09-27,-1,1026,-1,-1
2022-09-27,-1,481,-1,-1
2022-09-28,-1,3203,-1,-1
2022-09-28,-1,2178,-1,-1
2022-09-28,-1,968,-1,-1
2022-09-28,-1,2204,-1,-1
2022-09-28,-1,500,-1,-1
2022-09-28,-1,249,-1,-1
2022-09-28,-1,124,-1,-1
2022-09-28,-1,162,-1,-1
2022-09-28,-1,1691,-1,-1
2022-09-29,-1,2294,-1,-1
2022-09-29,-1,2049,-1,-1
2022-09-29,-1,549,-1,-1
2022-09-29,-1,1119,-1,-1
2022-09-29,-1,395,-1,-1
2022-09-29,-1,2207,-1,-1
2022-09-29,-1,814,-1,-1
2022-09-29,-1,596,-1,-1
2022-09-29,-1,34,-1,-1
2022-09-29,-1,73,-1,-1
2022-09-29,-1,156,-1,-1
2022-09-29,-1,792,-1,-1
2022-09-30,-1,1055,-1,-1
2022-09-30,-1,780,-1,-1
2022-09-30,-1,4447,-1,-1
2022-09-30,-1,2278,-1,-1
2022-09-30,-1,371,-1,-1
2022-09-30,-1,10915,-1,-1
2022-09-30,-1,1650,-1,-1
2022-09-30,-1,5252,-1,-1
2022-09-30,-1,1451,-1,-1
2022-09-30,-1,20,-1,-1
2022-09-30,-1,683,-1,-1
2022-10-01,-1,850,-1,-1
2022-10-01,-1,793,-1,-1
2022-10-01,-1,682,-1,-1
2022-10-01,-1,2773,-1,-1
2022-10-01,-1,1544,-1,-1
2022-10-01,-1,909,-1,-1
2022-10-01,-1,286,-1,-1
2022-10-01,-1,247,-1,-1
2022-10-01,-1,11752,-1,-1
2022-10-02,-1,411,-1,-1
2022-10-02,-1,602,-1,-1
2022-10-02,-1,3242,-1,-1
2022-10-02,-1,1399,-1,-1
2022-10-02,-1,143,-1,-1
2022-10-02,-1,613,-1,-1
2022-10-02,-1,7362,-1,-1
2022-10-02,-1,7883,-1,-1
2022-10-03,-1,37,-1,-1
2022-10-03,-1,2740,-1,-1
2022-10-03,-1,3,-1,-1
2022-10-03,-1,2865,-1,-1
2022-10-03,-1,618,-1,-1
2022-10-03,-1,53,-1,-1
2022-10-03,-1,1762,-1,-1
2022-10-03,-1,4090,-1,-1
2022-10-03,-1,2193,-1,-1
2022-10-03,-1,808,-1,-1
2022-10-03,-1,225,-1,-1
2022-10-04,-1,1784,-1,-1
2022-10-04,-1,895,-1,-1
2022-10-04,-1,455,-1,-1
2022-10-04,-1,730,-1,-1
2022-10-04,-1,186,-1,-1
2022-10-04,-1,233,-1,-1
2022-10-04,-1,1333,-1,-1
2022-10-04,-1,728,-1,-1
2022-10-04,-1,1710,-1,-1
2022-10-04,-1,698,-1,-1
2022-10-05,-1,131,-1,-1
2022-10-05,-1,2474,-1,-1
2022-10-05,-1,0,-1,-1
2022-10-05,-1,23,-1,-1
2022-10-05,-1,8,-1,-1
2022-10-05,-1,814,-1,-1
2022-10-05,-1,119,-1,-1
2022-10-06,-1,2420,-1,-1
2022-10-06,-1,12485,-1,-1
2022-10-06,-1,871,-1,-1
2022-10-06,-1,11,-1,-1
2022-10-06,-1,2362,-1,-1
2022-10-06,-1,422,-1,-1
2022-10-06,-1,620,-1,-1
2022-10-06,-1,4192,-1,-1
2022-10-06,-1,1618,-1,-1
2022-10-07,-1,160,-1,-1
2022-10-07,-1,485,-1,-1
2022-10-07,-1,418,-1,-1
2022-10-07,-1,60,-1,-1
2022-10-07,-1,11652,-1,-1
2022-10-08,-1,200,-1,-1
2022-10-08,-1,212,-1,-1
2022-10-08,-1,703,-1,-1
2022-10-08,-1,231,-1,-1
2022-10-08,-1,483,-1,-1
2022-10-09,-1,7201,-1,-1
2022-10-09,-1,2041,-1,-1
2022-10-09,-1,2453,-1,-1
2022-10-09,-1,22524,-1,-1
2022-10-09,-1,18,-1,-1
2022-10-10,-1,557,-1,-1
2022-10-10,-1,340,-1,-1
2022-10-10,-1,1819,-1,-1
2022-10-10,-1,36,-1,-1
2022-10-10,-1,14383,-1,-1
2022-10-10,æ‘æ°‘é€ åäº†ï¼å°é»‘å­ç»ˆäºéœ²å‡ºé©¬è„šï¼Œæ¼ å”è¿˜æ˜¯æ‡‚å…³çˆ±æ‘æ°‘çš„,44742,http://www.bilibili.com/video/av346471419,346471419
2022-10-10,-1,730,-1,-1
2022-10-11,-1,197,-1,-1
2022-10-11,-1,1197,-1,-1
2022-10-11,-1,350,-1,-1
2022-10-11,-1,2330,-1,-1
2022-10-11,-1,562,-1,-1
2022-10-11,-1,970,-1,-1
2022-10-11,-1,461,-1,-1
2022-10-11,-1,1656,-1,-1
2022-10-12,-1,1588,-1,-1
2022-10-12,-1,278,-1,-1
2022-10-12,-1,171,-1,-1
2022-10-12,-1,2487,-1,-1
2022-10-12,-1,1177,-1,-1
2022-10-12,-1,846,-1,-1
2022-10-12,-1,245,-1,-1
2022-10-12,-1,55,-1,-1
2022-10-12,-1,135,-1,-1
2022-10-13,-1,1973,-1,-1
2022-10-13,-1,168,-1,-1
2022-10-13,-1,1289,-1,-1
2022-10-13,-1,789,-1,-1
2022-10-14,-1,4509,-1,-1
2022-10-14,-1,1200,-1,-1
2022-10-14,-1,1324,-1,-1
2022-10-14,-1,2825,-1,-1
2022-10-14,-1,334,-1,-1
2022-10-14,-1,4272,-1,-1
2022-10-14,-1,442,-1,-1
2022-10-14,-1,300,-1,-1
2022-10-14,-1,1203,-1,-1
2022-10-15,-1,990,-1,-1
2022-10-15,-1,383,-1,-1
2022-10-15,-1,715,-1,-1
2022-10-15,-1,6176,-1,-1
2022-10-15,-1,5272,-1,-1
2022-10-15,-1,297,-1,-1
2022-10-15,-1,370,-1,-1
2022-10-15,æ˜äº‰æš—æ–—ï¼Œå„æ€€é¬¼èƒï¼Œäººå‡800ä¸ªå¿ƒçœ¼å­ã€ç»¼è‰ºå¤§å‹ä¿®ç½—åœºã€‘,26536,http://www.bilibili.com/video/av561621529,561621529
2022-10-15,-1,313,-1,-1
2022-10-16,-1,4178,-1,-1
2022-10-16,-1,4727,-1,-1
2022-10-16,-1,1430,-1,-1
2022-10-16,-1,138,-1,-1
2022-10-17,-1,287,-1,-1
2022-10-17,-1,1341,-1,-1
2022-10-17,-1,2667,-1,-1
2022-10-17,-1,2104,-1,-1
2022-10-17,-1,933,-1,-1
2022-10-18,-1,520,-1,-1
2022-10-18,-1,393,-1,-1
2022-10-18,-1,1656,-1,-1
2022-10-19,-1,2212,-1,-1
2022-10-19,-1,2690,-1,-1
2022-10-19,-1,7275,-1,-1
2022-10-19,-1,7776,-1,-1
2022-10-19,-1,1780,-1,-1
2022-10-19,-1,421,-1,-1
2022-10-19,-1,200,-1,-1
2022-10-19,-1,625,-1,-1
2022-10-19,-1,236,-1,-1
2022-10-20,-1,1639,-1,-1
2022-10-20,-1,1761,-1,-1
2022-10-20,-1,316,-1,-1
2022-10-20,-1,72,-1,-1
2022-10-20,-1,1510,-1,-1
2022-10-20,-1,676,-1,-1
2022-10-20,-1,68,-1,-1
2022-10-20,-1,126,-1,-1
2022-10-20,-1,2172,-1,-1
2022-10-20,-1,43,-1,-1
2022-10-21,-1,2957,-1,-1
2022-10-22,-1,1768,-1,-1
2022-10-22,-1,1628,-1,-1
2022-10-22,-1,1220,-1,-1
2022-10-22,-1,297,-1,-1
2022-10-22,-1,9435,-1,-1
2022-10-22,-1,976,-1,-1
2022-10-22,-1,353,-1,-1
2022-10-23,-1,4902,-1,-1
2022-10-23,-1,4206,-1,-1
2022-10-23,-1,4427,-1,-1
2022-10-23,-1,392,-1,-1
2022-10-24,-1,595,-1,-1
2022-10-24,-1,20,-1,-1
2022-10-24,-1,869,-1,-1
2022-10-24,-1,690,-1,-1
2022-10-24,-1,341,-1,-1
2022-10-24,-1,194,-1,-1
2022-10-24,-1,288,-1,-1
2022-10-24,-1,1328,-1,-1
2022-10-24,-1,1625,-1,-1
2022-10-25,-1,209,-1,-1
2022-10-25,-1,929,-1,-1
2022-10-25,-1,114,-1,-1
2022-10-25,-1,27,-1,-1
2022-10-25,-1,124,-1,-1
2022-10-25,-1,375,-1,-1
2022-10-26,-1,5159,-1,-1
2022-10-26,-1,18135,-1,-1
2022-10-26,-1,3447,-1,-1
2022-10-26,-1,437,-1,-1
2022-10-26,-1,367,-1,-1
2022-10-26,-1,192,-1,-1
2022-10-26,-1,590,-1,-1
2022-10-26,-1,210,-1,-1
2022-10-26,-1,5,-1,-1
2022-10-27,-1,2817,-1,-1
2022-10-27,-1,41,-1,-1
2022-10-27,-1,1819,-1,-1
2022-10-27,-1,81,-1,-1
2022-10-27,-1,792,-1,-1
2022-10-27,-1,851,-1,-1
2022-10-27,-1,3091,-1,-1
2022-10-28,-1,3827,-1,-1
2022-10-28,-1,1380,-1,-1
2022-10-28,-1,1472,-1,-1
2022-10-28,-1,23333,-1,-1
2022-10-28,-1,149,-1,-1
2022-10-28,-1,3090,-1,-1
2022-10-28,-1,46,-1,-1
2022-10-28,-1,837,-1,-1
2022-10-28,é¸¡ ä½  å¤ª ç¾ å®˜ æ–¹ M V,105179,http://www.bilibili.com/video/av219590518,219590518
2022-10-28,-1,215,-1,-1
2022-10-29,-1,407,-1,-1
2022-10-29,-1,653,-1,-1
2022-10-30,-1,3334,-1,-1
2022-10-30,-1,1110,-1,-1
2022-10-30,-1,551,-1,-1
2022-10-30,-1,1558,-1,-1
2022-10-30,-1,17,-1,-1
2022-10-30,-1,1604,-1,-1
2022-10-30,-1,3781,-1,-1
2022-10-30,-1,486,-1,-1
2022-10-31,-1,164,-1,-1
2022-10-31,-1,860,-1,-1
2022-10-31,-1,781,-1,-1
2022-10-31,-1,1119,-1,-1
2022-10-31,-1,13,-1,-1
2022-10-31,-1,354,-1,-1
2022-10-31,-1,53,-1,-1
2022-10-31,-1,221,-1,-1
2022-10-31,-1,1826,-1,-1
2022-11-01,-1,1139,-1,-1
2022-11-01,-1,1360,-1,-1
2022-11-01,-1,912,-1,-1
2022-11-01,-1,3283,-1,-1
2022-11-02,-1,5501,-1,-1
2022-11-02,-1,610,-1,-1
2022-11-03,-1,1485,-1,-1
2022-11-03,-1,579,-1,-1
2022-11-03,-1,5281,-1,-1
2022-11-03,-1,49,-1,-1
2022-11-04,-1,1466,-1,-1
2022-11-04,-1,1074,-1,-1
2022-11-04,-1,1807,-1,-1
2022-11-04,-1,180,-1,-1
2022-11-04,-1,200,-1,-1
2022-11-04,-1,99,-1,-1
2022-11-04,-1,587,-1,-1
2022-11-04,-1,192,-1,-1
2022-11-04,-1,305,-1,-1
2022-11-05,-1,2461,-1,-1
2022-11-05,-1,1084,-1,-1
2022-11-05,-1,370,-1,-1
2022-11-05,-1,727,-1,-1
2022-11-05,-1,814,-1,-1
2022-11-05,-1,457,-1,-1
2022-11-05,-1,529,-1,-1
2022-11-06,-1,4824,-1,-1
2022-11-06,-1,1806,-1,-1
2022-11-06,-1,344,-1,-1
2022-11-07,-1,1978,-1,-1
2022-11-07,-1,1093,-1,-1
2022-11-08,-1,868,-1,-1
2022-11-08,-1,835,-1,-1
2022-11-09,-1,81,-1,-1
2022-11-09,-1,2697,-1,-1
2022-11-09,-1,466,-1,-1
2022-11-09,-1,1482,-1,-1
2022-11-09,-1,324,-1,-1
2022-11-09,-1,392,-1,-1
2022-11-09,-1,126,-1,-1
2022-11-10,-1,380,-1,-1
2022-11-10,-1,138,-1,-1
2022-11-10,-1,4708,-1,-1
2022-11-10,-1,65,-1,-1
2022-11-10,-1,180,-1,-1
2022-11-10,-1,6709,-1,-1
2022-11-10,-1,7,-1,-1
2022-11-10,-1,1069,-1,-1
2022-11-11,-1,384,-1,-1
2022-11-11,-1,41,-1,-1
2022-11-11,è¿ç»­çœ‹10å°æ—¶é¸¡ä½ å¤ªç¾ğŸ”ç›´åˆ°æ­»äº¡,42258,http://www.bilibili.com/video/av262452093,262452093
2022-11-11,-1,969,-1,-1
2022-11-12,-1,13424,-1,-1
2022-11-12,-1,445,-1,-1
2022-11-12,-1,11530,-1,-1
2022-11-12,-1,96,-1,-1
2022-11-12,-1,492,-1,-1
2022-11-12,-1,1848,-1,-1
2022-11-12,-1,2445,-1,-1
2022-11-12,-1,188,-1,-1
2022-11-12,-1,978,-1,-1
2022-11-12,-1,2579,-1,-1
2022-11-12,-1,2244,-1,-1
2022-11-12,-1,5,-1,-1
2022-11-13,-1,4013,-1,-1
2022-11-13,-1,312,-1,-1
2022-11-13,-1,397,-1,-1
2022-11-13,-1,26,-1,-1
2022-11-13,-1,1170,-1,-1
2022-11-13,-1,1545,-1,-1
2022-11-13,-1,2290,-1,-1
2022-11-14,-1,194,-1,-1
2022-11-14,-1,281,-1,-1
2022-11-14,-1,9,-1,-1
2022-11-14,-1,236,-1,-1
2022-11-14,-1,604,-1,-1
2022-11-14,-1,824,-1,-1
2022-11-14,-1,127,-1,-1
2022-11-14,-1,1150,-1,-1
2022-11-14,-1,1249,-1,-1
2022-11-15,-1,430,-1,-1
2022-11-15,-1,67,-1,-1
2022-11-15,-1,7,-1,-1
2022-11-15,-1,58,-1,-1
2022-11-15,-1,681,-1,-1
2022-11-15,-1,283,-1,-1
2022-11-15,-1,1811,-1,-1
2022-11-16,-1,9,-1,-1
2022-11-16,-1,1534,-1,-1
2022-11-16,-1,1533,-1,-1
2022-11-16,-1,6080,-1,-1
2022-11-16,-1,1825,-1,-1
2022-11-16,-1,2080,-1,-1
2022-11-17,-1,211,-1,-1
2022-11-17,-1,1492,-1,-1
2022-11-17,-1,1380,-1,-1
2022-11-17,-1,224,-1,-1
2022-11-17,-1,452,-1,-1
2022-11-17,-1,484,-1,-1
2022-11-18,-1,5597,-1,-1
2022-11-18,-1,727,-1,-1
2022-11-18,-1,64,-1,-1
2022-11-18,-1,79,-1,-1
2022-11-18,-1,1767,-1,-1
2022-11-18,-1,28,-1,-1
2022-11-18,-1,4466,-1,-1
2022-11-19,-1,150,-1,-1
2022-11-19,-1,1783,-1,-1
2022-11-19,-1,50,-1,-1
2022-11-19,-1,165,-1,-1
2022-11-19,-1,2056,-1,-1
2022-11-19,-1,1915,-1,-1
2022-11-19,-1,1447,-1,-1
2022-11-20,-1,35,-1,-1
2022-11-20,-1,55,-1,-1
2022-11-20,-1,2043,-1,-1
2022-11-20,-1,202,-1,-1
2022-11-20,-1,438,-1,-1
2022-11-20,-1,1527,-1,-1
2022-11-20,-1,25,-1,-1
2022-11-20,-1,237,-1,-1
2022-11-21,-1,1537,-1,-1
2022-11-21,-1,433,-1,-1
2022-11-21,-1,420,-1,-1
2022-11-21,-1,2376,-1,-1
2022-11-21,-1,12,-1,-1
2022-11-21,-1,268,-1,-1
2022-11-21,-1,187,-1,-1
2022-11-21,-1,254,-1,-1
2022-11-21,-1,448,-1,-1
2022-11-21,-1,1183,-1,-1
2022-11-21,-1,365,-1,-1
2022-11-21,-1,0,-1,-1
2022-11-22,-1,285,-1,-1
2022-11-22,-1,416,-1,-1
2022-11-22,-1,464,-1,-1
2022-11-23,-1,2378,-1,-1
2022-11-23,-1,1564,-1,-1
2022-11-23,-1,5068,-1,-1
2022-11-23,-1,1450,-1,-1
2022-11-23,-1,717,-1,-1
2022-11-23,-1,515,-1,-1
2022-11-23,-1,136,-1,-1
2022-11-23,-1,2362,-1,-1
2022-11-24,-1,957,-1,-1
2022-11-24,-1,457,-1,-1
2022-11-24,-1,2534,-1,-1
2022-11-24,-1,64,-1,-1
2022-11-24,-1,2938,-1,-1
2022-11-24,-1,1766,-1,-1
2022-11-24,-1,1345,-1,-1
2022-11-24,-1,319,-1,-1
2022-11-25,-1,205,-1,-1
2022-11-25,-1,2316,-1,-1
2022-11-25,-1,12,-1,-1
2022-11-25,-1,1044,-1,-1
2022-11-25,-1,2759,-1,-1
2022-11-25,-1,245,-1,-1
2022-11-25,-1,2646,-1,-1
2022-11-25,-1,367,-1,-1
2022-11-25,-1,148,-1,-1
2022-11-26,-1,5322,-1,-1
2022-11-26,-1,2176,-1,-1
2022-11-26,-1,3564,-1,-1
2022-11-26,-1,315,-1,-1
2022-11-26,-1,596,-1,-1
2022-11-26,-1,6321,-1,-1
2022-11-26,-1,423,-1,-1
2022-11-26,-1,1698,-1,-1
2022-11-26,-1,3609,-1,-1
2022-11-26,-1,259,-1,-1
2022-11-26,-1,256,-1,-1
2022-11-27,-1,1744,-1,-1
2022-11-27,-1,551,-1,-1
2022-11-27,-1,1946,-1,-1
2022-11-27,-1,66,-1,-1
2022-11-27,-1,692,-1,-1
2022-11-27,-1,848,-1,-1
2022-11-27,-1,9622,-1,-1
2022-11-27,-1,1054,-1,-1
2022-11-27,-1,1591,-1,-1
2022-11-27,-1,75,-1,-1
2022-11-28,-1,22,-1,-1
2022-11-28,-1,1128,-1,-1
2022-11-28,-1,783,-1,-1
2022-11-28,-1,8664,-1,-1
2022-11-28,-1,71,-1,-1
2022-11-29,-1,341,-1,-1
2022-11-29,-1,456,-1,-1
2022-11-29,-1,3816,-1,-1
2022-11-29,-1,375,-1,-1
2022-11-30,-1,896,-1,-1
2022-11-30,-1,10,-1,-1
2022-11-30,-1,1194,-1,-1
2022-11-30,-1,881,-1,-1
2022-11-30,-1,958,-1,-1
2022-11-30,-1,1447,-1,-1
2022-11-30,-1,1309,-1,-1
2022-12-01,-1,190,-1,-1
2022-12-01,-1,205,-1,-1
2022-12-01,-1,1885,-1,-1
2022-12-01,-1,939,-1,-1
2022-12-01,-1,511,-1,-1
2022-12-02,-1,299,-1,-1
2022-12-02,-1,645,-1,-1
2022-12-02,-1,267,-1,-1
2022-12-02,-1,3472,-1,-1
2022-12-02,-1,3507,-1,-1
2022-12-02,-1,2169,-1,-1
2022-12-02,-1,6224,-1,-1
2022-12-02,-1,91,-1,-1
2022-12-02,-1,465,-1,-1
2022-12-03,-1,427,-1,-1
2022-12-03,-1,471,-1,-1
2022-12-03,-1,1345,-1,-1
2022-12-03,-1,1404,-1,-1
2022-12-04,-1,13143,-1,-1
2022-12-04,-1,189,-1,-1
2022-12-04,-1,509,-1,-1
2022-12-04,-1,7620,-1,-1
2022-12-04,-1,511,-1,-1
2022-12-05,-1,233,-1,-1
2022-12-05,-1,1481,-1,-1
2022-12-05,-1,347,-1,-1
2022-12-05,-1,293,-1,-1
2022-12-05,-1,344,-1,-1
2022-12-06,-1,643,-1,-1
2022-12-06,-1,244,-1,-1
2022-12-07,-1,1710,-1,-1
2022-12-07,-1,863,-1,-1
2022-12-07,-1,1055,-1,-1
2022-12-07,-1,207,-1,-1
2022-12-07,-1,4528,-1,-1
2022-12-07,-1,4,-1,-1
2022-12-07,-1,2772,-1,-1
2022-12-07,-1,6624,-1,-1
2022-12-07,-1,49,-1,-1
2022-12-07,-1,1050,-1,-1
2022-12-08,-1,459,-1,-1
2022-12-08,-1,18,-1,-1
2022-12-08,-1,4529,-1,-1
2022-12-08,-1,1226,-1,-1
2022-12-08,-1,2851,-1,-1
2022-12-08,-1,23,-1,-1
2022-12-08,-1,809,-1,-1
2022-12-08,-1,267,-1,-1
2022-12-09,-1,1754,-1,-1
2022-12-09,-1,8141,-1,-1
2022-12-09,-1,4505,-1,-1
2022-12-10,-1,364,-1,-1
2022-12-10,-1,5207,-1,-1
2022-12-10,-1,290,-1,-1
2022-12-10,-1,297,-1,-1
2022-12-10,-1,580,-1,-1
2022-12-10,-1,2097,-1,-1
2022-12-10,-1,152,-1,-1
2022-12-10,-1,1768,-1,-1
2022-12-10,-1,238,-1,-1
2022-12-11,-1,654,-1,-1
2022-12-11,-1,930,-1,-1
2022-12-11,-1,1217,-1,-1
2022-12-11,-1,2017,-1,-1
2022-12-11,-1,453,-1,-1
2022-12-11,-1,730,-1,-1
2022-12-11,-1,2,-1,-1
2022-12-12,-1,41,-1,-1
2022-12-12,-1,847,-1,-1
2022-12-12,-1,1927,-1,-1
2022-12-12,-1,893,-1,-1
2022-12-13,-1,2912,-1,-1
2022-12-13,-1,1899,-1,-1
2022-12-13,-1,405,-1,-1
2022-12-13,-1,1428,-1,-1
2022-12-14,-1,2100,-1,-1
2022-12-14,-1,2708,-1,-1
2022-12-14,-1,1586,-1,-1
2022-12-14,-1,3925,-1,-1
2022-12-14,-1,2069,-1,-1
2022-12-14,-1,674,-1,-1
2022-12-14,-1,742,-1,-1
2022-12-14,-1,1,-1,-1
2022-12-15,-1,192,-1,-1
2022-12-15,-1,732,-1,-1
2022-12-15,-1,3315,-1,-1
2022-12-15,-1,124,-1,-1
2022-12-15,-1,1452,-1,-1
2022-12-15,-1,7000,-1,-1
2022-12-16,-1,328,-1,-1
2022-12-16,-1,1014,-1,-1
2022-12-16,-1,151,-1,-1
2022-12-16,-1,99,-1,-1
2022-12-16,-1,345,-1,-1
2022-12-16,-1,5936,-1,-1
2022-12-16,-1,984,-1,-1
2022-12-16,-1,5733,-1,-1
2022-12-17,-1,1734,-1,-1
2022-12-17,-1,117,-1,-1
2022-12-17,-1,6036,-1,-1
2022-12-17,-1,109,-1,-1
2022-12-18,-1,274,-1,-1
2022-12-18,-1,129,-1,-1
2022-12-18,-1,1738,-1,-1
2022-12-19,-1,956,-1,-1
2022-12-19,-1,2746,-1,-1
2022-12-19,-1,565,-1,-1
2022-12-19,-1,1377,-1,-1
2022-12-19,-1,4659,-1,-1
2022-12-19,-1,1362,-1,-1
2022-12-20,-1,1328,-1,-1
2022-12-20,-1,1135,-1,-1
2022-12-20,-1,4317,-1,-1
2022-12-20,-1,407,-1,-1
2022-12-20,-1,3631,-1,-1
2022-12-20,-1,205,-1,-1
2022-12-20,-1,1216,-1,-1
2022-12-21,-1,2225,-1,-1
2022-12-21,-1,12440,-1,-1
2022-12-21,-1,66,-1,-1
2022-12-21,-1,0,-1,-1
2022-12-21,-1,123,-1,-1
2022-12-22,-1,641,-1,-1
2022-12-22,-1,557,-1,-1
2022-12-22,-1,74,-1,-1
2022-12-22,-1,3122,-1,-1
2022-12-22,-1,320,-1,-1
2022-12-22,-1,1917,-1,-1
2022-12-22,-1,0,-1,-1
2022-12-22,-1,3,-1,-1
2022-12-23,-1,5257,-1,-1
2022-12-23,-1,1789,-1,-1
2022-12-23,-1,148,-1,-1
2022-12-23,-1,1177,-1,-1
2022-12-23,-1,8844,-1,-1
2022-12-23,-1,50,-1,-1
2022-12-23,-1,1875,-1,-1
2022-12-24,-1,17862,-1,-1
2022-12-24,-1,198,-1,-1
2022-12-24,-1,3891,-1,-1
2022-12-24,-1,314,-1,-1
2022-12-24,-1,129,-1,-1
2022-12-24,-1,230,-1,-1
2022-12-25,-1,1,-1,-1
2022-12-25,-1,3391,-1,-1
2022-12-25,-1,675,-1,-1
2022-12-25,-1,376,-1,-1
2022-12-26,-1,202,-1,-1
2022-12-26,-1,20368,-1,-1
2022-12-26,-1,670,-1,-1
2022-12-27,-1,367,-1,-1
2022-12-27,-1,4318,-1,-1
2022-12-27,-1,368,-1,-1
2022-12-27,-1,1893,-1,-1
2022-12-27,-1,383,-1,-1
2022-12-27,-1,41,-1,-1
2022-12-28,-1,123,-1,-1
2022-12-28,-1,7301,-1,-1
2022-12-28,-1,2386,-1,-1
2022-12-28,-1,1395,-1,-1
2022-12-28,-1,30,-1,-1
2022-12-28,-1,2173,-1,-1
2022-12-29,-1,3628,-1,-1
2022-12-29,-1,2299,-1,-1
2022-12-29,-1,1814,-1,-1
2022-12-29,-1,145,-1,-1
2022-12-29,-1,1437,-1,-1
2022-12-29,-1,100,-1,-1
2022-12-30,-1,212,-1,-1
2022-12-30,-1,4408,-1,-1
2022-12-30,-1,3080,-1,-1
2022-12-30,-1,7122,-1,-1
2022-12-30,-1,54,-1,-1
2022-12-31,-1,2365,-1,-1
2022-12-31,-1,105,-1,-1
2022-12-31,-1,10680,-1,-1
2022-12-31,-1,4181,-1,-1
2022-12-31,-1,10056,-1,-1
2022-12-31,-1,65,-1,-1
2022-12-31,-1,1936,-1,-1
2022-12-31,-1,2831,-1,-1
2022-12-31,-1,1747,-1,-1
2022-12-31,ã€ç”µå½±ã€‘å¤åŒ–å±æœº Iï¼›é¸¡ç—…æ¯’,41624,http://www.bilibili.com/video/av349500343,349500343
2023-01-01,-1,9973,-1,-1
2023-01-01,-1,2907,-1,-1
2023-01-01,-1,6530,-1,-1
2023-01-01,-1,1513,-1,-1
2023-01-01,-1,1507,-1,-1
2023-01-01,-1,2056,-1,-1
2023-01-01,-1,2694,-1,-1
2023-01-01,-1,1547,-1,-1
2023-01-02,-1,1106,-1,-1
2023-01-03,-1,5747,-1,-1
2023-01-03,-1,5593,-1,-1
2023-01-03,100é¦–é²²æ›²å¤§æ”¾é€ï¼ŒçœŸikunå¿…å¬ï¼ã€ç¬¬ä¸€æœŸã€‘,28444,http://www.bilibili.com/video/av349662186,349662186
2023-01-03,-1,236,-1,-1
2023-01-04,-1,5,-1,-1
2023-01-04,-1,81,-1,-1
2023-01-04,-1,4781,-1,-1
2023-01-04,-1,458,-1,-1
2023-01-04,-1,209,-1,-1
2023-01-05,-1,333,-1,-1
2023-01-05,-1,1154,-1,-1
2023-01-05,-1,838,-1,-1
2023-01-05,-1,1127,-1,-1
2023-01-05,-1,399,-1,-1
2023-01-05,-1,330,-1,-1
2023-01-05,-1,60,-1,-1
2023-01-06,-1,15848,-1,-1
2023-01-06,-1,10460,-1,-1
2023-01-06,-1,235,-1,-1
2023-01-06,-1,306,-1,-1
2023-01-06,-1,5477,-1,-1
2023-01-07,-1,1057,-1,-1
2023-01-07,-1,2183,-1,-1
2023-01-07,-1,2409,-1,-1
2023-01-07,-1,787,-1,-1
2023-01-07,-1,460,-1,-1
2023-01-07,-1,135,-1,-1
2023-01-07,-1,679,-1,-1
2023-01-07,-1,806,-1,-1
2023-01-07,-1,556,-1,-1
2023-01-07,-1,9491,-1,-1
2023-01-08,-1,268,-1,-1
2023-01-08,-1,2240,-1,-1
2023-01-08,-1,812,-1,-1
2023-01-08,-1,2915,-1,-1
2023-01-08,-1,330,-1,-1
2023-01-08,-1,110,-1,-1
2023-01-08,-1,5414,-1,-1
2023-01-08,-1,154,-1,-1
2023-01-08,-1,6892,-1,-1
2023-01-08,-1,271,-1,-1
2023-01-09,-1,29,-1,-1
2023-01-09,-1,2121,-1,-1
2023-01-09,-1,133,-1,-1
2023-01-09,-1,150,-1,-1
2023-01-09,-1,272,-1,-1
2023-01-09,-1,138,-1,-1
2023-01-10,-1,660,-1,-1
2023-01-10,-1,98,-1,-1
2023-01-10,-1,1612,-1,-1
2023-01-10,-1,2294,-1,-1
2023-01-10,-1,5374,-1,-1
2023-01-10,-1,1203,-1,-1
2023-01-10,-1,388,-1,-1
2023-01-10,-1,4983,-1,-1
2023-01-11,-1,2405,-1,-1
2023-01-11,-1,128,-1,-1
2023-01-11,-1,842,-1,-1
2023-01-11,-1,109,-1,-1
2023-01-11,-1,880,-1,-1
2023-01-12,-1,1160,-1,-1
2023-01-12,-1,1338,-1,-1
2023-01-12,-1,1590,-1,-1
2023-01-12,-1,408,-1,-1
2023-01-12,-1,3510,-1,-1
2023-01-12,-1,236,-1,-1
2023-01-12,-1,684,-1,-1
2023-01-13,-1,557,-1,-1
2023-01-13,-1,6,-1,-1
2023-01-13,-1,956,-1,-1
2023-01-13,-1,658,-1,-1
2023-01-13,-1,1187,-1,-1
2023-01-13,-1,257,-1,-1
2023-01-14,-1,1891,-1,-1
2023-01-14,-1,1418,-1,-1
2023-01-14,-1,1036,-1,-1
2023-01-14,-1,846,-1,-1
2023-01-14,-1,744,-1,-1
2023-01-14,-1,812,-1,-1
2023-01-14,-1,338,-1,-1
2023-01-14,ç›®ä¸­æ— äººï¼Œç‹‚è€å¤§ç‰Œï¼Œé¢ å€’é»‘ç™½ï¼Œå®˜åª’ç‚¹åã€‚ç›˜ç‚¹è¿‘æœŸç¿»è½¦çš„é«˜è´µè‰ºäººã€‚,63193,http://www.bilibili.com/video/av392866943,392866943
2023-01-14,-1,151,-1,-1
2023-01-15,-1,5324,-1,-1
2023-01-15,-1,55,-1,-1
2023-01-15,-1,248,-1,-1
2023-01-15,-1,449,-1,-1
2023-01-15,-1,695,-1,-1
2023-01-16,-1,1897,-1,-1
2023-01-16,-1,1044,-1,-1
2023-01-16,-1,1224,-1,-1
2023-01-16,-1,371,-1,-1
2023-01-16,-1,1100,-1,-1
2023-01-16,-1,11769,-1,-1
2023-01-16,-1,31,-1,-1
2023-01-17,-1,996,-1,-1
2023-01-17,-1,402,-1,-1
2023-01-17,-1,1236,-1,-1
2023-01-17,-1,4304,-1,-1
2023-01-17,-1,1651,-1,-1
2023-01-17,-1,1129,-1,-1
2023-01-17,-1,5712,-1,-1
2023-01-18,-1,12633,-1,-1
2023-01-18,-1,318,-1,-1
2023-01-18,-1,400,-1,-1
2023-01-18,-1,322,-1,-1
2023-01-18,-1,2519,-1,-1
2023-01-18,-1,2804,-1,-1
2023-01-18,-1,4020,-1,-1
2023-01-19,-1,937,-1,-1
2023-01-19,-1,2073,-1,-1
2023-01-19,-1,2521,-1,-1
2023-01-19,-1,98,-1,-1
2023-01-19,-1,1320,-1,-1
2023-01-19,-1,2888,-1,-1
2023-01-19,-1,360,-1,-1
2023-01-20,-1,1804,-1,-1
2023-01-20,-1,140,-1,-1
2023-01-20,-1,521,-1,-1
2023-01-20,-1,2345,-1,-1
2023-01-20,-1,302,-1,-1
2023-01-21,-1,1687,-1,-1
2023-01-21,-1,247,-1,-1
2023-01-21,-1,398,-1,-1
2023-01-21,-1,46,-1,-1
2023-01-21,-1,2503,-1,-1
2023-01-21,-1,454,-1,-1
2023-01-21,-1,4173,-1,-1
2023-01-21,-1,517,-1,-1
2023-01-21,-1,756,-1,-1
2023-01-22,-1,4222,-1,-1
2023-01-22,-1,1888,-1,-1
2023-01-22,-1,37,-1,-1
2023-01-22,-1,340,-1,-1
2023-01-22,-1,489,-1,-1
2023-01-22,-1,3744,-1,-1
2023-01-22,-1,3691,-1,-1
2023-01-22,-1,154,-1,-1
2023-01-23,-1,135,-1,-1
2023-01-24,-1,963,-1,-1
2023-01-24,-1,201,-1,-1
2023-01-24,-1,134,-1,-1
2023-01-24,-1,12399,-1,-1
2023-01-24,-1,3034,-1,-1
2023-01-24,-1,2020,-1,-1
2023-01-24,-1,1671,-1,-1
2023-01-24,-1,80,-1,-1
2023-01-25,-1,26,-1,-1
2023-01-25,-1,140,-1,-1
2023-01-25,-1,1009,-1,-1
2023-01-25,-1,333,-1,-1
2023-01-25,-1,53,-1,-1
2023-01-25,-1,190,-1,-1
2023-01-25,-1,5040,-1,-1
2023-01-26,-1,298,-1,-1
2023-01-26,-1,1837,-1,-1
2023-01-26,-1,167,-1,-1
2023-01-26,-1,1472,-1,-1
2023-01-26,-1,2572,-1,-1
2023-01-26,-1,71,-1,-1
2023-01-26,-1,53,-1,-1
2023-01-26,-1,450,-1,-1
2023-01-27,-1,1026,-1,-1
2023-01-27,-1,172,-1,-1
2023-01-27,-1,1169,-1,-1
2023-01-27,-1,2665,-1,-1
2023-01-27,-1,2757,-1,-1
2023-01-27,-1,495,-1,-1
2023-01-27,-1,13,-1,-1
2023-01-28,-1,4039,-1,-1
2023-01-28,-1,222,-1,-1
2023-01-28,-1,418,-1,-1
2023-01-28,-1,112,-1,-1
2023-01-28,-1,2286,-1,-1
2023-01-29,-1,91,-1,-1
2023-01-29,-1,94,-1,-1
2023-01-29,-1,17699,-1,-1
2023-01-29,-1,911,-1,-1
2023-01-29,-1,1516,-1,-1
2023-01-29,-1,2929,-1,-1
2023-01-29,-1,278,-1,-1
2023-01-29,-1,176,-1,-1
2023-01-30,-1,2946,-1,-1
2023-01-30,-1,1682,-1,-1
2023-01-30,-1,987,-1,-1
2023-01-30,-1,145,-1,-1
2023-01-30,-1,694,-1,-1
2023-01-31,-1,14,-1,-1
2023-01-31,-1,3353,-1,-1
2023-01-31,-1,889,-1,-1
2023-01-31,-1,643,-1,-1
2023-01-31,-1,667,-1,-1
2023-01-31,-1,13,-1,-1
2023-01-31,-1,17,-1,-1
2023-02-01,-1,1437,-1,-1
2023-02-01,-1,11,-1,-1
2023-02-01,-1,62,-1,-1
2023-02-01,-1,791,-1,-1
2023-02-01,-1,471,-1,-1
2023-02-01,-1,636,-1,-1
2023-02-01,-1,474,-1,-1
2023-02-02,-1,1286,-1,-1
2023-02-02,-1,4820,-1,-1
2023-02-02,-1,983,-1,-1
2023-02-02,-1,801,-1,-1
2023-02-02,-1,64,-1,-1
2023-02-02,-1,209,-1,-1
2023-02-02,-1,355,-1,-1
2023-02-02,-1,326,-1,-1
2023-02-02,-1,345,-1,-1
2023-02-02,-1,846,-1,-1
2023-02-02,-1,192,-1,-1
2023-02-03,-1,199,-1,-1
2023-02-03,-1,1016,-1,-1
2023-02-03,-1,321,-1,-1
2023-02-03,-1,230,-1,-1
2023-02-03,-1,566,-1,-1
2023-02-03,-1,629,-1,-1
2023-02-03,-1,223,-1,-1
2023-02-03,-1,3306,-1,-1
2023-02-03,-1,4217,-1,-1
2023-02-03,-1,500,-1,-1
2023-02-03,-1,1072,-1,-1
2023-02-04,-1,3050,-1,-1
2023-02-04,-1,2164,-1,-1
2023-02-04,-1,4432,-1,-1
2023-02-04,-1,1452,-1,-1
2023-02-04,-1,17283,-1,-1
2023-02-04,-1,366,-1,-1
2023-02-04,-1,717,-1,-1
2023-02-05,-1,1390,-1,-1
2023-02-05,-1,1811,-1,-1
2023-02-05,-1,3992,-1,-1
2023-02-05,-1,2952,-1,-1
2023-02-05,-1,1287,-1,-1
2023-02-05,-1,238,-1,-1
2023-02-05,-1,361,-1,-1
2023-02-05,-1,5131,-1,-1
2023-02-05,-1,46,-1,-1
2023-02-07,-1,1145,-1,-1
2023-02-07,-1,50,-1,-1
2023-02-08,-1,137,-1,-1
2023-02-08,-1,711,-1,-1
2023-02-08,-1,1061,-1,-1
2023-02-08,-1,801,-1,-1
2023-02-08,-1,1142,-1,-1
2023-02-08,-1,1348,-1,-1
2023-02-08,-1,15,-1,-1
2023-02-09,-1,1960,-1,-1
2023-02-09,-1,2553,-1,-1
2023-02-09,-1,450,-1,-1
2023-02-09,-1,3377,-1,-1
2023-02-09,-1,85,-1,-1
2023-02-10,-1,159,-1,-1
2023-02-10,-1,195,-1,-1
2023-02-10,-1,444,-1,-1
2023-02-10,-1,1130,-1,-1
2023-02-10,-1,612,-1,-1
2023-02-10,-1,15,-1,-1
2023-02-11,-1,1066,-1,-1
2023-02-11,-1,323,-1,-1
2023-02-11,-1,29,-1,-1
2023-02-12,-1,23,-1,-1
2023-02-12,-1,1,-1,-1
2023-02-12,-1,4412,-1,-1
2023-02-12,-1,17,-1,-1
2023-02-12,-1,132,-1,-1
2023-02-12,-1,12,-1,-1
2023-02-13,-1,1700,-1,-1
2023-02-13,-1,938,-1,-1
2023-02-13,-1,11724,-1,-1
2023-02-14,-1,1258,-1,-1
2023-02-14,-1,190,-1,-1
2023-02-14,-1,7224,-1,-1
2023-02-14,-1,470,-1,-1
2023-02-14,-1,4212,-1,-1
2023-02-16,-1,265,-1,-1
2023-02-16,-1,1449,-1,-1
2023-02-16,-1,505,-1,-1
2023-02-16,-1,390,-1,-1
2023-02-16,-1,1059,-1,-1
2023-02-16,-1,1840,-1,-1
2023-02-17,-1,808,-1,-1
2023-02-17,-1,376,-1,-1
2023-02-18,-1,105,-1,-1
2023-02-18,-1,1604,-1,-1
2023-02-18,-1,467,-1,-1
2023-02-18,-1,893,-1,-1
2023-02-18,-1,282,-1,-1
2023-02-18,-1,1992,-1,-1
2023-02-18,-1,447,-1,-1
2023-02-19,-1,638,-1,-1
2023-02-19,-1,324,-1,-1
2023-02-19,-1,932,-1,-1
2023-02-19,-1,2575,-1,-1
2023-02-19,-1,1366,-1,-1
2023-02-19,-1,75,-1,-1
2023-02-20,-1,496,-1,-1
2023-02-20,-1,12051,-1,-1
2023-02-21,-1,4306,-1,-1
2023-02-21,-1,545,-1,-1
2023-02-21,-1,564,-1,-1
2023-02-21,-1,1505,-1,-1
2023-02-21,-1,1089,-1,-1
2023-02-21,-1,211,-1,-1
2023-02-22,-1,6008,-1,-1
2023-02-22,-1,5018,-1,-1
2023-02-22,-1,108,-1,-1
2023-02-23,-1,408,-1,-1
2023-02-23,-1,5,-1,-1
2023-02-23,-1,1577,-1,-1
2023-02-23,-1,3109,-1,-1
2023-02-23,-1,1622,-1,-1
2023-02-23,-1,661,-1,-1
2023-02-23,-1,734,-1,-1
2023-02-24,-1,225,-1,-1
2023-02-24,-1,363,-1,-1
2023-02-24,-1,383,-1,-1
2023-02-24,-1,204,-1,-1
2023-02-25,-1,479,-1,-1
2023-02-25,-1,514,-1,-1
2023-02-26,-1,276,-1,-1
2023-02-26,-1,81,-1,-1
2023-02-26,-1,167,-1,-1
2023-02-27,-1,166,-1,-1
2023-02-28,-1,841,-1,-1
2023-02-28,-1,187,-1,-1
2023-03-01,-1,1427,-1,-1
2023-03-01,-1,35,-1,-1
2023-03-01,-1,1646,-1,-1
2023-03-01,-1,179,-1,-1
2023-03-02,-1,57,-1,-1
2023-03-02,-1,801,-1,-1
2023-03-02,-1,187,-1,-1
2023-03-02,-1,1760,-1,-1
2023-03-03,-1,2041,-1,-1
2023-03-03,-1,4025,-1,-1
2023-03-03,-1,352,-1,-1
2023-03-03,-1,214,-1,-1
2023-03-03,-1,6257,-1,-1
2023-03-03,-1,951,-1,-1
2023-03-03,-1,296,-1,-1
2023-03-03,-1,4,-1,-1
2023-03-04,-1,2709,-1,-1
2023-03-04,-1,1297,-1,-1
2023-03-04,-1,15239,-1,-1
2023-03-04,-1,52,-1,-1
2023-03-04,-1,1213,-1,-1
2023-03-05,-1,1009,-1,-1
2023-03-05,-1,265,-1,-1
2023-03-05,-1,65,-1,-1
2023-03-05,-1,161,-1,-1
2023-03-05,-1,89,-1,-1
2023-03-06,-1,2368,-1,-1
2023-03-06,-1,6789,-1,-1
2023-03-06,-1,7071,-1,-1
2023-03-07,-1,332,-1,-1
2023-03-07,-1,7234,-1,-1
2023-03-07,-1,272,-1,-1
2023-03-07,-1,817,-1,-1
2023-03-07,-1,581,-1,-1
2023-03-08,-1,33,-1,-1
2023-03-08,-1,455,-1,-1
2023-03-08,-1,1265,-1,-1
2023-03-08,-1,401,-1,-1
2023-03-08,-1,10,-1,-1
2023-03-09,-1,357,-1,-1
2023-03-09,-1,237,-1,-1
2023-03-09,-1,266,-1,-1
2023-03-09,-1,411,-1,-1
2023-03-09,-1,5570,-1,-1
2023-03-09,-1,1625,-1,-1
2023-03-10,-1,1429,-1,-1
2023-03-10,-1,2513,-1,-1
2023-03-10,-1,955,-1,-1
2023-03-11,-1,1554,-1,-1
2023-03-11,-1,405,-1,-1
2023-03-11,-1,806,-1,-1
2023-03-11,-1,841,-1,-1
2023-03-11,-1,64,-1,-1
2023-03-11,-1,4370,-1,-1
2023-03-11,-1,3,-1,-1
2023-03-12,-1,687,-1,-1
2023-03-12,-1,3536,-1,-1
2023-03-12,-1,94,-1,-1
2023-03-12,-1,948,-1,-1
2023-03-12,-1,203,-1,-1
2023-03-12,-1,0,-1,-1
2023-03-12,-1,659,-1,-1
2023-03-13,-1,368,-1,-1
2023-03-13,-1,2387,-1,-1
2023-03-13,-1,247,-1,-1
2023-03-13,-1,2262,-1,-1
2023-03-14,-1,7,-1,-1
2023-03-14,-1,385,-1,-1
2023-03-14,-1,2475,-1,-1
2023-03-14,-1,472,-1,-1
2023-03-15,-1,107,-1,-1
2023-03-15,-1,496,-1,-1
2023-03-15,-1,47,-1,-1
2023-03-15,-1,90,-1,-1
2023-03-15,-1,416,-1,-1
2023-03-16,-1,4234,-1,-1
2023-03-16,-1,3,-1,-1
2023-03-16,-1,2186,-1,-1
2023-03-16,-1,115,-1,-1
2023-03-16,-1,1197,-1,-1
2023-03-17,-1,1187,-1,-1
2023-03-17,-1,4,-1,-1
2023-03-17,-1,657,-1,-1
2023-03-17,-1,180,-1,-1
2023-03-18,-1,154,-1,-1
2023-03-18,-1,475,-1,-1
2023-03-18,-1,79,-1,-1
2023-03-18,-1,15303,-1,-1
2023-03-18,-1,580,-1,-1
2023-03-19,-1,71,-1,-1
2023-03-19,-1,31,-1,-1
2023-03-19,-1,8972,-1,-1
2023-03-19,-1,1718,-1,-1
2023-03-19,-1,88,-1,-1
2023-03-21,-1,437,-1,-1
2023-03-21,-1,11,-1,-1
2023-03-22,-1,131,-1,-1
2023-03-23,-1,17998,-1,-1
2023-03-23,-1,1137,-1,-1
2023-03-23,-1,340,-1,-1
2023-03-23,-1,7107,-1,-1
2023-03-24,-1,2732,-1,-1
2023-03-25,-1,751,-1,-1
2023-03-25,-1,1747,-1,-1
2023-03-25,-1,1469,-1,-1
2023-03-26,-1,596,-1,-1
2023-03-26,-1,275,-1,-1
2023-03-26,-1,1448,-1,-1
2023-03-26,-1,15939,-1,-1
2023-03-26,-1,2241,-1,-1
2023-03-26,-1,929,-1,-1
2023-03-26,-1,2577,-1,-1
2023-03-26,å¹´è´§ï¼ˆ0åˆ†é’Ÿç©ºæ°”ç‰ˆï¼‰,62237,http://www.bilibili.com/video/av739181800,739181800
2023-03-27,-1,45,-1,-1
2023-03-27,-1,666,-1,-1
2023-03-28,-1,3806,-1,-1
2023-03-28,-1,442,-1,-1
2023-03-29,-1,5920,-1,-1
2023-03-29,-1,5266,-1,-1
2023-03-29,-1,435,-1,-1
2023-03-29,-1,66,-1,-1
2023-03-30,-1,3118,-1,-1
2023-03-31,-1,1358,-1,-1
2023-03-31,-1,1,-1,-1
2023-03-31,-1,19,-1,-1
2023-04-01,-1,182,-1,-1
2023-04-01,-1,800,-1,-1
2023-04-01,-1,596,-1,-1
2023-04-01,-1,827,-1,-1
2023-04-01,-1,837,-1,-1
2023-04-01,-1,1290,-1,-1
2023-04-01,-1,49,-1,-1
2023-04-01,-1,1919,-1,-1
2023-04-02,-1,222,-1,-1
2023-04-02,-1,831,-1,-1
2023-04-02,-1,1698,-1,-1
2023-04-02,-1,972,-1,-1
2023-04-02,-1,1083,-1,-1
2023-04-03,æ—¶ä»£å°‘å¹´å›¢ï¼šç¢°ç“·æ“¦è¾¹å–è…ï¼Œåªæœ‰ä½ ä¸æ•¢æƒ³ï¼Œæ²¡æœ‰ä»–ä»¬ä¸æ•¢åš,33712,http://www.bilibili.com/video/av951999611,951999611
2023-04-04,-1,355,-1,-1
2023-04-04,-1,1477,-1,-1
2023-04-05,-1,1054,-1,-1
2023-04-05,-1,672,-1,-1
2023-04-05,-1,587,-1,-1
2023-04-06,-1,121,-1,-1
2023-04-06,-1,2516,-1,-1
2023-04-07,-1,3353,-1,-1
2023-04-07,-1,316,-1,-1
2023-04-07,-1,9,-1,-1
2023-04-07,-1,474,-1,-1
2023-04-08,-1,3177,-1,-1
2023-04-08,-1,297,-1,-1
2023-04-08,-1,730,-1,-1
2023-04-09,-1,1210,-1,-1
2023-04-09,-1,202,-1,-1
2023-04-09,-1,0,-1,-1
2023-04-10,-1,939,-1,-1
2023-04-10,-1,251,-1,-1
2023-04-11,-1,106,-1,-1
2023-04-11,-1,6,-1,-1
2023-04-11,-1,3841,-1,-1
2023-04-11,-1,518,-1,-1
2023-04-11,-1,270,-1,-1
2023-04-12,-1,1153,-1,-1
2023-04-12,-1,2126,-1,-1
2023-04-12,-1,4283,-1,-1
2023-04-12,-1,767,-1,-1
2023-04-12,-1,99,-1,-1
2023-04-13,-1,464,-1,-1
2023-04-14,-1,396,-1,-1
2023-04-14,-1,3237,-1,-1
2023-04-14,-1,1364,-1,-1
2023-04-14,-1,1640,-1,-1
2023-04-14,-1,1895,-1,-1
2023-04-14,-1,165,-1,-1
2023-04-15,-1,2295,-1,-1
2023-04-15,-1,1639,-1,-1
2023-04-15,-1,753,-1,-1
2023-04-16,-1,1514,-1,-1
2023-04-16,-1,253,-1,-1
2023-04-16,-1,1303,-1,-1
2023-04-16,-1,249,-1,-1
2023-04-17,-1,176,-1,-1
2023-04-17,-1,4113,-1,-1
2023-04-17,-1,2929,-1,-1
2023-04-17,-1,180,-1,-1
2023-04-18,-1,1328,-1,-1
2023-04-18,-1,1979,-1,-1
2023-04-18,-1,0,-1,-1
2023-04-19,-1,1974,-1,-1
2023-04-19,-1,355,-1,-1
2023-04-19,-1,332,-1,-1
2023-04-19,-1,197,-1,-1
2023-04-19,-1,2879,-1,-1
2023-04-19,-1,123,-1,-1
2023-04-19,-1,24,-1,-1
2023-04-20,-1,439,-1,-1
2023-04-20,-1,475,-1,-1
2023-04-20,-1,211,-1,-1
2023-04-20,-1,143,-1,-1
2023-04-20,-1,13310,-1,-1
2023-04-20,-1,413,-1,-1
2023-04-21,-1,6273,-1,-1
2023-04-21,-1,5089,-1,-1
2023-04-21,-1,1039,-1,-1
2023-04-21,-1,3183,-1,-1
2023-04-21,-1,197,-1,-1
2023-04-21,-1,5516,-1,-1
2023-04-21,-1,1926,-1,-1
2023-04-21,-1,710,-1,-1
2023-04-21,-1,1076,-1,-1
2023-04-22,-1,558,-1,-1
2023-04-22,-1,1349,-1,-1
2023-04-22,-1,434,-1,-1
2023-04-22,-1,1583,-1,-1
2023-04-22,-1,7,-1,-1
2023-04-23,-1,1147,-1,-1
2023-04-23,-1,10,-1,-1
2023-04-23,-1,423,-1,-1
2023-04-24,-1,2316,-1,-1
2023-04-24,-1,847,-1,-1
2023-04-24,-1,820,-1,-1
2023-04-25,-1,504,-1,-1
2023-04-25,-1,2147,-1,-1
2023-04-25,-1,698,-1,-1
2023-04-25,-1,265,-1,-1
2023-04-25,-1,689,-1,-1
2023-04-25,-1,648,-1,-1
2023-04-25,-1,1560,-1,-1
2023-04-25,-1,845,-1,-1
2023-04-25,-1,209,-1,-1
2023-04-26,-1,2997,-1,-1
2023-04-27,-1,9582,-1,-1
2023-04-27,-1,1683,-1,-1
2023-04-28,-1,1693,-1,-1
2023-04-28,-1,1407,-1,-1
2023-04-28,-1,1088,-1,-1
2023-04-28,-1,85,-1,-1
2023-04-28,-1,2214,-1,-1
2023-04-28,-1,82,-1,-1
2023-04-28,-1,207,-1,-1
2023-04-28,-1,1387,-1,-1
2023-04-28,-1,843,-1,-1
2023-04-28,-1,221,-1,-1
2023-04-29,-1,2240,-1,-1
2023-04-29,-1,942,-1,-1
2023-04-29,-1,5119,-1,-1
2023-04-29,-1,1545,-1,-1
2023-04-29,-1,1386,-1,-1
2023-04-29,-1,6071,-1,-1
2023-04-29,-1,0,-1,-1
2023-04-29,-1,64,-1,-1
2023-04-30,-1,9816,-1,-1
2023-04-30,-1,2820,-1,-1
2023-04-30,-1,1423,-1,-1
2023-04-30,-1,1324,-1,-1
2023-04-30,-1,1962,-1,-1
2023-04-30,-1,3224,-1,-1
2023-04-30,-1,2828,-1,-1
2023-04-30,-1,743,-1,-1
2023-04-30,-1,1323,-1,-1
2023-04-30,-1,6,-1,-1
2023-05-01,-1,315,-1,-1
2023-05-01,-1,48,-1,-1
2023-05-01,-1,1460,-1,-1
2023-05-01,-1,1088,-1,-1
2023-05-01,-1,58,-1,-1
2023-05-01,-1,681,-1,-1
2023-05-01,-1,305,-1,-1
2023-05-01,-1,362,-1,-1
2023-05-01,-1,36,-1,-1
2023-05-01,-1,352,-1,-1
2023-05-02,-1,202,-1,-1
2023-05-02,-1,166,-1,-1
2023-05-02,-1,1614,-1,-1
2023-05-02,-1,340,-1,-1
2023-05-02,-1,2158,-1,-1
2023-05-03,-1,208,-1,-1
2023-05-03,-1,1046,-1,-1
2023-05-03,-1,1762,-1,-1
2023-05-04,-1,24,-1,-1
2023-05-04,-1,2020,-1,-1
2023-05-04,-1,1094,-1,-1
2023-05-04,-1,119,-1,-1
2023-05-05,-1,1128,-1,-1
2023-05-05,-1,489,-1,-1
2023-05-05,-1,492,-1,-1
2023-05-05,-1,145,-1,-1
2023-05-05,-1,660,-1,-1
2023-05-05,-1,1452,-1,-1
2023-05-06,-1,480,-1,-1
2023-05-06,-1,3973,-1,-1
2023-05-07,-1,1305,-1,-1
2023-05-07,-1,10360,-1,-1
2023-05-07,-1,1275,-1,-1
2023-05-07,-1,10,-1,-1
2023-05-08,-1,1621,-1,-1
2023-05-08,-1,2051,-1,-1
2023-05-08,-1,743,-1,-1
2023-05-08,-1,440,-1,-1
2023-05-09,-1,622,-1,-1
2023-05-09,-1,13,-1,-1
2023-05-09,-1,1163,-1,-1
2023-05-09,-1,650,-1,-1
2023-05-09,-1,788,-1,-1
2023-05-09,-1,43,-1,-1
2023-05-09,-1,421,-1,-1
2023-05-10,-1,570,-1,-1
2023-05-10,-1,1479,-1,-1
2023-05-10,-1,222,-1,-1
2023-05-10,-1,508,-1,-1
2023-05-10,-1,321,-1,-1
2023-05-11,-1,147,-1,-1
2023-05-11,-1,343,-1,-1
2023-05-11,-1,437,-1,-1
2023-05-11,-1,1151,-1,-1
2023-05-11,-1,693,-1,-1
2023-05-11,-1,39,-1,-1
2023-05-12,-1,901,-1,-1
2023-05-12,-1,3570,-1,-1
2023-05-12,-1,87,-1,-1
2023-05-12,-1,1725,-1,-1
2023-05-12,-1,4138,-1,-1
2023-05-13,-1,4315,-1,-1
2023-05-13,-1,3,-1,-1
2023-05-13,-1,1734,-1,-1
2023-05-13,-1,938,-1,-1
2023-05-13,-1,22,-1,-1
2023-05-14,-1,991,-1,-1
2023-05-14,-1,2129,-1,-1
2023-05-15,-1,925,-1,-1
2023-05-15,-1,844,-1,-1
2023-05-15,-1,952,-1,-1
2023-05-16,-1,41,-1,-1
2023-05-17,-1,1477,-1,-1
2023-05-17,-1,663,-1,-1
2023-05-17,-1,63,-1,-1
2023-05-17,-1,122,-1,-1
2023-05-17,-1,12,-1,-1
2023-05-17,-1,661,-1,-1
2023-05-17,-1,179,-1,-1
2023-05-17,-1,2443,-1,-1
2023-05-18,-1,3195,-1,-1
2023-05-18,-1,172,-1,-1
2023-05-18,-1,153,-1,-1
2023-05-19,-1,402,-1,-1
2023-05-19,-1,473,-1,-1
2023-05-19,-1,1304,-1,-1
2023-05-19,-1,1410,-1,-1
2023-05-19,-1,5255,-1,-1
2023-05-19,-1,9,-1,-1
2023-05-19,-1,7638,-1,-1
2023-05-19,-1,313,-1,-1
2023-05-19,-1,217,-1,-1
2023-05-19,-1,3180,-1,-1
2023-05-19,-1,151,-1,-1
2023-05-20,-1,147,-1,-1
2023-05-20,-1,1480,-1,-1
2023-05-20,-1,146,-1,-1
2023-05-20,-1,852,-1,-1
2023-05-20,-1,2443,-1,-1
2023-05-21,-1,843,-1,-1
2023-05-21,-1,1115,-1,-1
2023-05-21,-1,871,-1,-1
2023-05-21,-1,262,-1,-1
2023-05-21,-1,258,-1,-1
2023-05-22,-1,3353,-1,-1
2023-05-23,-1,472,-1,-1
2023-05-23,-1,2200,-1,-1
2023-05-23,-1,4564,-1,-1
2023-05-23,-1,1953,-1,-1
2023-05-24,-1,4981,-1,-1
2023-05-24,-1,75,-1,-1
2023-05-25,-1,1468,-1,-1
2023-05-26,-1,3131,-1,-1
2023-05-27,æ³°è£¤è¾£ã€é¸¡ä½ å¤ªç¾4å¤§çƒ­æ¢—èƒŒåï¼Œè—ç€å¹´è½»äºº4æ¬¡ç—›è‹¦ä¿¡å·ï¼ã€çƒ­æ¢—æ·±æŒ–ç³»åˆ—03ã€‘,27649,http://www.bilibili.com/video/av399015900,399015900
2023-05-27,-1,237,-1,-1
2023-05-27,-1,3629,-1,-1
2023-05-27,-1,1827,-1,-1
2023-05-28,-1,4712,-1,-1
2023-05-28,-1,124,-1,-1
2023-05-28,-1,8,-1,-1
2023-05-30,-1,1914,-1,-1
2023-05-30,-1,205,-1,-1
2023-05-31,-1,135,-1,-1
2023-06-01,-1,102,-1,-1
2023-06-01,-1,346,-1,-1
2023-06-01,-1,36,-1,-1
2023-06-01,-1,444,-1,-1
2023-06-01,-1,298,-1,-1
2023-06-01,-1,669,-1,-1
2023-06-02,-1,2108,-1,-1
2023-06-02,-1,810,-1,-1
2023-06-02,-1,181,-1,-1
2023-06-02,-1,1001,-1,-1
2023-06-02,-1,5720,-1,-1
2023-06-02,-1,836,-1,-1
2023-06-03,-1,5963,-1,-1
2023-06-03,-1,918,-1,-1
2023-06-03,-1,14,-1,-1
2023-06-03,-1,638,-1,-1
2023-06-04,-1,406,-1,-1
2023-06-04,-1,67,-1,-1
2023-06-05,-1,208,-1,-1
2023-06-05,-1,596,-1,-1
2023-06-05,-1,115,-1,-1
2023-06-05,-1,1502,-1,-1
2023-06-05,-1,1954,-1,-1
2023-06-05,-1,1197,-1,-1
2023-06-06,-1,5619,-1,-1
2023-06-06,-1,1124,-1,-1
2023-06-06,-1,1560,-1,-1
2023-06-06,-1,251,-1,-1
2023-06-06,-1,2102,-1,-1
2023-06-06,-1,57,-1,-1
2023-06-06,-1,993,-1,-1
2023-06-07,-1,586,-1,-1
2023-06-07,-1,217,-1,-1
2023-06-07,-1,1414,-1,-1
2023-06-07,-1,1734,-1,-1
2023-06-08,-1,1745,-1,-1
2023-06-08,-1,13,-1,-1
2023-06-08,-1,149,-1,-1
2023-06-08,-1,435,-1,-1
2023-06-08,-1,5522,-1,-1
2023-06-09,-1,494,-1,-1
2023-06-09,-1,1,-1,-1
2023-06-09,-1,625,-1,-1
2023-06-09,-1,729,-1,-1
2023-06-09,-1,165,-1,-1
2023-06-10,-1,7844,-1,-1
2023-06-10,-1,607,-1,-1
2023-06-10,-1,87,-1,-1
2023-06-10,-1,2815,-1,-1
2023-06-10,-1,234,-1,-1
2023-06-10,-1,955,-1,-1
2023-06-11,-1,3905,-1,-1
2023-06-11,-1,2977,-1,-1
2023-06-11,-1,275,-1,-1
2023-06-12,-1,199,-1,-1
2023-06-13,-1,5,-1,-1
2023-06-13,-1,841,-1,-1
2023-06-14,-1,1699,-1,-1
2023-06-14,-1,0,-1,-1
2023-06-14,-1,78,-1,-1
2023-06-15,-1,2415,-1,-1
2023-06-15,-1,292,-1,-1
2023-06-15,-1,481,-1,-1
2023-06-15,-1,2,-1,-1
2023-06-15,-1,771,-1,-1
2023-06-16,-1,757,-1,-1
2023-06-16,-1,1438,-1,-1
2023-06-16,-1,992,-1,-1
2023-06-16,-1,201,-1,-1
2023-06-16,-1,8110,-1,-1
2023-06-16,-1,2979,-1,-1
2023-06-17,-1,2247,-1,-1
2023-06-17,-1,1236,-1,-1
2023-06-17,-1,45,-1,-1
2023-06-17,-1,2147,-1,-1
2023-06-17,-1,63,-1,-1
2023-06-18,-1,3006,-1,-1
2023-06-18,-1,2101,-1,-1
2023-06-18,-1,278,-1,-1
2023-06-18,-1,4961,-1,-1
2023-06-18,-1,20205,-1,-1
2023-06-19,-1,663,-1,-1
2023-06-19,-1,2073,-1,-1
2023-06-19,-1,19,-1,-1
2023-06-19,-1,96,-1,-1
2023-06-20,-1,2103,-1,-1
2023-06-20,-1,746,-1,-1
2023-06-20,-1,2428,-1,-1
2023-06-20,-1,268,-1,-1
2023-06-20,-1,163,-1,-1
2023-06-21,-1,726,-1,-1
2023-06-21,-1,3527,-1,-1
2023-06-21,-1,212,-1,-1
2023-06-22,-1,430,-1,-1
2023-06-22,-1,491,-1,-1
2023-06-22,-1,868,-1,-1
2023-06-22,-1,0,-1,-1
2023-06-23,-1,140,-1,-1
2023-06-24,-1,134,-1,-1
2023-06-24,-1,2317,-1,-1
2023-06-25,-1,2287,-1,-1
2023-06-25,-1,861,-1,-1
2023-06-26,-1,944,-1,-1
2023-06-26,-1,9710,-1,-1
2023-06-26,-1,2920,-1,-1
2023-06-26,-1,5108,-1,-1
2023-06-26,-1,701,-1,-1
2023-06-26,-1,1100,-1,-1
2023-06-26,-1,471,-1,-1
2023-06-26,-1,852,-1,-1
2023-06-26,-1,220,-1,-1
2023-06-26,-1,545,-1,-1
2023-06-26,-1,7617,-1,-1
2023-06-26,-1,257,-1,-1
2023-06-27,-1,2810,-1,-1
2023-06-27,-1,735,-1,-1
2023-06-27,-1,16046,-1,-1
2023-06-27,-1,8447,-1,-1
2023-06-27,-1,2046,-1,-1
2023-06-27,-1,5266,-1,-1
2023-06-27,-1,277,-1,-1
2023-06-27,-1,346,-1,-1
2023-06-27,-1,49,-1,-1
2023-06-27,-1,5743,-1,-1
2023-06-27,-1,625,-1,-1
2023-06-27,-1,249,-1,-1
2023-06-28,-1,6348,-1,-1
2023-06-28,-1,803,-1,-1
2023-06-28,-1,1886,-1,-1
2023-06-28,-1,1910,-1,-1
2023-06-28,-1,545,-1,-1
2023-06-28,-1,1270,-1,-1
2023-06-28,-1,639,-1,-1
2023-06-29,-1,3816,-1,-1
2023-06-29,-1,2179,-1,-1
2023-06-30,-1,15298,-1,-1
2023-06-30,-1,1859,-1,-1
2023-06-30,-1,861,-1,-1
2023-06-30,-1,7159,-1,-1
2023-06-30,-1,1989,-1,-1
2023-06-30,-1,4557,-1,-1
2023-06-30,-1,3883,-1,-1
2023-06-30,-1,2455,-1,-1
2023-06-30,-1,23,-1,-1
2023-07-01,-1,321,-1,-1
2023-07-01,-1,45,-1,-1
2023-07-01,-1,4163,-1,-1
2023-07-01,-1,3392,-1,-1
2023-07-01,-1,377,-1,-1
2023-07-02,-1,583,-1,-1
2023-07-02,-1,861,-1,-1
2023-07-02,-1,1841,-1,-1
2023-07-02,-1,3669,-1,-1
2023-07-02,-1,758,-1,-1
2023-07-02,-1,97,-1,-1
2023-07-02,-1,1333,-1,-1
2023-07-03,-1,2504,-1,-1
2023-07-03,-1,2065,-1,-1
2023-07-03,-1,607,-1,-1
2023-07-03,-1,837,-1,-1
2023-07-03,-1,3024,-1,-1
2023-07-03,-1,3185,-1,-1
2023-07-03,-1,606,-1,-1
2023-07-03,-1,881,-1,-1
2023-07-03,-1,68,-1,-1
2023-07-03,-1,5988,-1,-1
2023-07-03,-1,105,-1,-1
2023-07-04,-1,13066,-1,-1
2023-07-04,-1,1733,-1,-1
2023-07-04,-1,2046,-1,-1
2023-07-04,äº”å¹´è€ç²‰å…¨æ–¹ä½å‰–æè”¡å¾å¤,27638,http://www.bilibili.com/video/av360548019,360548019
2023-07-04,-1,19287,-1,-1
2023-07-04,-1,1330,-1,-1
2023-07-05,-1,1838,-1,-1
2023-07-05,-1,5605,-1,-1
2023-07-06,-1,6130,-1,-1
2023-07-06,-1,1917,-1,-1
2023-07-06,-1,4984,-1,-1
2023-07-07,-1,46,-1,-1
2023-07-07,-1,3168,-1,-1
2023-07-08,-1,15897,-1,-1
2023-07-08,-1,911,-1,-1
2023-07-08,-1,12592,-1,-1
2023-07-08,-1,1622,-1,-1
2023-07-08,-1,2310,-1,-1
2023-07-08,-1,22,-1,-1
2023-07-09,-1,1176,-1,-1
2023-07-10,-1,5819,-1,-1
2023-07-11,-1,1632,-1,-1
2023-07-11,-1,651,-1,-1
2023-07-11,-1,1383,-1,-1
2023-07-12,-1,14443,-1,-1
2023-07-12,-1,481,-1,-1
2023-07-13,-1,8805,-1,-1
2023-07-14,-1,276,-1,-1
2023-07-14,-1,31,-1,-1
2023-07-14,-1,17,-1,-1
2023-07-14,-1,135,-1,-1
2023-07-14,-1,11671,-1,-1
2023-07-14,-1,474,-1,-1
2023-07-14,-1,342,-1,-1
2023-07-14,-1,13,-1,-1
2023-07-14,-1,911,-1,-1
2023-07-15,-1,1983,-1,-1
2023-07-15,-1,11574,-1,-1
2023-07-15,-1,350,-1,-1
2023-07-15,-1,7058,-1,-1
2023-07-15,-1,1050,-1,-1
2023-07-15,-1,1829,-1,-1
2023-07-15,-1,939,-1,-1
2023-07-15,-1,15,-1,-1
2023-07-16,-1,1064,-1,-1
2023-07-16,-1,1510,-1,-1
2023-07-17,-1,612,-1,-1
2023-07-17,-1,1492,-1,-1
2023-07-17,-1,246,-1,-1
2023-07-17,-1,3797,-1,-1
2023-07-18,-1,700,-1,-1
2023-07-18,-1,3138,-1,-1
2023-07-19,-1,250,-1,-1
2023-07-19,-1,2190,-1,-1
2023-07-20,-1,761,-1,-1
2023-07-20,-1,15517,-1,-1
2023-07-20,-1,3530,-1,-1
2023-07-20,-1,130,-1,-1
2023-07-20,-1,0,-1,-1
2023-07-21,-1,1729,-1,-1
2023-07-21,-1,202,-1,-1
2023-07-21,-1,3524,-1,-1
2023-07-22,-1,8654,-1,-1
2023-07-23,-1,189,-1,-1
2023-07-23,æ¸¸æˆç‹æŒ‘æˆ˜èµ›ï¼šlolæ—¥æœç¬¬ä¸€vsCFæªç‹ï¼ä¸¤äººé¦–åˆ›å°é»‘å­é˜µï¼,26072,http://www.bilibili.com/video/av488826611,488826611
2023-07-23,-1,214,-1,-1
2023-07-24,-1,1019,-1,-1
2023-07-24,-1,4188,-1,-1
2023-07-25,-1,50,-1,-1
2023-07-25,-1,4247,-1,-1
2023-07-25,-1,1230,-1,-1
2023-07-26,-1,1213,-1,-1
2023-07-27,-1,3499,-1,-1
2023-07-27,-1,225,-1,-1
2023-07-28,-1,1096,-1,-1
2023-07-28,-1,166,-1,-1
2023-07-28,-1,7774,-1,-1
2023-07-28,-1,764,-1,-1
2023-07-29,-1,3075,-1,-1
2023-07-29,-1,370,-1,-1
2023-07-29,-1,4781,-1,-1
2023-07-29,-1,8292,-1,-1
2023-07-30,-1,1123,-1,-1
2023-08-01,-1,1378,-1,-1
2023-08-01,é¬¼ç•œå…¨æ˜æ˜Ÿã€å¤åŒ–å±æœºã€‘5å°æ—¶å®Œæ•´ç‰ˆï¼šè¢«å’¬åˆ°å°±ä¼šå˜æˆè”¡å¾å¤ï¼,164545,http://www.bilibili.com/video/av573834662,573834662
2023-08-02,-1,10063,-1,-1
2023-08-02,-1,177,-1,-1
2023-08-02,-1,1588,-1,-1
2023-08-02,-1,362,-1,-1
2023-08-02,-1,124,-1,-1
2023-08-02,-1,1819,-1,-1
2023-08-03,-1,270,-1,-1
2023-08-03,-1,1297,-1,-1
2023-08-03,-1,552,-1,-1
2023-08-04,-1,60,-1,-1
2023-08-04,-1,943,-1,-1
2023-08-04,-1,2674,-1,-1
2023-08-05,-1,151,-1,-1
2023-08-05,-1,6761,-1,-1
2023-08-05,-1,197,-1,-1
2023-08-05,-1,1669,-1,-1
2023-08-05,-1,960,-1,-1
2023-08-05,-1,4488,-1,-1
2023-08-05,-1,1472,-1,-1
2023-08-05,-1,2,-1,-1
2023-08-06,-1,31,-1,-1
2023-08-06,-1,14,-1,-1
2023-08-07,-1,427,-1,-1
2023-08-07,-1,5120,-1,-1
2023-08-07,-1,1065,-1,-1
2023-08-08,-1,3383,-1,-1
2023-08-08,-1,11398,-1,-1
2023-08-08,-1,8,-1,-1
2023-08-08,-1,6213,-1,-1
2023-08-08,-1,2428,-1,-1
2023-08-08,-1,1174,-1,-1
2023-08-08,-1,1026,-1,-1
2023-08-09,-1,498,-1,-1
2023-08-09,-1,22,-1,-1
2023-08-09,-1,579,-1,-1
2023-08-10,-1,433,-1,-1
2023-08-10,-1,2313,-1,-1
2023-08-10,-1,131,-1,-1
2023-08-10,-1,12,-1,-1
2023-08-10,-1,2025,-1,-1
2023-08-11,-1,26,-1,-1
2023-08-11,-1,153,-1,-1
2023-08-11,-1,3296,-1,-1
2023-08-11,-1,663,-1,-1
2023-08-11,-1,5,-1,-1
2023-08-12,-1,188,-1,-1
2023-08-12,-1,136,-1,-1
2023-08-12,-1,969,-1,-1
2023-08-13,-1,0,-1,-1
2023-08-14,-1,403,-1,-1
2023-08-14,-1,7767,-1,-1
2023-08-14,-1,11,-1,-1
2023-08-15,-1,781,-1,-1
2023-08-15,-1,283,-1,-1
2023-08-15,-1,1,-1,-1
2023-08-17,-1,326,-1,-1
2023-08-17,-1,62,-1,-1
2023-08-17,-1,100,-1,-1
2023-08-18,-1,692,-1,-1
2023-08-18,-1,51,-1,-1
2023-08-18,-1,590,-1,-1
2023-08-18,-1,255,-1,-1
2023-08-18,-1,11,-1,-1
2023-08-19,-1,297,-1,-1
2023-08-19,-1,230,-1,-1
2023-08-19,-1,1131,-1,-1
2023-08-19,-1,9869,-1,-1
2023-08-19,-1,3281,-1,-1
2023-08-20,-1,4937,-1,-1
2023-08-20,-1,86,-1,-1
2023-08-20,-1,1780,-1,-1
2023-08-20,-1,2,-1,-1
2023-08-21,-1,203,-1,-1
2023-08-21,-1,5704,-1,-1
2023-08-21,-1,36,-1,-1
2023-08-22,-1,3379,-1,-1
2023-08-22,-1,73,-1,-1
2023-08-22,-1,318,-1,-1
2023-08-23,-1,2666,-1,-1
2023-08-23,-1,315,-1,-1
2023-08-24,-1,690,-1,-1
2023-08-25,-1,892,-1,-1
2023-08-25,-1,628,-1,-1
2023-08-25,-1,76,-1,-1
2023-08-26,-1,2790,-1,-1
2023-08-26,-1,314,-1,-1
2023-08-26,-1,32,-1,-1
2023-08-27,-1,1024,-1,-1
2023-08-27,-1,243,-1,-1
2023-08-27,-1,1378,-1,-1
2023-08-28,-1,374,-1,-1
2023-08-30,-1,1,-1,-1
2023-08-31,-1,197,-1,-1
2023-09-01,-1,689,-1,-1
2023-09-02,-1,1760,-1,-1
2023-09-03,-1,945,-1,-1
2023-09-03,-1,2880,-1,-1
2023-09-04,-1,1276,-1,-1
2023-09-04,-1,282,-1,-1
2023-09-05,-1,162,-1,-1
2023-09-05,-1,2349,-1,-1
2023-09-06,-1,1976,-1,-1
2023-09-06,-1,3554,-1,-1
2023-09-06,-1,173,-1,-1
2023-09-06,-1,341,-1,-1
2023-09-07,-1,2423,-1,-1
2023-09-08,-1,327,-1,-1
2023-09-09,-1,11854,-1,-1
2023-09-09,-1,674,-1,-1
2023-09-10,-1,109,-1,-1
2023-09-13,-1,208,-1,-1
2023-09-13,-1,535,-1,-1
2023-09-14,-1,5276,-1,-1
2023-09-15,-1,13,-1,-1
2023-09-19,-1,1322,-1,-1
2023-09-20,-1,405,-1,-1
2023-09-20,-1,158,-1,-1
2023-09-21,-1,2326,-1,-1
2023-09-22,-1,182,-1,-1
2023-09-22,-1,158,-1,-1
2023-09-22,-1,326,-1,-1
2023-09-23,-1,537,-1,-1
2023-09-23,-1,812,-1,-1
2023-09-24,-1,1110,-1,-1
2023-09-24,-1,169,-1,-1
2023-09-24,-1,219,-1,-1
2023-09-24,-1,155,-1,-1
2023-09-25,-1,9,-1,-1
2023-09-25,-1,187,-1,-1
2023-09-25,-1,59,-1,-1
2023-09-28,-1,3613,-1,-1
2023-09-29,-1,7,-1,-1
2023-10-01,-1,2397,-1,-1
2023-10-03,-1,62,-1,-1
2023-10-03,-1,370,-1,-1
2023-10-04,-1,6,-1,-1
2023-10-04,-1,1129,-1,-1
2023-10-04,-1,1116,-1,-1
2023-10-06,-1,2610,-1,-1
2023-10-08,-1,380,-1,-1
2023-10-11,-1,14,-1,-1
2023-10-13,-1,386,-1,-1
2023-10-13,-1,1400,-1,-1
2023-10-14,-1,252,-1,-1
2023-10-14,-1,1273,-1,-1
2023-10-16,-1,490,-1,-1
2023-10-17,-1,2092,-1,-1
2023-10-20,-1,871,-1,-1
2023-10-20,-1,145,-1,-1
2023-10-21,-1,182,-1,-1
2023-10-23,-1,89,-1,-1
2023-10-23,-1,47,-1,-1
2023-10-24,-1,15,-1,-1
2023-10-25,-1,1282,-1,-1
2023-10-25,-1,282,-1,-1
2023-10-25,-1,420,-1,-1
2023-10-25,-1,12,-1,-1
2023-10-26,-1,846,-1,-1
2023-10-29,-1,6605,-1,-1
2023-10-30,-1,788,-1,-1
2023-10-30,-1,25,-1,-1
2023-10-31,-1,725,-1,-1
2023-10-31,-1,384,-1,-1
2023-10-31,-1,1508,-1,-1
2023-11-01,-1,5752,-1,-1
2023-11-02,-1,85,-1,-1
2023-11-02,-1,406,-1,-1
2023-11-03,-1,5358,-1,-1
2023-11-05,-1,297,-1,-1
2023-11-08,-1,147,-1,-1
2023-11-09,-1,4035,-1,-1
2023-11-09,-1,933,-1,-1
2023-11-09,-1,142,-1,-1
2023-11-09,-1,0,-1,-1
2023-11-10,-1,3523,-1,-1
2023-11-11,-1,4,-1,-1
2023-11-12,-1,2065,-1,-1
2023-11-12,-1,2064,-1,-1
2023-11-12,-1,2461,-1,-1
2023-11-12,-1,7703,-1,-1
2023-11-13,-1,1602,-1,-1
2023-11-14,-1,893,-1,-1
2023-11-14,-1,1,-1,-1
2023-11-14,-1,1476,-1,-1
2023-11-14,-1,229,-1,-1
2023-11-15,-1,534,-1,-1
2023-11-16,-1,168,-1,-1
2023-11-19,-1,382,-1,-1
2023-11-19,-1,3621,-1,-1
2023-11-21,-1,192,-1,-1
2023-11-21,-1,2214,-1,-1
2023-11-22,-1,2025,-1,-1
2023-11-22,-1,47,-1,-1
2023-11-23,-1,4007,-1,-1
2023-11-24,-1,612,-1,-1
2023-11-24,-1,269,-1,-1
2023-11-25,-1,1819,-1,-1
2023-11-25,-1,2342,-1,-1
2023-11-25,-1,36,-1,-1
2023-11-26,-1,1251,-1,-1
2023-11-26,-1,134,-1,-1
2023-11-28,-1,84,-1,-1
2023-11-28,-1,238,-1,-1
2023-11-30,-1,1440,-1,-1
2023-12-01,-1,295,-1,-1
2023-12-01,-1,8700,-1,-1
2023-12-01,-1,158,-1,-1
2023-12-02,-1,15,-1,-1
2023-12-03,-1,1062,-1,-1
2023-12-04,-1,964,-1,-1
2023-12-04,-1,353,-1,-1
2023-12-04,-1,3665,-1,-1
2023-12-04,-1,0,-1,-1
2023-12-06,-1,5117,-1,-1
2023-12-07,-1,4249,-1,-1
2023-12-07,-1,232,-1,-1
2023-12-07,-1,52,-1,-1
2023-12-08,-1,1331,-1,-1
2023-12-08,-1,175,-1,-1
2023-12-09,-1,76,-1,-1
2023-12-09,-1,381,-1,-1
2023-12-10,-1,1241,-1,-1
2023-12-11,-1,8,-1,-1
2023-12-14,-1,2108,-1,-1
2023-12-15,-1,358,-1,-1
2023-12-16,-1,385,-1,-1
2023-12-16,-1,1250,-1,-1
2023-12-16,-1,1,-1,-1
2023-12-17,-1,676,-1,-1
2023-12-18,-1,6450,-1,-1
2023-12-19,-1,132,-1,-1
2023-12-19,-1,504,-1,-1
2023-12-19,-1,263,-1,-1
2023-12-20,-1,569,-1,-1
2023-12-20,-1,1227,-1,-1
2023-12-20,-1,75,-1,-1
2023-12-21,-1,184,-1,-1
2023-12-21,-1,99,-1,-1
2023-12-22,-1,9176,-1,-1
2023-12-22,-1,1521,-1,-1
2023-12-22,-1,377,-1,-1
2023-12-22,-1,544,-1,-1
2023-12-22,-1,2334,-1,-1
2023-12-22,-1,611,-1,-1
2023-12-23,-1,1656,-1,-1
2023-12-23,-1,49,-1,-1
2023-12-24,-1,1604,-1,-1
2023-12-24,-1,457,-1,-1
2023-12-25,-1,1834,-1,-1
2023-12-25,-1,3,-1,-1
2023-12-26,-1,39,-1,-1
2023-12-26,-1,69,-1,-1
2023-12-26,-1,367,-1,-1
2023-12-27,-1,110,-1,-1
2023-12-27,-1,176,-1,-1
2023-12-28,-1,317,-1,-1
2023-12-28,-1,599,-1,-1
2023-12-28,-1,72,-1,-1
2023-12-28,-1,247,-1,-1
2023-12-29,-1,515,-1,-1
2023-12-29,-1,5418,-1,-1
2023-12-29,-1,40,-1,-1
2023-12-30,-1,2009,-1,-1
2023-12-30,-1,371,-1,-1
2023-12-30,-1,337,-1,-1
2023-12-30,-1,300,-1,-1
2023-12-31,-1,805,-1,-1
2023-12-31,-1,362,-1,-1
2024-01-01,-1,1697,-1,-1
2024-01-01,-1,1188,-1,-1
2024-01-02,-1,191,-1,-1
2024-01-04,-1,203,-1,-1
2024-01-04,-1,1305,-1,-1
2024-01-05,-1,924,-1,-1
2024-01-05,-1,180,-1,-1
2024-01-06,-1,4827,-1,-1
2024-01-07,-1,732,-1,-1
2024-01-08,-1,693,-1,-1
2024-01-08,-1,33,-1,-1
2024-01-09,-1,101,-1,-1
2024-01-09,-1,358,-1,-1
2024-01-09,-1,375,-1,-1
2024-01-09,-1,170,-1,-1
2024-01-09,-1,2096,-1,-1
2024-01-10,-1,1091,-1,-1
2024-01-10,-1,76,-1,-1
2024-01-11,-1,76,-1,-1
2024-01-11,-1,0,-1,-1
2024-01-11,-1,666,-1,-1
2024-01-12,-1,57,-1,-1
2024-01-12,-1,2109,-1,-1
2024-01-12,-1,688,-1,-1
2024-01-12,-1,1808,-1,-1
2024-01-12,-1,47,-1,-1
2024-01-12,-1,213,-1,-1
2024-01-12,-1,150,-1,-1
2024-01-13,-1,36,-1,-1
2024-01-13,-1,15,-1,-1
2024-01-13,-1,7139,-1,-1
2024-01-13,-1,0,-1,-1
2024-01-14,-1,2383,-1,-1
2024-01-14,-1,501,-1,-1
2024-01-14,-1,61,-1,-1
2024-01-15,-1,4598,-1,-1
2024-01-15,-1,114,-1,-1
2024-01-15,-1,1275,-1,-1
2024-01-16,-1,1415,-1,-1
2024-01-16,-1,1525,-1,-1
2024-01-16,-1,1091,-1,-1
2024-01-16,-1,389,-1,-1
2024-01-16,-1,1176,-1,-1
2024-01-20,-1,2277,-1,-1
2024-01-20,-1,49,-1,-1
2024-01-21,-1,1210,-1,-1
2024-01-22,-1,132,-1,-1
2024-01-22,-1,0,-1,-1
2024-01-23,-1,0,-1,-1
2024-01-24,-1,3462,-1,-1
2024-01-24,-1,4329,-1,-1
2024-01-24,-1,865,-1,-1
2024-01-24,-1,457,-1,-1
2024-01-25,-1,231,-1,-1
2024-01-26,-1,2058,-1,-1
2024-01-26,-1,939,-1,-1
2024-01-27,-1,298,-1,-1
2024-01-28,-1,283,-1,-1
2024-01-29,-1,20,-1,-1
2024-01-30,-1,137,-1,-1
2024-02-01,-1,111,-1,-1
2024-02-01,-1,63,-1,-1
2024-02-02,-1,918,-1,-1
2024-02-02,-1,307,-1,-1
2024-02-02,-1,265,-1,-1
2024-02-03,-1,1347,-1,-1
2024-02-03,-1,361,-1,-1
2024-02-04,-1,1291,-1,-1
2024-02-04,-1,1226,-1,-1
2024-02-05,-1,46,-1,-1
2024-02-06,-1,214,-1,-1
2024-02-07,-1,217,-1,-1
2024-02-07,-1,447,-1,-1
