pubdate,title,duration,arcurl,aid
2016-12-14,-1,3.75,-1,-1
2017-09-27,-1,1.77,-1,-1
2018-02-08,-1,4.03,-1,-1
2018-04-22,-1,5.22,-1,-1
2018-05-01,-1,4.45,-1,-1
2018-05-10,-1,3.12,-1,-1
2018-05-25,-1,6.03,-1,-1
2018-05-26,20180526 NinePercent 北京见面会全场超清完整正面全景合集,91.88,http://www.bilibili.com/video/av23986500,23986500
2018-08-26,-1,6.88,-1,-1
2018-11-28,-1,3.07,-1,-1
2018-11-29,社死！在酒吧做驻唱，客人非要点鸡你太美，怎么办？【流浪05】,14.65,http://www.bilibili.com/video/av259520400,259520400
2018-11-29,大坤坤竟想过偷拿宝哥号上的东西！不过宝哥贼精！一眼就看出不对劲！,14.65,http://www.bilibili.com/video/av36993260,36993260
2018-11-30,-1,4.98,-1,-1
2018-12-29,-1,0.47,-1,-1
2019-01-02,-1,5.98,-1,-1
2019-01-26,-1,3.97,-1,-1
2019-01-30,-1,7.93,-1,-1
2019-02-13,-1,4.63,-1,-1
2019-02-14,-1,1.38,-1,-1
2019-02-16,-1,3.72,-1,-1
2019-02-18,-1,2.65,-1,-1
2019-02-22,【大事件】谢广坤拿下顶级流量，理性ikun屡建奇功 暴走大事件第六季 08,18.05,http://www.bilibili.com/video/av44388377,44388377
2019-02-24,-1,4.4,-1,-1
2019-02-26,-1,1.57,-1,-1
2019-02-27,-1,4.13,-1,-1
2019-03-01,-1,2.02,-1,-1
2019-03-03,-1,0.18,-1,-1
2019-03-07,-1,2.62,-1,-1
2019-03-08,-1,0.47,-1,-1
2019-03-09,-1,3.67,-1,-1
2019-03-12,-1,1.53,-1,-1
2019-03-16,-1,1.63,-1,-1
2019-03-18,-1,1.82,-1,-1
2019-03-22,-1,8.35,-1,-1
2019-03-23,-1,1.1,-1,-1
2019-03-23,-1,0.38,-1,-1
2019-03-24,-1,1.07,-1,-1
2019-03-25,-1,6.8,-1,-1
2019-03-26,-1,1.85,-1,-1
2019-03-26,-1,1.35,-1,-1
2019-03-27,-1,1.4,-1,-1
2019-03-27,-1,0.77,-1,-1
2019-03-28,-1,1.47,-1,-1
2019-03-29,-1,1.88,-1,-1
2019-03-29,-1,10.18,-1,-1
2019-03-29,-1,1.77,-1,-1
2019-03-29,-1,0.6,-1,-1
2019-03-29,-1,1.57,-1,-1
2019-03-30,-1,1.57,-1,-1
2019-03-30,-1,1.05,-1,-1
2019-03-31,-1,4.07,-1,-1
2019-03-31,-1,6.4,-1,-1
2019-04-01,-1,1.57,-1,-1
2019-04-01,-1,1.0,-1,-1
2019-04-02,-1,2.53,-1,-1
2019-04-03,-1,1.02,-1,-1
2019-04-04,-1,3.27,-1,-1
2019-04-04,-1,1.0,-1,-1
2019-04-05,-1,5.27,-1,-1
2019-04-05,-1,2.08,-1,-1
2019-04-05,-1,3.38,-1,-1
2019-04-05,-1,1.48,-1,-1
2019-04-05,-1,2.38,-1,-1
2019-04-05,-1,1.8,-1,-1
2019-04-05,-1,2.07,-1,-1
2019-04-05,-1,1.87,-1,-1
2019-04-06,-1,1.45,-1,-1
2019-04-07,-1,2.32,-1,-1
2019-04-08,-1,1.67,-1,-1
2019-04-08,-1,2.02,-1,-1
2019-04-09,-1,0.98,-1,-1
2019-04-09,-1,1.6,-1,-1
2019-04-09,-1,1.87,-1,-1
2019-04-09,-1,1.55,-1,-1
2019-04-09,-1,0.95,-1,-1
2019-04-09,-1,1.63,-1,-1
2019-04-11,-1,4.07,-1,-1
2019-04-11,-1,0.92,-1,-1
2019-04-11,-1,0.93,-1,-1
2019-04-11,-1,1.12,-1,-1
2019-04-12,-1,5.78,-1,-1
2019-04-12,-1,1.13,-1,-1
2019-04-12,-1,1.08,-1,-1
2019-04-13,-1,0.72,-1,-1
2019-04-13,-1,11.63,-1,-1
2019-04-13,-1,1.37,-1,-1
2019-04-13,-1,2.5,-1,-1
2019-04-13,-1,4.03,-1,-1
2019-04-13,-1,3.6,-1,-1
2019-04-14,-1,1.15,-1,-1
2019-04-14,-1,3.18,-1,-1
2019-04-14,-1,3.45,-1,-1
2019-04-14,-1,0.78,-1,-1
2019-04-14,-1,1.23,-1,-1
2019-04-14,-1,1.53,-1,-1
2019-04-15,-1,1.1,-1,-1
2019-04-15,-1,5.77,-1,-1
2019-04-15,-1,0.85,-1,-1
2019-04-15,-1,8.0,-1,-1
2019-04-15,-1,0.58,-1,-1
2019-04-15,-1,3.95,-1,-1
2019-04-15,-1,0.38,-1,-1
2019-04-16,-1,1.0,-1,-1
2019-04-16,-1,1.42,-1,-1
2019-04-16,-1,0.95,-1,-1
2019-04-16,-1,1.18,-1,-1
2019-04-16,-1,1.52,-1,-1
2019-04-16,-1,3.03,-1,-1
2019-04-16,-1,2.63,-1,-1
2019-04-16,-1,1.77,-1,-1
2019-04-17,-1,1.25,-1,-1
2019-04-17,-1,4.77,-1,-1
2019-04-17,-1,3.0,-1,-1
2019-04-17,-1,1.58,-1,-1
2019-04-18,-1,4.92,-1,-1
2019-04-18,-1,3.43,-1,-1
2019-04-18,-1,8.12,-1,-1
2019-04-18,-1,4.63,-1,-1
2019-04-18,-1,2.27,-1,-1
2019-04-19,-1,1.75,-1,-1
2019-04-19,-1,2.02,-1,-1
2019-04-19,-1,1.08,-1,-1
2019-04-20,-1,0.98,-1,-1
2019-04-20,-1,0.37,-1,-1
2019-04-20,-1,8.08,-1,-1
2019-04-20,-1,2.28,-1,-1
2019-04-20,-1,2.67,-1,-1
2019-04-20,-1,1.78,-1,-1
2019-04-22,-1,0.98,-1,-1
2019-04-22,-1,1.0,-1,-1
2019-04-23,-1,1.4,-1,-1
2019-04-25,-1,3.05,-1,-1
2019-04-25,-1,2.52,-1,-1
2019-04-26,-1,8.52,-1,-1
2019-04-27,-1,1.52,-1,-1
2019-04-28,-1,2.3,-1,-1
2019-04-29,-1,4.62,-1,-1
2019-04-29,-1,1.57,-1,-1
2019-04-30,-1,2.97,-1,-1
2019-04-30,-1,2.93,-1,-1
2019-04-30,-1,2.47,-1,-1
2019-05-01,-1,3.7,-1,-1
2019-05-02,-1,0.43,-1,-1
2019-05-02,-1,0.42,-1,-1
2019-05-02,-1,2.67,-1,-1
2019-05-03,-1,1.97,-1,-1
2019-05-03,-1,6.02,-1,-1
2019-05-03,-1,1.98,-1,-1
2019-05-03,-1,1.68,-1,-1
2019-05-03,-1,1.33,-1,-1
2019-05-04,-1,2.8,-1,-1
2019-05-05,-1,3.45,-1,-1
2019-05-05,-1,0.85,-1,-1
2019-05-08,-1,1.0,-1,-1
2019-05-09,-1,1.98,-1,-1
2019-05-10,-1,3.87,-1,-1
2019-05-10,-1,3.53,-1,-1
2019-05-10,-1,1.52,-1,-1
2019-05-13,-1,3.97,-1,-1
2019-05-13,-1,1.22,-1,-1
2019-05-13,-1,1.78,-1,-1
2019-05-13,-1,2.23,-1,-1
2019-05-14,-1,1.37,-1,-1
2019-05-15,-1,4.02,-1,-1
2019-05-18,ikun铠甲，合体！！！,12.28,http://www.bilibili.com/video/av621710455,621710455
2019-05-18,中国boy的赞美能换到啥?以物换物第二期！,12.28,http://www.bilibili.com/video/av52769811,52769811
2019-05-19,-1,6.0,-1,-1
2019-05-23,-1,9.95,-1,-1
2019-05-24,-1,0.93,-1,-1
2019-05-25,-1,2.75,-1,-1
2019-05-25,-1,6.42,-1,-1
2019-05-28,-1,0.27,-1,-1
2019-05-30,-1,4.85,-1,-1
2019-05-30,-1,1.0,-1,-1
2019-05-31,-1,1.65,-1,-1
2019-05-31,-1,4.35,-1,-1
2019-06-05,-1,1.6,-1,-1
2019-06-06,-1,7.43,-1,-1
2019-06-06,-1,5.45,-1,-1
2019-06-06,-1,2.25,-1,-1
2019-06-07,-1,2.95,-1,-1
2019-06-07,-1,3.68,-1,-1
2019-06-07,-1,4.67,-1,-1
2019-06-08,-1,2.43,-1,-1
2019-06-08,-1,0.45,-1,-1
2019-06-09,-1,3.65,-1,-1
2019-06-10,-1,3.17,-1,-1
2019-06-14,-1,1.12,-1,-1
2019-06-17,-1,0.8,-1,-1
2019-06-21,-1,3.48,-1,-1
2019-06-21,-1,0.47,-1,-1
2019-06-21,-1,6.98,-1,-1
2019-06-22,-1,2.12,-1,-1
2019-06-22,-1,3.4,-1,-1
2019-06-22,-1,0.98,-1,-1
2019-06-23,全屏秒杀！那些出场自带地图buff的山海经异兽【潇洒观山海01】,15.53,http://www.bilibili.com/video/av56617044,56617044
2019-06-23,-1,0.27,-1,-1
2019-06-24,-1,2.42,-1,-1
2019-06-24,-1,2.8,-1,-1
2019-06-26,-1,2.55,-1,-1
2019-06-26,-1,2.68,-1,-1
2019-06-29,-1,3.58,-1,-1
2019-06-29,-1,0.27,-1,-1
2019-06-30,-1,9.57,-1,-1
2019-06-30,-1,3.18,-1,-1
2019-07-01,-1,1.08,-1,-1
2019-07-03,-1,0.85,-1,-1
2019-07-04,-1,0.95,-1,-1
2019-07-04,-1,8.08,-1,-1
2019-07-05,-1,4.23,-1,-1
2019-07-05,-1,1.28,-1,-1
2019-07-06,-1,8.38,-1,-1
2019-07-07,-1,1.7,-1,-1
2019-07-08,-1,0.55,-1,-1
2019-07-10,-1,1.82,-1,-1
2019-07-10,-1,1.85,-1,-1
2019-07-10,-1,0.2,-1,-1
2019-07-11,-1,1.98,-1,-1
2019-07-11,-1,1.7,-1,-1
2019-07-12,-1,4.48,-1,-1
2019-07-13,-1,0.57,-1,-1
2019-07-13,-1,1.82,-1,-1
2019-07-14,-1,5.92,-1,-1
2019-07-14,这游戏居然让我变成坤坤？！,23.95,http://www.bilibili.com/video/av59163900,59163900
2019-07-14,-1,5.6,-1,-1
2019-07-14,-1,1.58,-1,-1
2019-07-15,-1,3.67,-1,-1
2019-07-15,-1,1.23,-1,-1
2019-07-18,-1,5.88,-1,-1
2019-07-18,-1,0.17,-1,-1
2019-07-20,-1,10.45,-1,-1
2019-07-21,-1,3.17,-1,-1
2019-07-22,-1,4.05,-1,-1
2019-07-23,-1,7.25,-1,-1
2019-07-23,-1,7.53,-1,-1
2019-07-23,-1,1.5,-1,-1
2019-07-24,-1,7.73,-1,-1
2019-07-24,-1,1.53,-1,-1
2019-07-25,-1,3.07,-1,-1
2019-07-25,-1,2.57,-1,-1
2019-07-25,-1,0.25,-1,-1
2019-07-26,-1,7.05,-1,-1
2019-07-26,-1,3.68,-1,-1
2019-07-27,-1,3.85,-1,-1
2019-07-28,-1,4.65,-1,-1
2019-07-29,-1,2.28,-1,-1
2019-07-29,-1,1.18,-1,-1
2019-07-30,-1,3.98,-1,-1
2019-07-30,-1,2.25,-1,-1
2019-07-30,-1,1.0,-1,-1
2019-07-31,-1,10.18,-1,-1
2019-07-31,-1,0.97,-1,-1
2019-07-31,-1,1.37,-1,-1
2019-08-01,-1,2.53,-1,-1
2019-08-02,-1,0.62,-1,-1
2019-08-02,-1,2.27,-1,-1
2019-08-03,-1,3.25,-1,-1
2019-08-03,-1,3.95,-1,-1
2019-08-04,-1,2.37,-1,-1
2019-08-05,-1,4.43,-1,-1
2019-08-06,-1,3.13,-1,-1
2019-08-07,-1,0.98,-1,-1
2019-08-07,-1,3.57,-1,-1
2019-08-07,-1,0.25,-1,-1
2019-08-08,从蔡徐坤事件，了解艺人公司的营销手段【缄默之声1】,22.18,http://www.bilibili.com/video/av62800076,62800076
2019-08-08,-1,1.33,-1,-1
2019-08-09,-1,2.93,-1,-1
2019-08-09,-1,1.72,-1,-1
2019-08-09,-1,4.07,-1,-1
2019-08-10,-1,3.27,-1,-1
2019-08-10,-1,0.95,-1,-1
2019-08-10,-1,0.2,-1,-1
2019-08-12,-1,1.42,-1,-1
2019-08-13,-1,1.95,-1,-1
2019-08-13,-1,2.4,-1,-1
2019-08-15,-1,1.05,-1,-1
2019-08-16,【大事件】坤坤问鼎流量王座？坤伦之战一触即发 暴走大事件第六季 30,26.63,http://www.bilibili.com/video/av63987224,63987224
2019-08-16,-1,2.38,-1,-1
2019-08-16,-1,1.95,-1,-1
2019-08-16,-1,3.35,-1,-1
2019-08-19,-1,1.15,-1,-1
2019-08-21,-1,1.85,-1,-1
2019-08-23,-1,7.47,-1,-1
2019-08-24,-1,11.3,-1,-1
2019-08-24,-1,2.03,-1,-1
2019-08-25,-1,9.25,-1,-1
2019-08-25,-1,4.78,-1,-1
2019-08-26,-1,3.03,-1,-1
2019-08-28,-1,3.27,-1,-1
2019-09-01,-1,1.67,-1,-1
2019-09-01,-1,1.15,-1,-1
2019-09-02,-1,2.1,-1,-1
2019-09-03,-1,1.9,-1,-1
2019-09-05,-1,2.12,-1,-1
2019-09-10,-1,2.5,-1,-1
2019-09-12,-1,9.43,-1,-1
2019-09-13,【卢本伟主演】头号玩家！第二集：卢本伟身陷九九八十一难，能否通关？,13.7,http://www.bilibili.com/video/av67530671,67530671
2019-09-14,-1,1.67,-1,-1
2019-09-16,-1,1.28,-1,-1
2019-09-17,-1,0.17,-1,-1
2019-09-18,-1,2.58,-1,-1
2019-09-19,-1,3.2,-1,-1
2019-09-20,徐老师来巡山233：一轮野怪五个金铲 鸡你实在是太美,12.9,http://www.bilibili.com/video/av68401285,68401285
2019-09-22,-1,1.13,-1,-1
2019-09-23,-1,1.83,-1,-1
2019-09-30,-1,2.13,-1,-1
2019-09-30,-1,7.13,-1,-1
2019-10-04,-1,6.07,-1,-1
2019-10-04,-1,6.87,-1,-1
2019-10-08,-1,1.05,-1,-1
2019-10-10,-1,2.77,-1,-1
2019-10-12,-1,6.97,-1,-1
2019-10-13,-1,4.38,-1,-1
2019-10-23,-1,1.15,-1,-1
2019-10-23,蔡徐坤与资本的博弈，首个为蔡徐坤正逻辑的视频，【资本与明星02集】,16.43,http://www.bilibili.com/video/av73151051,73151051
2019-10-26,-1,6.78,-1,-1
2019-10-28,-1,0.73,-1,-1
2019-10-31,-1,1.0,-1,-1
2019-11-11,-1,1.1,-1,-1
2019-11-14,-1,0.93,-1,-1
2019-11-14,-1,1.42,-1,-1
2019-11-15,-1,5.0,-1,-1
2019-11-15,-1,10.15,-1,-1
2019-11-15,-1,2.3,-1,-1
2019-11-15,-1,6.18,-1,-1
2019-11-17,-1,1.02,-1,-1
2019-11-23,-1,6.1,-1,-1
2019-11-28,-1,1.02,-1,-1
2019-12-03,-1,0.17,-1,-1
2019-12-03,-1,0.45,-1,-1
2019-12-07,-1,5.93,-1,-1
2019-12-07,-1,0.27,-1,-1
2019-12-07,-1,1.08,-1,-1
2019-12-08,-1,0.78,-1,-1
2019-12-08,-1,1.07,-1,-1
2019-12-13,-1,12.07,-1,-1
2019-12-14,-1,2.0,-1,-1
2019-12-15,-1,5.25,-1,-1
2019-12-15,-1,1.08,-1,-1
2019-12-17,-1,2.93,-1,-1
2019-12-19,-1,2.05,-1,-1
2019-12-21,-1,1.62,-1,-1
2019-12-24,-1,1.27,-1,-1
2019-12-26,-1,3.08,-1,-1
2019-12-27,-1,6.47,-1,-1
2019-12-27,-1,6.22,-1,-1
2019-12-27,-1,2.85,-1,-1
2019-12-29,-1,2.37,-1,-1
2019-12-31,-1,1.07,-1,-1
2020-01-01,-1,1.3,-1,-1
2020-01-01,-1,3.33,-1,-1
2020-01-06,-1,3.85,-1,-1
2020-01-06,-1,1.8,-1,-1
2020-01-07,-1,3.45,-1,-1
2020-01-09,-1,1.73,-1,-1
2020-01-12,-1,1.77,-1,-1
2020-01-16,-1,7.15,-1,-1
2020-01-16,-1,1.7,-1,-1
2020-01-17,-1,3.5,-1,-1
2020-01-17,-1,3.4,-1,-1
2020-01-19,-1,5.37,-1,-1
2020-01-22,-1,2.82,-1,-1
2020-01-23,-1,9.78,-1,-1
2020-01-24,-1,1.68,-1,-1
2020-01-25,-1,3.73,-1,-1
2020-01-28,-1,1.55,-1,-1
2020-01-28,-1,1.02,-1,-1
2020-01-30,-1,0.55,-1,-1
2020-02-02,-1,2.33,-1,-1
2020-02-02,-1,1.2,-1,-1
2020-02-07,-1,1.83,-1,-1
2020-02-09,-1,1.63,-1,-1
2020-02-11,-1,4.67,-1,-1
2020-02-12,-1,0.53,-1,-1
2020-02-13,-1,1.78,-1,-1
2020-02-14,-1,1.02,-1,-1
2020-02-16,-1,2.17,-1,-1
2020-02-18,-1,0.23,-1,-1
2020-02-19,-1,2.08,-1,-1
2020-02-22,-1,3.67,-1,-1
2020-02-23,-1,7.93,-1,-1
2020-02-24,-1,1.98,-1,-1
2020-02-25,-1,2.15,-1,-1
2020-02-26,-1,3.1,-1,-1
2020-02-26,-1,2.57,-1,-1
2020-02-26,-1,0.92,-1,-1
2020-02-29,-1,1.38,-1,-1
2020-03-04,-1,2.67,-1,-1
2020-03-05,-1,1.67,-1,-1
2020-03-08,-1,0.35,-1,-1
2020-03-10,【鬼畜电影】狒球崛起,44.83,http://www.bilibili.com/video/av95018009,95018009
2020-03-12,-1,5.73,-1,-1
2020-03-12,-1,1.27,-1,-1
2020-03-13,-1,2.73,-1,-1
2020-03-16,-1,3.52,-1,-1
2020-03-17,-1,7.93,-1,-1
2020-03-17,-1,2.98,-1,-1
2020-03-20,-1,8.0,-1,-1
2020-03-23,-1,9.05,-1,-1
2020-03-24,-1,0.73,-1,-1
2020-03-25,-1,4.1,-1,-1
2020-03-26,-1,2.95,-1,-1
2020-03-28,-1,7.22,-1,-1
2020-03-30,-1,2.7,-1,-1
2020-03-30,-1,1.5,-1,-1
2020-03-31,-1,6.07,-1,-1
2020-03-31,-1,0.97,-1,-1
2020-03-31,-1,0.18,-1,-1
2020-04-08,-1,7.95,-1,-1
2020-04-09,-1,2.28,-1,-1
2020-04-12,-1,0.45,-1,-1
2020-04-17,-1,2.95,-1,-1
2020-04-18,-1,1.15,-1,-1
2020-04-19,-1,1.97,-1,-1
2020-04-20,-1,0.47,-1,-1
2020-04-23,-1,4.07,-1,-1
2020-04-30,-1,9.42,-1,-1
2020-04-30,-1,2.43,-1,-1
2020-05-01,-1,0.73,-1,-1
2020-05-02,-1,3.28,-1,-1
2020-05-04,-1,1.37,-1,-1
2020-05-10,-1,1.95,-1,-1
2020-05-14,-1,1.55,-1,-1
2020-05-20,-1,2.68,-1,-1
2020-05-20,-1,2.3,-1,-1
2020-05-23,-1,0.5,-1,-1
2020-05-26,-1,4.77,-1,-1
2020-05-27,-1,3.55,-1,-1
2020-06-01,-1,3.2,-1,-1
2020-06-03,-1,9.95,-1,-1
2020-06-08,-1,4.85,-1,-1
2020-06-11,-1,1.43,-1,-1
2020-06-17,-1,1.85,-1,-1
2020-06-24,-1,3.1,-1,-1
2020-07-02,-1,2.6,-1,-1
2020-07-15,-1,1.33,-1,-1
2020-07-29,鬼畜区up人均代打？自己填的词也能忘？【鬼畜高手01】,14.78,http://www.bilibili.com/video/av244098775,244098775
2020-08-04,-1,0.57,-1,-1
2020-08-07,-1,3.5,-1,-1
2020-08-14,-1,1.83,-1,-1
2020-08-24,【鬼畜大电影】决战鬼畜岛（45分钟完整版）,45.18,http://www.bilibili.com/video/av841754985,841754985
2020-09-13,-1,0.67,-1,-1
2020-09-20,-1,3.73,-1,-1
2020-09-20,-1,2.3,-1,-1
2020-10-01,【搞笑丧尸片】鲲山行（70分钟完整版） 卢本伟&amp;茄子&amp;周淑怡 等领衔主演,71.08,http://www.bilibili.com/video/av927372302,927372302
2020-10-17,-1,3.15,-1,-1
2020-10-18,-1,0.52,-1,-1
2020-10-23,-1,0.28,-1,-1
2020-11-08,-1,3.2,-1,-1
2020-11-13,-1,6.4,-1,-1
2020-11-15,-1,0.2,-1,-1
2020-11-30,-1,3.07,-1,-1
2020-12-06,-1,3.12,-1,-1
2020-12-07,-1,1.32,-1,-1
2020-12-09,-1,1.52,-1,-1
2020-12-15,-1,2.87,-1,-1
2020-12-19,-1,2.27,-1,-1
2020-12-24,-1,2.85,-1,-1
2021-01-05,-1,3.9,-1,-1
2021-01-05,-1,1.42,-1,-1
2021-01-15,-1,1.7,-1,-1
2021-01-22,-1,1.97,-1,-1
2021-01-25,-1,0.75,-1,-1
2021-01-27,-1,1.7,-1,-1
2021-01-28,-1,8.25,-1,-1
2021-01-30,-1,4.27,-1,-1
2021-01-30,-1,1.63,-1,-1
2021-02-01,-1,2.02,-1,-1
2021-02-02,-1,2.87,-1,-1
2021-02-06,-1,8.53,-1,-1
2021-02-09,-1,0.85,-1,-1
2021-02-12,-1,2.22,-1,-1
2021-02-15,-1,1.68,-1,-1
2021-02-16,-1,3.2,-1,-1
2021-02-17,-1,1.47,-1,-1
2021-02-21,-1,3.18,-1,-1
2021-02-23,4K超清 严浩翔 贺峻霖 Cover《星球坠落》+《屋顶着火》等系列合作 持续更新中,33.92,http://www.bilibili.com/video/av629257183,629257183
2021-02-27,-1,2.15,-1,-1
2021-03-02,-1,4.1,-1,-1
2021-03-09,-1,1.5,-1,-1
2021-03-10,-1,3.7,-1,-1
2021-03-12,-1,3.12,-1,-1
2021-03-19,-1,6.93,-1,-1
2021-03-24,-1,2.75,-1,-1
2021-03-26,-1,1.83,-1,-1
2021-03-30,-1,3.02,-1,-1
2021-04-06,-1,2.3,-1,-1
2021-04-08,-1,5.0,-1,-1
2021-04-24,-1,1.52,-1,-1
2021-05-12,-1,2.57,-1,-1
2021-05-17,-1,4.42,-1,-1
2021-05-23,-1,0.63,-1,-1
2021-05-25,-1,2.55,-1,-1
2021-05-30,-1,1.43,-1,-1
2021-06-11,-1,4.72,-1,-1
2021-06-23,-1,0.25,-1,-1
2021-06-25,-1,10.12,-1,-1
2021-06-26,【答王之王Ⅱ】八 仙 过 海（完整版）,12.78,http://www.bilibili.com/video/av931348815,931348815
2021-06-30,-1,1.63,-1,-1
2021-07-03,-1,6.02,-1,-1
2021-07-06,-1,1.57,-1,-1
2021-07-15,-1,1.1,-1,-1
2021-07-19,-1,1.15,-1,-1
2021-07-20,举起手来  天皇亲征 完整版,34.55,http://www.bilibili.com/video/av419242387,419242387
2021-07-23,-1,1.0,-1,-1
2021-07-23,-1,1.4,-1,-1
2021-07-30,-1,0.45,-1,-1
2021-08-03,-1,0.68,-1,-1
2021-08-10,-1,2.9,-1,-1
2021-08-10,-1,3.58,-1,-1
2021-08-12,-1,1.08,-1,-1
2021-08-18,-1,5.98,-1,-1
2021-08-29,-1,1.15,-1,-1
2021-08-31,-1,6.45,-1,-1
2021-09-02,-1,4.98,-1,-1
2021-09-04,-1,3.85,-1,-1
2021-09-05,-1,4.75,-1,-1
2021-09-06,-1,10.57,-1,-1
2021-09-11,-1,2.4,-1,-1
2021-09-20,-1,2.12,-1,-1
2021-09-20,-1,2.73,-1,-1
2021-09-20,-1,1.68,-1,-1
2021-09-25,-1,0.22,-1,-1
2021-10-06,-1,3.23,-1,-1
2021-10-13,-1,2.83,-1,-1
2021-10-23,-1,1.0,-1,-1
2021-10-23,-1,0.3,-1,-1
2021-10-27,-1,2.52,-1,-1
2021-11-03,-1,0.2,-1,-1
2021-11-06,-1,3.72,-1,-1
2021-11-10,-1,4.88,-1,-1
2021-11-13,-1,3.75,-1,-1
2021-11-14,-1,2.35,-1,-1
2021-11-15,-1,1.47,-1,-1
2021-11-23,-1,0.95,-1,-1
2021-11-24,-1,1.18,-1,-1
2021-11-27,-1,4.58,-1,-1
2021-12-01,-1,2.23,-1,-1
2021-12-13,-1,3.53,-1,-1
2021-12-22,-1,1.12,-1,-1
2021-12-29,-1,5.18,-1,-1
2021-12-31,-1,7.17,-1,-1
2022-01-10,-1,1.28,-1,-1
2022-01-13,-1,1.78,-1,-1
2022-01-16,【物理化学重点整理（上）】3小时理清知识体系，物化不蒙圈,202.02,http://www.bilibili.com/video/av935652810,935652810
2022-01-16,-1,3.52,-1,-1
2022-01-17,-1,1.8,-1,-1
2022-01-19,-1,0.15,-1,-1
2022-01-20,-1,0.65,-1,-1
2022-01-22,-1,1.18,-1,-1
2022-01-27,-1,3.33,-1,-1
2022-02-05,-1,1.42,-1,-1
2022-02-07,-1,1.4,-1,-1
2022-02-08,-1,5.83,-1,-1
2022-02-11,-1,1.23,-1,-1
2022-02-17,-1,1.58,-1,-1
2022-02-19,-1,2.73,-1,-1
2022-02-20,-1,2.87,-1,-1
2022-02-22,【鬼畜战争大片】血战钢菊岭（30分钟完整版）全明星地狱之战！,30.2,http://www.bilibili.com/video/av551745135,551745135
2022-02-23,-1,1.7,-1,-1
2022-03-02,-1,1.57,-1,-1
2022-03-02,-1,1.58,-1,-1
2022-03-03,-1,2.72,-1,-1
2022-03-11,-1,2.37,-1,-1
2022-03-13,-1,1.22,-1,-1
2022-03-19,-1,3.33,-1,-1
2022-03-20,-1,0.23,-1,-1
2022-03-21,-1,0.47,-1,-1
2022-03-22,-1,2.82,-1,-1
2022-03-23,-1,0.22,-1,-1
2022-03-24,-1,0.2,-1,-1
2022-03-25,-1,2.78,-1,-1
2022-03-26,-1,1.4,-1,-1
2022-04-05,-1,1.37,-1,-1
2022-04-05,-1,1.45,-1,-1
2022-04-05,-1,2.1,-1,-1
2022-04-05,-1,0.57,-1,-1
2022-04-09,-1,0.87,-1,-1
2022-04-09,-1,1.38,-1,-1
2022-04-10,-1,1.73,-1,-1
2022-04-10,-1,0.35,-1,-1
2022-04-12,-1,0.23,-1,-1
2022-04-13,-1,0.9,-1,-1
2022-04-13,-1,2.1,-1,-1
2022-04-13,-1,0.27,-1,-1
2022-04-14,-1,8.92,-1,-1
2022-04-14,-1,0.27,-1,-1
2022-04-14,-1,3.03,-1,-1
2022-04-16,-1,2.6,-1,-1
2022-04-16,-1,2.33,-1,-1
2022-04-17,-1,1.57,-1,-1
2022-04-22,-1,0.17,-1,-1
2022-04-23,-1,0.35,-1,-1
2022-04-23,-1,1.6,-1,-1
2022-04-24,-1,0.18,-1,-1
2022-04-26,-1,0.33,-1,-1
2022-04-27,-1,0.22,-1,-1
2022-04-29,-1,0.92,-1,-1
2022-04-29,-1,0.18,-1,-1
2022-04-30,-1,0.23,-1,-1
2022-04-30,-1,0.27,-1,-1
2022-05-03,-1,0.3,-1,-1
2022-05-05,-1,0.22,-1,-1
2022-05-05,-1,0.32,-1,-1
2022-05-06,-1,0.75,-1,-1
2022-05-06,-1,1.42,-1,-1
2022-05-06,-1,0.2,-1,-1
2022-05-06,-1,2.78,-1,-1
2022-05-06,【真·动作片】球 王 之 王,13.57,http://www.bilibili.com/video/av341283253,341283253
2022-05-07,-1,1.95,-1,-1
2022-05-07,-1,0.55,-1,-1
2022-05-07,-1,0.25,-1,-1
2022-05-08,-1,0.27,-1,-1
2022-05-09,-1,0.25,-1,-1
2022-05-10,-1,8.17,-1,-1
2022-05-10,-1,1.0,-1,-1
2022-05-12,-1,2.05,-1,-1
2022-05-12,-1,0.15,-1,-1
2022-05-14,-1,1.5,-1,-1
2022-05-15,-1,2.67,-1,-1
2022-05-15,-1,0.22,-1,-1
2022-05-16,-1,1.53,-1,-1
2022-05-16,-1,0.27,-1,-1
2022-05-17,-1,1.87,-1,-1
2022-05-17,-1,0.3,-1,-1
2022-05-17,-1,0.25,-1,-1
2022-05-18,-1,0.68,-1,-1
2022-05-18,-1,0.23,-1,-1
2022-05-19,-1,0.33,-1,-1
2022-05-19,-1,0.15,-1,-1
2022-05-20,-1,0.83,-1,-1
2022-05-22,末日丧鲲 第一季合集,37.75,http://www.bilibili.com/video/av426847931,426847931
2022-05-22,-1,1.55,-1,-1
2022-05-23,-1,1.85,-1,-1
2022-05-23,-1,0.27,-1,-1
2022-05-24,-1,2.6,-1,-1
2022-05-24,-1,0.08,-1,-1
2022-05-24,-1,1.6,-1,-1
2022-05-25,-1,0.52,-1,-1
2022-05-25,-1,0.25,-1,-1
2022-05-26,-1,0.37,-1,-1
2022-05-27,-1,1.2,-1,-1
2022-05-27,-1,0.37,-1,-1
2022-05-28,-1,0.17,-1,-1
2022-05-29,-1,9.18,-1,-1
2022-05-29,-1,0.22,-1,-1
2022-05-29,-1,1.57,-1,-1
2022-05-29,-1,2.02,-1,-1
2022-05-29,-1,0.42,-1,-1
2022-05-29,-1,0.83,-1,-1
2022-05-30,-1,1.8,-1,-1
2022-05-30,-1,0.63,-1,-1
2022-06-01,-1,0.15,-1,-1
2022-06-01,-1,0.9,-1,-1
2022-06-02,-1,0.2,-1,-1
2022-06-03,-1,0.58,-1,-1
2022-06-03,-1,1.22,-1,-1
2022-06-03,-1,0.68,-1,-1
2022-06-03,-1,0.17,-1,-1
2022-06-04,-1,2.63,-1,-1
2022-06-04,-1,3.27,-1,-1
2022-06-04,-1,0.38,-1,-1
2022-06-05,-1,1.37,-1,-1
2022-06-05,-1,1.05,-1,-1
2022-06-06,-1,0.43,-1,-1
2022-06-07,-1,0.63,-1,-1
2022-06-07,-1,2.6,-1,-1
2022-06-08,-1,0.93,-1,-1
2022-06-08,-1,0.27,-1,-1
2022-06-09,-1,3.3,-1,-1
2022-06-09,-1,0.95,-1,-1
2022-06-10,-1,0.6,-1,-1
2022-06-10,-1,1.82,-1,-1
2022-06-11,-1,0.3,-1,-1
2022-06-11,-1,3.7,-1,-1
2022-06-11,-1,0.2,-1,-1
2022-06-11,-1,1.98,-1,-1
2022-06-11,-1,1.33,-1,-1
2022-06-12,-1,0.2,-1,-1
2022-06-13,-1,0.25,-1,-1
2022-06-13,-1,0.58,-1,-1
2022-06-14,-1,0.3,-1,-1
2022-06-14,-1,3.32,-1,-1
2022-06-14,-1,0.27,-1,-1
2022-06-15,-1,1.35,-1,-1
2022-06-15,-1,0.25,-1,-1
2022-06-16,-1,2.48,-1,-1
2022-06-16,流量叠流量，无聊加无聊，国产综艺七宗罪！,14.4,http://www.bilibili.com/video/av555108149,555108149
2022-06-16,-1,0.25,-1,-1
2022-06-16,-1,0.35,-1,-1
2022-06-17,-1,3.17,-1,-1
2022-06-17,-1,1.15,-1,-1
2022-06-17,-1,0.3,-1,-1
2022-06-17,-1,0.33,-1,-1
2022-06-17,-1,1.62,-1,-1
2022-06-17,-1,0.78,-1,-1
2022-06-17,-1,1.9,-1,-1
2022-06-18,-1,4.5,-1,-1
2022-06-18,-1,0.65,-1,-1
2022-06-18,-1,0.92,-1,-1
2022-06-19,-1,0.13,-1,-1
2022-06-19,-1,0.23,-1,-1
2022-06-20,-1,3.6,-1,-1
2022-06-20,-1,1.93,-1,-1
2022-06-20,-1,0.45,-1,-1
2022-06-21,-1,1.17,-1,-1
2022-06-21,-1,0.18,-1,-1
2022-06-21,-1,0.22,-1,-1
2022-06-21,[vrchat]找到了个不得了的博物馆...,45.47,http://www.bilibili.com/video/av385172985,385172985
2022-06-21,-1,1.47,-1,-1
2022-06-21,-1,0.27,-1,-1
2022-06-21,-1,0.28,-1,-1
2022-06-22,-1,10.17,-1,-1
2022-06-22,-1,1.03,-1,-1
2022-06-22,-1,0.8,-1,-1
2022-06-22,-1,0.33,-1,-1
2022-06-23,-1,1.38,-1,-1
2022-06-23,-1,0.27,-1,-1
2022-06-23,-1,0.25,-1,-1
2022-06-24,-1,6.88,-1,-1
2022-06-24,-1,1.92,-1,-1
2022-06-24,-1,2.7,-1,-1
2022-06-24,-1,0.22,-1,-1
2022-06-24,-1,1.1,-1,-1
2022-06-24,IKUN主题卧室，玄关挖塌楼房，这期6条腹泻式放送！,15.12,http://www.bilibili.com/video/av940286977,940286977
2022-06-24,-1,0.43,-1,-1
2022-06-24,-1,0.2,-1,-1
2022-06-24,-1,1.12,-1,-1
2022-06-25,-1,1.0,-1,-1
2022-06-25,-1,1.02,-1,-1
2022-06-25,-1,2.77,-1,-1
2022-06-25,【鬼畜大电影】卢的名字。（91分钟完整版）卢本伟&amp;周淑怡&amp;茄子&amp;王冰冰等 领衔主演,91.68,http://www.bilibili.com/video/av855190581,855190581
2022-06-25,-1,0.73,-1,-1
2022-06-26,-1,0.38,-1,-1
2022-06-26,-1,0.7,-1,-1
2022-06-27,-1,0.37,-1,-1
2022-06-27,-1,1.73,-1,-1
2022-06-27,-1,1.88,-1,-1
2022-06-27,-1,0.25,-1,-1
2022-06-27,-1,0.27,-1,-1
2022-06-27,-1,2.95,-1,-1
2022-06-27,-1,1.6,-1,-1
2022-06-27,-1,2.43,-1,-1
2022-06-28,-1,0.28,-1,-1
2022-06-28,-1,0.2,-1,-1
2022-06-28,-1,1.35,-1,-1
2022-06-28,-1,0.52,-1,-1
2022-06-28,-1,2.33,-1,-1
2022-06-28,-1,3.65,-1,-1
2022-06-28,-1,1.27,-1,-1
2022-06-28,-1,5.9,-1,-1
2022-06-28,-1,1.43,-1,-1
2022-06-29,-1,2.98,-1,-1
2022-06-29,-1,0.83,-1,-1
2022-06-29,-1,6.95,-1,-1
2022-06-29,-1,0.15,-1,-1
2022-06-29,-1,0.23,-1,-1
2022-06-29,-1,1.83,-1,-1
2022-06-30,-1,0.13,-1,-1
2022-06-30,-1,1.42,-1,-1
2022-06-30,-1,0.37,-1,-1
2022-06-30,-1,0.2,-1,-1
2022-06-30,-1,2.52,-1,-1
2022-06-30,-1,0.23,-1,-1
2022-07-01,-1,0.7,-1,-1
2022-07-01,-1,3.77,-1,-1
2022-07-01,-1,2.55,-1,-1
2022-07-01,-1,1.98,-1,-1
2022-07-01,-1,0.65,-1,-1
2022-07-01,-1,0.73,-1,-1
2022-07-01,-1,0.23,-1,-1
2022-07-01,-1,0.22,-1,-1
2022-07-02,-1,1.0,-1,-1
2022-07-02,-1,0.28,-1,-1
2022-07-02,-1,5.93,-1,-1
2022-07-02,-1,1.55,-1,-1
2022-07-02,-1,0.2,-1,-1
2022-07-02,-1,1.5,-1,-1
2022-07-02,-1,0.68,-1,-1
2022-07-02,-1,0.23,-1,-1
2022-07-02,-1,1.25,-1,-1
2022-07-03,-1,0.23,-1,-1
2022-07-03,-1,0.47,-1,-1
2022-07-03,-1,0.92,-1,-1
2022-07-03,-1,0.58,-1,-1
2022-07-03,-1,0.4,-1,-1
2022-07-03,-1,0.37,-1,-1
2022-07-03,-1,0.33,-1,-1
2022-07-03,-1,0.83,-1,-1
2022-07-03,-1,0.3,-1,-1
2022-07-03,-1,1.93,-1,-1
2022-07-03,-1,2.12,-1,-1
2022-07-03,-1,0.28,-1,-1
2022-07-04,-1,0.98,-1,-1
2022-07-04,-1,0.22,-1,-1
2022-07-04,-1,2.2,-1,-1
2022-07-04,-1,0.65,-1,-1
2022-07-04,-1,0.27,-1,-1
2022-07-04,-1,0.38,-1,-1
2022-07-05,-1,0.93,-1,-1
2022-07-05,-1,1.0,-1,-1
2022-07-05,-1,1.58,-1,-1
2022-07-05,-1,1.27,-1,-1
2022-07-05,-1,1.4,-1,-1
2022-07-05,-1,1.08,-1,-1
2022-07-05,-1,1.43,-1,-1
2022-07-05,-1,0.23,-1,-1
2022-07-06,-1,3.13,-1,-1
2022-07-06,-1,1.93,-1,-1
2022-07-06,-1,1.73,-1,-1
2022-07-06,-1,2.7,-1,-1
2022-07-06,-1,0.23,-1,-1
2022-07-06,-1,0.45,-1,-1
2022-07-07,-1,9.28,-1,-1
2022-07-07,-1,2.15,-1,-1
2022-07-07,-1,0.3,-1,-1
2022-07-07,-1,4.57,-1,-1
2022-07-07,-1,1.05,-1,-1
2022-07-08,-1,1.02,-1,-1
2022-07-08,-1,0.2,-1,-1
2022-07-08,-1,1.03,-1,-1
2022-07-08,-1,3.68,-1,-1
2022-07-08,-1,1.68,-1,-1
2022-07-08,-1,3.48,-1,-1
2022-07-08,-1,0.32,-1,-1
2022-07-08,-1,0.25,-1,-1
2022-07-09,-1,2.08,-1,-1
2022-07-09,-1,2.15,-1,-1
2022-07-09,-1,2.17,-1,-1
2022-07-09,-1,0.18,-1,-1
2022-07-10,-1,3.57,-1,-1
2022-07-10,-1,3.67,-1,-1
2022-07-10,-1,5.25,-1,-1
2022-07-10,-1,0.88,-1,-1
2022-07-10,-1,0.25,-1,-1
2022-07-10,-1,0.23,-1,-1
2022-07-11,-1,1.83,-1,-1
2022-07-11,-1,1.02,-1,-1
2022-07-11,-1,0.98,-1,-1
2022-07-11,-1,0.2,-1,-1
2022-07-11,-1,1.17,-1,-1
2022-07-11,-1,2.07,-1,-1
2022-07-11,-1,0.18,-1,-1
2022-07-12,-1,0.97,-1,-1
2022-07-12,-1,0.22,-1,-1
2022-07-12,-1,1.02,-1,-1
2022-07-12,-1,1.5,-1,-1
2022-07-12,-1,0.68,-1,-1
2022-07-13,-1,1.25,-1,-1
2022-07-13,-1,0.38,-1,-1
2022-07-13,-1,0.22,-1,-1
2022-07-13,-1,0.5,-1,-1
2022-07-13,-1,1.47,-1,-1
2022-07-13,-1,2.2,-1,-1
2022-07-14,-1,0.57,-1,-1
2022-07-14,-1,3.02,-1,-1
2022-07-15,-1,1.52,-1,-1
2022-07-15,-1,2.17,-1,-1
2022-07-15,-1,2.18,-1,-1
2022-07-15,-1,2.27,-1,-1
2022-07-15,-1,2.73,-1,-1
2022-07-15,-1,0.62,-1,-1
2022-07-15,-1,0.25,-1,-1
2022-07-15,-1,0.85,-1,-1
2022-07-15,-1,1.4,-1,-1
2022-07-15,-1,1.5,-1,-1
2022-07-16,-1,5.0,-1,-1
2022-07-16,-1,1.05,-1,-1
2022-07-16,-1,0.22,-1,-1
2022-07-16,-1,1.03,-1,-1
2022-07-16,-1,1.0,-1,-1
2022-07-16,-1,0.28,-1,-1
2022-07-16,-1,2.42,-1,-1
2022-07-16,-1,0.18,-1,-1
2022-07-16,-1,1.72,-1,-1
2022-07-16,-1,0.25,-1,-1
2022-07-17,-1,0.65,-1,-1
2022-07-17,-1,2.08,-1,-1
2022-07-17,-1,0.27,-1,-1
2022-07-17,-1,5.05,-1,-1
2022-07-17,-1,0.4,-1,-1
2022-07-17,-1,2.27,-1,-1
2022-07-17,-1,0.2,-1,-1
2022-07-17,-1,1.37,-1,-1
2022-07-17,-1,1.5,-1,-1
2022-07-17,-1,1.73,-1,-1
2022-07-17,-1,0.28,-1,-1
2022-07-18,-1,0.72,-1,-1
2022-07-18,-1,1.67,-1,-1
2022-07-18,-1,1.48,-1,-1
2022-07-18,-1,2.13,-1,-1
2022-07-18,-1,1.23,-1,-1
2022-07-18,-1,1.02,-1,-1
2022-07-18,-1,0.22,-1,-1
2022-07-19,-1,2.47,-1,-1
2022-07-19,-1,3.23,-1,-1
2022-07-19,-1,0.17,-1,-1
2022-07-19,-1,0.32,-1,-1
2022-07-19,-1,0.68,-1,-1
2022-07-19,-1,0.9,-1,-1
2022-07-19,-1,0.98,-1,-1
2022-07-20,-1,0.43,-1,-1
2022-07-20,-1,4.33,-1,-1
2022-07-20,-1,10.82,-1,-1
2022-07-20,-1,0.2,-1,-1
2022-07-20,-1,0.75,-1,-1
2022-07-20,-1,1.02,-1,-1
2022-07-20,-1,1.0,-1,-1
2022-07-20,-1,0.57,-1,-1
2022-07-20,-1,2.13,-1,-1
2022-07-20,-1,0.68,-1,-1
2022-07-20,-1,0.37,-1,-1
2022-07-21,-1,0.25,-1,-1
2022-07-21,-1,0.9,-1,-1
2022-07-21,-1,1.4,-1,-1
2022-07-21,-1,0.8,-1,-1
2022-07-21,-1,1.77,-1,-1
2022-07-21,-1,1.43,-1,-1
2022-07-21,-1,11.7,-1,-1
2022-07-21,-1,1.82,-1,-1
2022-07-21,-1,2.98,-1,-1
2022-07-21,-1,3.08,-1,-1
2022-07-21,-1,1.23,-1,-1
2022-07-21,-1,1.63,-1,-1
2022-07-21,-1,0.53,-1,-1
2022-07-22,-1,2.4,-1,-1
2022-07-22,-1,0.8,-1,-1
2022-07-22,-1,3.13,-1,-1
2022-07-22,-1,1.75,-1,-1
2022-07-22,-1,0.2,-1,-1
2022-07-22,-1,2.3,-1,-1
2022-07-22,-1,0.27,-1,-1
2022-07-22,-1,4.62,-1,-1
2022-07-22,-1,1.52,-1,-1
2022-07-22,-1,1.42,-1,-1
2022-07-22,-1,0.23,-1,-1
2022-07-23,-1,2.5,-1,-1
2022-07-23,-1,0.82,-1,-1
2022-07-23,-1,1.87,-1,-1
2022-07-23,-1,0.6,-1,-1
2022-07-23,-1,1.35,-1,-1
2022-07-23,-1,3.28,-1,-1
2022-07-23,-1,2.22,-1,-1
2022-07-23,-1,0.22,-1,-1
2022-07-23,-1,0.85,-1,-1
2022-07-24,-1,0.45,-1,-1
2022-07-24,-1,3.7,-1,-1
2022-07-24,-1,1.43,-1,-1
2022-07-24,-1,0.23,-1,-1
2022-07-24,-1,1.77,-1,-1
2022-07-24,-1,1.62,-1,-1
2022-07-25,-1,2.52,-1,-1
2022-07-25,-1,2.65,-1,-1
2022-07-25,-1,4.18,-1,-1
2022-07-25,-1,1.75,-1,-1
2022-07-25,-1,0.13,-1,-1
2022-07-25,-1,8.17,-1,-1
2022-07-25,-1,1.05,-1,-1
2022-07-25,-1,1.9,-1,-1
2022-07-25,-1,1.72,-1,-1
2022-07-25,-1,1.02,-1,-1
2022-07-26,-1,4.62,-1,-1
2022-07-26,-1,1.0,-1,-1
2022-07-26,-1,4.53,-1,-1
2022-07-26,-1,0.7,-1,-1
2022-07-26,-1,3.48,-1,-1
2022-07-26,-1,0.52,-1,-1
2022-07-26,-1,0.5,-1,-1
2022-07-26,-1,0.42,-1,-1
2022-07-26,-1,0.28,-1,-1
2022-07-26,-1,1.58,-1,-1
2022-07-26,-1,2.6,-1,-1
2022-07-26,-1,1.87,-1,-1
2022-07-26,-1,0.23,-1,-1
2022-07-26,-1,1.4,-1,-1
2022-07-26,-1,0.92,-1,-1
2022-07-27,-1,1.13,-1,-1
2022-07-27,-1,3.78,-1,-1
2022-07-27,-1,1.57,-1,-1
2022-07-27,-1,3.08,-1,-1
2022-07-27,-1,2.9,-1,-1
2022-07-27,-1,10.55,-1,-1
2022-07-27,-1,1.55,-1,-1
2022-07-27,-1,0.53,-1,-1
2022-07-27,-1,1.32,-1,-1
2022-07-27,-1,2.82,-1,-1
2022-07-27,-1,1.63,-1,-1
2022-07-27,-1,5.55,-1,-1
2022-07-27,-1,1.37,-1,-1
2022-07-28,-1,0.18,-1,-1
2022-07-28,-1,2.18,-1,-1
2022-07-28,-1,0.22,-1,-1
2022-07-28,-1,3.0,-1,-1
2022-07-28,-1,0.42,-1,-1
2022-07-28,-1,0.43,-1,-1
2022-07-28,-1,1.33,-1,-1
2022-07-29,-1,2.03,-1,-1
2022-07-29,-1,0.52,-1,-1
2022-07-29,-1,0.23,-1,-1
2022-07-29,-1,0.73,-1,-1
2022-07-29,-1,1.0,-1,-1
2022-07-29,-1,1.08,-1,-1
2022-07-29,-1,1.55,-1,-1
2022-07-29,-1,0.67,-1,-1
2022-07-30,-1,2.7,-1,-1
2022-07-30,-1,0.35,-1,-1
2022-07-30,-1,1.08,-1,-1
2022-07-30,-1,1.78,-1,-1
2022-07-30,-1,0.28,-1,-1
2022-07-30,-1,1.23,-1,-1
2022-07-30,-1,0.18,-1,-1
2022-07-30,-1,0.23,-1,-1
2022-07-31,-1,3.52,-1,-1
2022-07-31,-1,1.23,-1,-1
2022-07-31,-1,0.35,-1,-1
2022-07-31,-1,0.98,-1,-1
2022-07-31,-1,9.67,-1,-1
2022-07-31,-1,3.82,-1,-1
2022-07-31,-1,0.2,-1,-1
2022-07-31,-1,0.43,-1,-1
2022-08-01,-1,4.18,-1,-1
2022-08-01,-1,3.22,-1,-1
2022-08-01,-1,4.22,-1,-1
2022-08-01,-1,4.03,-1,-1
2022-08-01,-1,0.32,-1,-1
2022-08-01,-1,0.42,-1,-1
2022-08-01,-1,0.68,-1,-1
2022-08-01,-1,1.32,-1,-1
2022-08-01,-1,0.22,-1,-1
2022-08-02,-1,0.35,-1,-1
2022-08-02,-1,1.12,-1,-1
2022-08-02,-1,1.37,-1,-1
2022-08-02,-1,2.72,-1,-1
2022-08-02,-1,1.7,-1,-1
2022-08-02,-1,1.4,-1,-1
2022-08-02,-1,0.95,-1,-1
2022-08-02,-1,0.47,-1,-1
2022-08-02,-1,1.07,-1,-1
2022-08-02,-1,1.18,-1,-1
2022-08-03,-1,2.13,-1,-1
2022-08-03,-1,0.58,-1,-1
2022-08-03,-1,1.27,-1,-1
2022-08-03,-1,3.05,-1,-1
2022-08-03,-1,0.53,-1,-1
2022-08-03,-1,1.9,-1,-1
2022-08-03,-1,0.3,-1,-1
2022-08-04,-1,6.98,-1,-1
2022-08-04,-1,0.72,-1,-1
2022-08-04,-1,2.7,-1,-1
2022-08-05,-1,10.93,-1,-1
2022-08-05,-1,1.87,-1,-1
2022-08-05,-1,4.23,-1,-1
2022-08-05,-1,6.65,-1,-1
2022-08-05,-1,1.88,-1,-1
2022-08-05,-1,1.2,-1,-1
2022-08-05,-1,4.68,-1,-1
2022-08-05,-1,0.55,-1,-1
2022-08-05,-1,1.53,-1,-1
2022-08-05,-1,0.5,-1,-1
2022-08-06,-1,5.15,-1,-1
2022-08-06,-1,1.78,-1,-1
2022-08-06,-1,2.5,-1,-1
2022-08-06,-1,2.02,-1,-1
2022-08-06,-1,5.13,-1,-1
2022-08-06,-1,0.17,-1,-1
2022-08-06,-1,0.23,-1,-1
2022-08-06,-1,0.95,-1,-1
2022-08-06,-1,1.18,-1,-1
2022-08-06,-1,0.92,-1,-1
2022-08-06,-1,1.62,-1,-1
2022-08-06,-1,0.42,-1,-1
2022-08-07,-1,0.45,-1,-1
2022-08-07,-1,4.8,-1,-1
2022-08-07,-1,1.87,-1,-1
2022-08-07,-1,0.58,-1,-1
2022-08-07,-1,2.0,-1,-1
2022-08-07,-1,1.73,-1,-1
2022-08-07,-1,0.68,-1,-1
2022-08-07,-1,0.23,-1,-1
2022-08-07,-1,0.2,-1,-1
2022-08-07,-1,1.02,-1,-1
2022-08-07,-1,2.45,-1,-1
2022-08-07,-1,2.15,-1,-1
2022-08-07,-1,1.55,-1,-1
2022-08-08,-1,0.5,-1,-1
2022-08-08,-1,0.22,-1,-1
2022-08-08,-1,0.17,-1,-1
2022-08-08,-1,0.45,-1,-1
2022-08-08,-1,0.6,-1,-1
2022-08-08,-1,2.15,-1,-1
2022-08-08,-1,1.83,-1,-1
2022-08-08,-1,0.93,-1,-1
2022-08-08,-1,0.2,-1,-1
2022-08-08,-1,0.37,-1,-1
2022-08-09,-1,1.5,-1,-1
2022-08-09,-1,3.52,-1,-1
2022-08-09,-1,3.23,-1,-1
2022-08-09,-1,1.63,-1,-1
2022-08-09,-1,0.33,-1,-1
2022-08-09,-1,2.98,-1,-1
2022-08-09,-1,0.55,-1,-1
2022-08-09,-1,1.23,-1,-1
2022-08-09,-1,0.25,-1,-1
2022-08-10,-1,1.55,-1,-1
2022-08-10,-1,4.18,-1,-1
2022-08-10,-1,1.18,-1,-1
2022-08-10,-1,0.3,-1,-1
2022-08-10,-1,2.03,-1,-1
2022-08-10,-1,0.65,-1,-1
2022-08-10,-1,3.07,-1,-1
2022-08-10,-1,1.02,-1,-1
2022-08-10,-1,0.25,-1,-1
2022-08-10,-1,1.83,-1,-1
2022-08-11,-1,5.07,-1,-1
2022-08-11,-1,11.38,-1,-1
2022-08-11,-1,1.1,-1,-1
2022-08-11,-1,2.87,-1,-1
2022-08-11,-1,3.73,-1,-1
2022-08-11,-1,1.03,-1,-1
2022-08-11,-1,1.32,-1,-1
2022-08-11,-1,0.22,-1,-1
2022-08-12,-1,0.73,-1,-1
2022-08-12,-1,0.2,-1,-1
2022-08-12,-1,0.75,-1,-1
2022-08-12,-1,0.22,-1,-1
2022-08-13,-1,0.98,-1,-1
2022-08-13,-1,3.23,-1,-1
2022-08-13,-1,2.1,-1,-1
2022-08-13,-1,0.47,-1,-1
2022-08-13,-1,2.57,-1,-1
2022-08-13,-1,5.38,-1,-1
2022-08-13,-1,2.53,-1,-1
2022-08-13,-1,6.8,-1,-1
2022-08-13,-1,1.08,-1,-1
2022-08-13,-1,2.37,-1,-1
2022-08-14,-1,1.38,-1,-1
2022-08-14,-1,0.55,-1,-1
2022-08-14,-1,0.23,-1,-1
2022-08-14,-1,2.03,-1,-1
2022-08-14,-1,11.68,-1,-1
2022-08-14,-1,3.77,-1,-1
2022-08-14,-1,2.12,-1,-1
2022-08-14,-1,1.93,-1,-1
2022-08-14,-1,2.0,-1,-1
2022-08-15,-1,2.48,-1,-1
2022-08-15,-1,0.85,-1,-1
2022-08-15,-1,1.28,-1,-1
2022-08-15,-1,1.72,-1,-1
2022-08-15,-1,3.63,-1,-1
2022-08-15,-1,1.68,-1,-1
2022-08-15,-1,1.62,-1,-1
2022-08-15,-1,2.77,-1,-1
2022-08-16,-1,1.47,-1,-1
2022-08-16,-1,2.37,-1,-1
2022-08-16,-1,8.12,-1,-1
2022-08-16,-1,0.72,-1,-1
2022-08-16,-1,1.5,-1,-1
2022-08-16,-1,6.63,-1,-1
2022-08-17,-1,3.02,-1,-1
2022-08-17,-1,1.77,-1,-1
2022-08-17,-1,0.3,-1,-1
2022-08-17,-1,2.27,-1,-1
2022-08-17,-1,2.92,-1,-1
2022-08-17,大坤坤竟想过偷拿宝哥号上的东西！不过宝哥贼精！一眼就看出不对劲！,14.65,http://www.bilibili.com/video/av36993260,36993260
2022-08-17,社死！在酒吧做驻唱，客人非要点鸡你太美，怎么办？【流浪05】,14.65,http://www.bilibili.com/video/av259520400,259520400
2022-08-17,-1,1.0,-1,-1
2022-08-18,-1,3.25,-1,-1
2022-08-18,-1,1.47,-1,-1
2022-08-18,-1,1.62,-1,-1
2022-08-18,-1,2.78,-1,-1
2022-08-18,-1,0.18,-1,-1
2022-08-18,-1,1.0,-1,-1
2022-08-18,-1,2.02,-1,-1
2022-08-18,-1,2.13,-1,-1
2022-08-18,-1,1.38,-1,-1
2022-08-18,-1,2.57,-1,-1
2022-08-18,-1,2.73,-1,-1
2022-08-18,-1,3.02,-1,-1
2022-08-19,-1,0.57,-1,-1
2022-08-19,-1,0.28,-1,-1
2022-08-19,-1,0.67,-1,-1
2022-08-19,-1,1.02,-1,-1
2022-08-19,-1,1.27,-1,-1
2022-08-19,-1,1.83,-1,-1
2022-08-19,-1,2.6,-1,-1
2022-08-19,我的世界恐怖地图:the house 坤屋,16.97,http://www.bilibili.com/video/av687155283,687155283
2022-08-19,-1,1.78,-1,-1
2022-08-19,-1,1.0,-1,-1
2022-08-19,-1,0.23,-1,-1
2022-08-20,-1,1.17,-1,-1
2022-08-20,-1,0.23,-1,-1
2022-08-20,-1,1.02,-1,-1
2022-08-20,-1,1.22,-1,-1
2022-08-20,-1,0.58,-1,-1
2022-08-20,-1,1.07,-1,-1
2022-08-20,-1,0.43,-1,-1
2022-08-20,-1,0.55,-1,-1
2022-08-21,-1,4.55,-1,-1
2022-08-21,-1,3.12,-1,-1
2022-08-21,-1,0.92,-1,-1
2022-08-21,-1,1.5,-1,-1
2022-08-21,-1,3.1,-1,-1
2022-08-21,-1,0.22,-1,-1
2022-08-21,-1,1.18,-1,-1
2022-08-21,蔡徐坤表情包400+合集,23.97,http://www.bilibili.com/video/av302195004,302195004
2022-08-21,-1,1.08,-1,-1
2022-08-21,-1,0.62,-1,-1
2022-08-21,-1,2.33,-1,-1
2022-08-21,-1,2.38,-1,-1
2022-08-21,-1,0.38,-1,-1
2022-08-21,-1,0.28,-1,-1
2022-08-22,-1,1.28,-1,-1
2022-08-22,-1,0.4,-1,-1
2022-08-22,-1,0.37,-1,-1
2022-08-22,-1,4.0,-1,-1
2022-08-22,-1,0.42,-1,-1
2022-08-22,-1,0.22,-1,-1
2022-08-23,-1,1.67,-1,-1
2022-08-23,-1,1.08,-1,-1
2022-08-23,-1,5.6,-1,-1
2022-08-23,-1,0.47,-1,-1
2022-08-23,-1,1.03,-1,-1
2022-08-23,-1,0.17,-1,-1
2022-08-23,-1,2.4,-1,-1
2022-08-23,-1,1.62,-1,-1
2022-08-24,-1,2.15,-1,-1
2022-08-24,-1,1.22,-1,-1
2022-08-24,-1,2.58,-1,-1
2022-08-24,-1,4.35,-1,-1
2022-08-24,-1,1.7,-1,-1
2022-08-24,-1,1.87,-1,-1
2022-08-24,-1,4.23,-1,-1
2022-08-24,-1,2.63,-1,-1
2022-08-24,-1,1.63,-1,-1
2022-08-25,-1,2.45,-1,-1
2022-08-25,-1,4.15,-1,-1
2022-08-25,-1,0.8,-1,-1
2022-08-25,-1,4.0,-1,-1
2022-08-25,-1,0.5,-1,-1
2022-08-25,-1,1.03,-1,-1
2022-08-25,-1,0.43,-1,-1
2022-08-25,-1,0.62,-1,-1
2022-08-25,-1,1.22,-1,-1
2022-08-26,-1,2.9,-1,-1
2022-08-26,-1,0.28,-1,-1
2022-08-26,-1,5.02,-1,-1
2022-08-26,-1,1.22,-1,-1
2022-08-26,-1,1.53,-1,-1
2022-08-26,-1,2.05,-1,-1
2022-08-26,-1,2.13,-1,-1
2022-08-26,-1,0.13,-1,-1
2022-08-26,-1,0.22,-1,-1
2022-08-27,-1,0.52,-1,-1
2022-08-27,-1,0.95,-1,-1
2022-08-27,-1,1.6,-1,-1
2022-08-27,-1,2.2,-1,-1
2022-08-27,-1,0.33,-1,-1
2022-08-27,-1,2.58,-1,-1
2022-08-27,-1,9.88,-1,-1
2022-08-27,-1,0.48,-1,-1
2022-08-27,-1,4.43,-1,-1
2022-08-27,-1,4.3,-1,-1
2022-08-27,-1,1.05,-1,-1
2022-08-28,-1,0.67,-1,-1
2022-08-28,-1,1.25,-1,-1
2022-08-28,-1,0.6,-1,-1
2022-08-28,-1,2.75,-1,-1
2022-08-28,-1,0.37,-1,-1
2022-08-28,别黑坤坤了！看了蔡徐坤同期练习生后，我成为了ikun！,13.22,http://www.bilibili.com/video/av772409979,772409979
2022-08-28,-1,3.92,-1,-1
2022-08-28,-1,1.1,-1,-1
2022-08-28,-1,4.13,-1,-1
2022-08-28,-1,0.8,-1,-1
2022-08-28,-1,0.63,-1,-1
2022-08-28,-1,0.4,-1,-1
2022-08-28,-1,1.45,-1,-1
2022-08-29,-1,4.13,-1,-1
2022-08-29,-1,0.52,-1,-1
2022-08-30,-1,0.52,-1,-1
2022-08-30,-1,1.22,-1,-1
2022-08-30,-1,2.43,-1,-1
2022-08-30,-1,1.62,-1,-1
2022-08-31,-1,11.37,-1,-1
2022-08-31,-1,0.5,-1,-1
2022-08-31,-1,2.62,-1,-1
2022-08-31,-1,0.4,-1,-1
2022-08-31,-1,0.22,-1,-1
2022-08-31,-1,3.62,-1,-1
2022-08-31,-1,0.28,-1,-1
2022-08-31,-1,1.47,-1,-1
2022-08-31,-1,2.13,-1,-1
2022-09-01,-1,1.98,-1,-1
2022-09-01,-1,2.2,-1,-1
2022-09-01,-1,0.88,-1,-1
2022-09-01,-1,2.78,-1,-1
2022-09-01,-1,1.03,-1,-1
2022-09-01,-1,1.4,-1,-1
2022-09-01,-1,0.25,-1,-1
2022-09-02,-1,0.78,-1,-1
2022-09-02,-1,3.95,-1,-1
2022-09-02,-1,1.23,-1,-1
2022-09-02,-1,0.42,-1,-1
2022-09-02,-1,1.05,-1,-1
2022-09-02,-1,2.35,-1,-1
2022-09-02,-1,0.75,-1,-1
2022-09-03,-1,3.75,-1,-1
2022-09-03,-1,2.38,-1,-1
2022-09-03,-1,1.4,-1,-1
2022-09-03,-1,0.68,-1,-1
2022-09-03,-1,1.25,-1,-1
2022-09-03,-1,2.37,-1,-1
2022-09-04,-1,3.95,-1,-1
2022-09-04,-1,1.42,-1,-1
2022-09-04,-1,2.97,-1,-1
2022-09-04,-1,2.73,-1,-1
2022-09-04,-1,2.12,-1,-1
2022-09-04,-1,1.67,-1,-1
2022-09-04,-1,1.52,-1,-1
2022-09-04,蔡徐村诡事（全）,21.87,http://www.bilibili.com/video/av430175844,430175844
2022-09-04,-1,0.13,-1,-1
2022-09-04,-1,1.7,-1,-1
2022-09-04,-1,2.92,-1,-1
2022-09-04,-1,0.7,-1,-1
2022-09-05,-1,0.48,-1,-1
2022-09-05,-1,0.53,-1,-1
2022-09-05,-1,3.52,-1,-1
2022-09-05,-1,4.9,-1,-1
2022-09-05,-1,3.98,-1,-1
2022-09-05,-1,0.25,-1,-1
2022-09-05,-1,0.18,-1,-1
2022-09-06,-1,1.0,-1,-1
2022-09-06,-1,1.25,-1,-1
2022-09-07,对不起，芝士雪豹让我输掉了比赛【向前冲 大力出奇迹版】,12.85,http://www.bilibili.com/video/av515337988,515337988
2022-09-07,-1,0.35,-1,-1
2022-09-07,-1,0.33,-1,-1
2022-09-08,-1,0.58,-1,-1
2022-09-08,-1,1.38,-1,-1
2022-09-08,-1,1.43,-1,-1
2022-09-08,-1,0.33,-1,-1
2022-09-08,-1,0.6,-1,-1
2022-09-08,-1,1.63,-1,-1
2022-09-08,-1,0.68,-1,-1
2022-09-09,-1,1.62,-1,-1
2022-09-09,-1,1.02,-1,-1
2022-09-09,-1,0.35,-1,-1
2022-09-09,-1,3.0,-1,-1
2022-09-09,-1,4.4,-1,-1
2022-09-09,-1,1.12,-1,-1
2022-09-09,-1,0.42,-1,-1
2022-09-09,-1,1.25,-1,-1
2022-09-09,-1,0.22,-1,-1
2022-09-10,-1,1.02,-1,-1
2022-09-10,-1,1.92,-1,-1
2022-09-10,-1,0.92,-1,-1
2022-09-10,-1,8.65,-1,-1
2022-09-10,-1,3.07,-1,-1
2022-09-10,-1,3.4,-1,-1
2022-09-10,-1,1.33,-1,-1
2022-09-10,-1,2.33,-1,-1
2022-09-10,-1,5.23,-1,-1
2022-09-10,-1,7.45,-1,-1
2022-09-10,-1,1.03,-1,-1
2022-09-10,-1,2.42,-1,-1
2022-09-10,-1,0.17,-1,-1
2022-09-10,-1,0.4,-1,-1
2022-09-10,-1,1.73,-1,-1
2022-09-10,-1,1.07,-1,-1
2022-09-10,-1,0.63,-1,-1
2022-09-11,-1,2.03,-1,-1
2022-09-11,-1,9.8,-1,-1
2022-09-11,-1,0.3,-1,-1
2022-09-11,-1,0.53,-1,-1
2022-09-12,-1,2.03,-1,-1
2022-09-12,-1,3.52,-1,-1
2022-09-12,-1,2.6,-1,-1
2022-09-12,-1,0.37,-1,-1
2022-09-12,-1,1.7,-1,-1
2022-09-12,-1,1.55,-1,-1
2022-09-12,花3000做的mod，大家帮看看值不值！,46.18,http://www.bilibili.com/video/av387980310,387980310
2022-09-12,-1,0.27,-1,-1
2022-09-12,-1,0.2,-1,-1
2022-09-13,-1,0.22,-1,-1
2022-09-13,-1,0.87,-1,-1
2022-09-13,-1,0.27,-1,-1
2022-09-14,-1,1.57,-1,-1
2022-09-14,-1,0.55,-1,-1
2022-09-14,-1,11.68,-1,-1
2022-09-14,-1,0.52,-1,-1
2022-09-14,-1,2.35,-1,-1
2022-09-14,-1,0.28,-1,-1
2022-09-14,-1,0.73,-1,-1
2022-09-14,【清华大学】C语言课程，教你速通C语言程序设计！C语言基础入门！,963.93,http://www.bilibili.com/video/av985584181,985584181
2022-09-14,-1,1.73,-1,-1
2022-09-14,-1,1.02,-1,-1
2022-09-15,-1,1.17,-1,-1
2022-09-15,-1,0.47,-1,-1
2022-09-15,-1,1.37,-1,-1
2022-09-15,-1,4.02,-1,-1
2022-09-15,-1,0.17,-1,-1
2022-09-16,-1,3.28,-1,-1
2022-09-16,-1,0.77,-1,-1
2022-09-16,-1,2.27,-1,-1
2022-09-16,-1,2.37,-1,-1
2022-09-16,-1,0.98,-1,-1
2022-09-16,-1,1.05,-1,-1
2022-09-16,-1,3.02,-1,-1
2022-09-16,-1,1.07,-1,-1
2022-09-17,-1,4.42,-1,-1
2022-09-17,-1,5.33,-1,-1
2022-09-17,-1,0.25,-1,-1
2022-09-17,-1,1.9,-1,-1
2022-09-17,-1,1.0,-1,-1
2022-09-17,-1,0.17,-1,-1
2022-09-17,-1,1.92,-1,-1
2022-09-17,-1,0.3,-1,-1
2022-09-17,-1,1.85,-1,-1
2022-09-18,-1,1.52,-1,-1
2022-09-18,-1,2.45,-1,-1
2022-09-18,-1,1.77,-1,-1
2022-09-18,-1,3.32,-1,-1
2022-09-18,-1,1.08,-1,-1
2022-09-18,-1,0.2,-1,-1
2022-09-19,-1,3.13,-1,-1
2022-09-19,-1,2.62,-1,-1
2022-09-19,-1,1.7,-1,-1
2022-09-19,-1,2.73,-1,-1
2022-09-19,-1,0.27,-1,-1
2022-09-19,-1,0.35,-1,-1
2022-09-19,-1,0.28,-1,-1
2022-09-20,-1,3.1,-1,-1
2022-09-20,-1,1.48,-1,-1
2022-09-20,-1,0.25,-1,-1
2022-09-21,-1,1.13,-1,-1
2022-09-21,-1,2.32,-1,-1
2022-09-21,-1,1.85,-1,-1
2022-09-21,-1,2.85,-1,-1
2022-09-22,-1,7.28,-1,-1
2022-09-22,-1,1.67,-1,-1
2022-09-22,-1,0.18,-1,-1
2022-09-22,-1,0.42,-1,-1
2022-09-22,-1,0.87,-1,-1
2022-09-22,-1,2.0,-1,-1
2022-09-22,-1,1.05,-1,-1
2022-09-22,-1,2.92,-1,-1
2022-09-23,-1,0.32,-1,-1
2022-09-23,-1,0.22,-1,-1
2022-09-23,-1,0.3,-1,-1
2022-09-23,-1,4.98,-1,-1
2022-09-23,-1,6.5,-1,-1
2022-09-23,-1,1.65,-1,-1
2022-09-23,-1,0.38,-1,-1
2022-09-23,-1,2.72,-1,-1
2022-09-24,-1,1.17,-1,-1
2022-09-24,-1,7.88,-1,-1
2022-09-24,-1,2.88,-1,-1
2022-09-24,-1,2.03,-1,-1
2022-09-24,-1,1.1,-1,-1
2022-09-24,-1,1.32,-1,-1
2022-09-24,-1,1.27,-1,-1
2022-09-24,-1,2.48,-1,-1
2022-09-24,坤坤真爱粉制作的游戏，鸡也会杀人的！《鸡杀手》,13.78,http://www.bilibili.com/video/av560772633,560772633
2022-09-24,-1,1.82,-1,-1
2022-09-24,-1,1.28,-1,-1
2022-09-25,-1,1.8,-1,-1
2022-09-25,-1,1.52,-1,-1
2022-09-26,-1,1.07,-1,-1
2022-09-26,-1,1.98,-1,-1
2022-09-26,-1,0.22,-1,-1
2022-09-26,-1,1.33,-1,-1
2022-09-26,-1,0.38,-1,-1
2022-09-27,-1,0.5,-1,-1
2022-09-27,-1,0.27,-1,-1
2022-09-27,-1,6.28,-1,-1
2022-09-27,运动会整活，还是要看高中生！常州市北郊高级中学2022年秋季运动会开幕式,108.35,http://www.bilibili.com/video/av645903456,645903456
2022-09-27,恐怖大电影《琨化危鸡：蔡徐村》完整全片纯享！,165.7,http://www.bilibili.com/video/av985973806,985973806
2022-09-27,-1,1.4,-1,-1
2022-09-27,-1,2.77,-1,-1
2022-09-27,-1,0.23,-1,-1
2022-09-28,-1,3.62,-1,-1
2022-09-28,-1,0.9,-1,-1
2022-09-28,-1,4.52,-1,-1
2022-09-28,-1,0.58,-1,-1
2022-09-28,-1,1.48,-1,-1
2022-09-28,-1,0.47,-1,-1
2022-09-28,-1,3.88,-1,-1
2022-09-28,-1,0.73,-1,-1
2022-09-28,-1,2.63,-1,-1
2022-09-29,-1,5.1,-1,-1
2022-09-29,-1,2.17,-1,-1
2022-09-29,-1,2.22,-1,-1
2022-09-29,-1,0.88,-1,-1
2022-09-29,-1,0.15,-1,-1
2022-09-29,-1,5.6,-1,-1
2022-09-29,-1,2.7,-1,-1
2022-09-29,-1,0.22,-1,-1
2022-09-29,-1,1.53,-1,-1
2022-09-29,-1,3.12,-1,-1
2022-09-29,-1,2.55,-1,-1
2022-09-29,-1,0.28,-1,-1
2022-09-30,-1,2.98,-1,-1
2022-09-30,-1,2.73,-1,-1
2022-09-30,-1,1.68,-1,-1
2022-09-30,-1,1.48,-1,-1
2022-09-30,-1,1.58,-1,-1
2022-09-30,-1,3.65,-1,-1
2022-09-30,-1,1.52,-1,-1
2022-09-30,LOL最难克制套路！魔鬼老6！设计师：你个狗！【有点骚东西】,14.05,http://www.bilibili.com/video/av688621985,688621985
2022-09-30,-1,2.9,-1,-1
2022-09-30,-1,0.88,-1,-1
2022-09-30,-1,0.5,-1,-1
2022-10-01,-1,1.2,-1,-1
2022-10-01,-1,2.8,-1,-1
2022-10-01,-1,1.27,-1,-1
2022-10-01,-1,0.85,-1,-1
2022-10-01,-1,0.25,-1,-1
2022-10-01,-1,3.65,-1,-1
2022-10-01,-1,1.6,-1,-1
2022-10-01,-1,0.18,-1,-1
2022-10-01,-1,0.22,-1,-1
2022-10-02,-1,6.12,-1,-1
2022-10-02,-1,1.62,-1,-1
2022-10-02,-1,7.32,-1,-1
2022-10-02,-1,0.18,-1,-1
2022-10-02,-1,0.72,-1,-1
2022-10-02,-1,4.45,-1,-1
2022-10-02,只有1滴血！通关率1%的噩梦版饥荒mod！,68.82,http://www.bilibili.com/video/av858743896,858743896
2022-10-02,-1,3.58,-1,-1
2022-10-03,-1,1.08,-1,-1
2022-10-03,-1,0.22,-1,-1
2022-10-03,-1,0.7,-1,-1
2022-10-03,-1,1.95,-1,-1
2022-10-03,-1,0.18,-1,-1
2022-10-03,-1,1.02,-1,-1
2022-10-03,-1,1.38,-1,-1
2022-10-03,-1,0.25,-1,-1
2022-10-03,-1,1.05,-1,-1
2022-10-03,-1,0.72,-1,-1
2022-10-03,-1,0.27,-1,-1
2022-10-04,-1,2.48,-1,-1
2022-10-04,-1,5.95,-1,-1
2022-10-04,-1,0.25,-1,-1
2022-10-04,-1,1.43,-1,-1
2022-10-04,-1,2.1,-1,-1
2022-10-04,-1,0.87,-1,-1
2022-10-04,-1,0.73,-1,-1
2022-10-04,-1,1.3,-1,-1
2022-10-04,-1,0.18,-1,-1
2022-10-05,-1,3.8,-1,-1
2022-10-05,-1,1.18,-1,-1
2022-10-05,-1,2.57,-1,-1
2022-10-05,-1,1.23,-1,-1
2022-10-05,-1,1.03,-1,-1
2022-10-05,-1,1.15,-1,-1
2022-10-05,-1,0.63,-1,-1
2022-10-06,-1,5.75,-1,-1
2022-10-06,-1,7.6,-1,-1
2022-10-06,-1,3.1,-1,-1
2022-10-06,-1,0.27,-1,-1
2022-10-06,-1,1.12,-1,-1
2022-10-06,-1,3.4,-1,-1
2022-10-06,-1,1.92,-1,-1
2022-10-06,-1,1.42,-1,-1
2022-10-06,-1,1.6,-1,-1
2022-10-07,-1,2.28,-1,-1
2022-10-07,-1,0.48,-1,-1
2022-10-07,-1,10.97,-1,-1
2022-10-07,-1,2.93,-1,-1
2022-10-07,-1,0.3,-1,-1
2022-10-08,-1,2.4,-1,-1
2022-10-08,-1,2.7,-1,-1
2022-10-08,-1,1.02,-1,-1
2022-10-08,蔡徐坤仅仅练习两年半就登顶流量榜首？坤坤出道之路详细分析【ikun必修强化课】,13.13,http://www.bilibili.com/video/av731263046,731263046
2022-10-08,-1,0.35,-1,-1
2022-10-08,-1,1.08,-1,-1
2022-10-09,-1,3.18,-1,-1
2022-10-09,-1,0.88,-1,-1
2022-10-09,-1,1.22,-1,-1
2022-10-09,-1,4.33,-1,-1
2022-10-09,-1,2.0,-1,-1
2022-10-10,-1,3.1,-1,-1
2022-10-10,-1,1.37,-1,-1
2022-10-10,-1,1.25,-1,-1
2022-10-10,小黑子逮到你了！疑似坤坤真爱粉制作的游戏！深夜不能乱吃鸡，不然会有灾难降临！,17.05,http://www.bilibili.com/video/av431435635,431435635
2022-10-10,村民造反了！小黑子终于露出马脚，漠叔还是懂关爱村民的,13.45,http://www.bilibili.com/video/av346471419,346471419
2022-10-10,-1,0.27,-1,-1
2022-10-10,-1,1.47,-1,-1
2022-10-11,-1,0.55,-1,-1
2022-10-11,-1,4.67,-1,-1
2022-10-11,-1,1.58,-1,-1
2022-10-11,-1,0.2,-1,-1
2022-10-11,-1,2.2,-1,-1
2022-10-11,-1,1.68,-1,-1
2022-10-11,-1,0.18,-1,-1
2022-10-11,-1,0.37,-1,-1
2022-10-12,-1,0.53,-1,-1
2022-10-12,-1,4.32,-1,-1
2022-10-12,-1,1.55,-1,-1
2022-10-12,-1,1.57,-1,-1
2022-10-12,-1,2.25,-1,-1
2022-10-12,-1,0.28,-1,-1
2022-10-12,-1,0.23,-1,-1
2022-10-12,-1,1.02,-1,-1
2022-10-13,-1,1.85,-1,-1
2022-10-13,-1,0.75,-1,-1
2022-10-13,-1,0.25,-1,-1
2022-10-13,-1,1.08,-1,-1
2022-10-14,-1,6.43,-1,-1
2022-10-14,-1,4.85,-1,-1
2022-10-14,-1,5.8,-1,-1
2022-10-14,-1,0.83,-1,-1
2022-10-14,-1,7.77,-1,-1
2022-10-14,-1,5.03,-1,-1
2022-10-14,-1,0.18,-1,-1
2022-10-14,-1,1.3,-1,-1
2022-10-14,-1,2.48,-1,-1
2022-10-15,-1,5.72,-1,-1
2022-10-15,-1,1.27,-1,-1
2022-10-15,-1,2.92,-1,-1
2022-10-15,-1,2.1,-1,-1
2022-10-15,-1,0.38,-1,-1
2022-10-15,-1,1.02,-1,-1
2022-10-15,-1,1.6,-1,-1
2022-10-15,外网主播玩坤坤之夜熟肉 kubz scouts中字 原标题:一个中国说唱偶像正在左右摇摆着朝着我走来I我需要一些圣水Ikunkunnight,13.25,http://www.bilibili.com/video/av278720465,278720465
2022-10-15,明争暗斗，各怀鬼胎，人均800个心眼子【综艺大型修罗场】,13.25,http://www.bilibili.com/video/av561621529,561621529
2022-10-15,-1,0.25,-1,-1
2022-10-15,-1,0.2,-1,-1
2022-10-16,-1,2.85,-1,-1
2022-10-16,-1,2.33,-1,-1
2022-10-16,-1,5.38,-1,-1
2022-10-16,-1,0.23,-1,-1
2022-10-17,-1,2.53,-1,-1
2022-10-17,-1,3.27,-1,-1
2022-10-17,-1,0.53,-1,-1
2022-10-17,-1,1.7,-1,-1
2022-10-18,-1,1.43,-1,-1
2022-10-18,-1,1.1,-1,-1
2022-10-18,-1,2.87,-1,-1
2022-10-19,-1,5.58,-1,-1
2022-10-19,-1,10.1,-1,-1
2022-10-19,-1,2.67,-1,-1
2022-10-19,-1,6.48,-1,-1
2022-10-19,-1,2.17,-1,-1
2022-10-19,-1,2.18,-1,-1
2022-10-19,-1,0.57,-1,-1
2022-10-19,-1,0.23,-1,-1
2022-10-19,-1,0.37,-1,-1
2022-10-20,-1,2.47,-1,-1
2022-10-20,-1,1.6,-1,-1
2022-10-20,-1,0.48,-1,-1
2022-10-20,-1,2.2,-1,-1
2022-10-20,-1,0.38,-1,-1
2022-10-20,-1,1.35,-1,-1
2022-10-20,-1,1.72,-1,-1
2022-10-20,-1,4.22,-1,-1
2022-10-20,-1,0.43,-1,-1
2022-10-20,-1,0.2,-1,-1
2022-10-21,-1,5.05,-1,-1
2022-10-22,-1,5.22,-1,-1
2022-10-22,-1,1.35,-1,-1
2022-10-22,-1,4.85,-1,-1
2022-10-22,-1,0.3,-1,-1
2022-10-22,-1,4.0,-1,-1
2022-10-22,-1,2.7,-1,-1
2022-10-22,-1,1.47,-1,-1
2022-10-23,-1,3.82,-1,-1
2022-10-23,-1,1.68,-1,-1
2022-10-23,-1,7.83,-1,-1
2022-10-23,-1,2.75,-1,-1
2022-10-24,-1,0.23,-1,-1
2022-10-24,-1,0.47,-1,-1
2022-10-24,-1,0.85,-1,-1
2022-10-24,-1,0.17,-1,-1
2022-10-24,-1,0.25,-1,-1
2022-10-24,-1,0.9,-1,-1
2022-10-24,-1,1.02,-1,-1
2022-10-24,-1,0.55,-1,-1
2022-10-25,-1,0.5,-1,-1
2022-10-25,-1,0.62,-1,-1
2022-10-25,-1,0.13,-1,-1
2022-10-25,-1,2.03,-1,-1
2022-10-25,-1,1.57,-1,-1
2022-10-25,-1,0.25,-1,-1
2022-10-26,-1,0.78,-1,-1
2022-10-26,-1,0.38,-1,-1
2022-10-26,-1,3.43,-1,-1
2022-10-26,-1,0.22,-1,-1
2022-10-26,-1,3.08,-1,-1
2022-10-26,-1,11.13,-1,-1
2022-10-26,-1,0.73,-1,-1
2022-10-26,-1,1.22,-1,-1
2022-10-26,-1,1.37,-1,-1
2022-10-27,-1,0.8,-1,-1
2022-10-27,-1,3.73,-1,-1
2022-10-27,-1,1.82,-1,-1
2022-10-27,-1,7.97,-1,-1
2022-10-27,-1,1.35,-1,-1
2022-10-27,盘点那些满级的GGBond！肯坤坤汉堡包，光头万岁！满级动画！,12.88,http://www.bilibili.com/video/av859491467,859491467
2022-10-27,-1,0.53,-1,-1
2022-10-28,-1,3.22,-1,-1
2022-10-28,-1,0.82,-1,-1
2022-10-28,-1,1.48,-1,-1
2022-10-28,-1,0.4,-1,-1
2022-10-28,-1,1.97,-1,-1
2022-10-28,-1,3.67,-1,-1
2022-10-28,-1,2.83,-1,-1
2022-10-28,-1,4.48,-1,-1
2022-10-28,-1,0.22,-1,-1
2022-10-28,-1,0.32,-1,-1
2022-10-29,-1,0.9,-1,-1
2022-10-29,-1,0.27,-1,-1
2022-10-30,-1,1.75,-1,-1
2022-10-30,-1,1.05,-1,-1
2022-10-30,-1,1.45,-1,-1
2022-10-30,-1,0.37,-1,-1
2022-10-30,-1,2.07,-1,-1
2022-10-30,-1,1.6,-1,-1
2022-10-30,-1,1.95,-1,-1
2022-10-30,-1,0.18,-1,-1
2022-10-31,-1,3.12,-1,-1
2022-10-31,-1,2.83,-1,-1
2022-10-31,-1,1.67,-1,-1
2022-10-31,-1,3.18,-1,-1
2022-10-31,-1,1.75,-1,-1
2022-10-31,-1,0.7,-1,-1
2022-10-31,-1,0.85,-1,-1
2022-10-31,-1,0.37,-1,-1
2022-10-31,-1,0.22,-1,-1
2022-11-01,-1,0.48,-1,-1
2022-11-01,-1,1.03,-1,-1
2022-11-01,-1,1.43,-1,-1
2022-11-01,-1,2.98,-1,-1
2022-11-02,-1,2.92,-1,-1
2022-11-02,-1,0.37,-1,-1
2022-11-03,-1,0.23,-1,-1
2022-11-03,杰瑞：法庭上禁止！穿着金色切尔西跳鸡你太美！！,14.07,http://www.bilibili.com/video/av262137329,262137329
2022-11-03,-1,1.33,-1,-1
2022-11-03,-1,2.93,-1,-1
2022-11-04,-1,3.55,-1,-1
2022-11-04,-1,1.83,-1,-1
2022-11-04,-1,2.2,-1,-1
2022-11-04,-1,1.22,-1,-1
2022-11-04,-1,3.07,-1,-1
2022-11-04,-1,1.2,-1,-1
2022-11-04,-1,0.35,-1,-1
2022-11-04,-1,0.95,-1,-1
2022-11-05,-1,0.28,-1,-1
2022-11-05,-1,0.57,-1,-1
2022-11-05,-1,1.62,-1,-1
2022-11-05,-1,0.17,-1,-1
2022-11-05,-1,3.88,-1,-1
2022-11-05,-1,0.32,-1,-1
2022-11-05,-1,0.27,-1,-1
2022-11-06,-1,0.43,-1,-1
2022-11-06,-1,11.53,-1,-1
2022-11-06,-1,0.73,-1,-1
2022-11-07,-1,2.27,-1,-1
2022-11-07,-1,0.32,-1,-1
2022-11-08,-1,0.32,-1,-1
2022-11-08,-1,0.23,-1,-1
2022-11-09,-1,0.25,-1,-1
2022-11-09,-1,0.27,-1,-1
2022-11-09,-1,2.97,-1,-1
2022-11-09,-1,1.22,-1,-1
2022-11-09,-1,3.7,-1,-1
2022-11-09,-1,2.38,-1,-1
2022-11-09,-1,0.32,-1,-1
2022-11-10,-1,0.97,-1,-1
2022-11-10,-1,1.37,-1,-1
2022-11-10,-1,2.17,-1,-1
2022-11-10,-1,1.68,-1,-1
2022-11-10,-1,0.52,-1,-1
2022-11-10,注意看，这根男指叫小帅 | 超可爱拇指游戏和涂鸦小技巧,16.25,http://www.bilibili.com/video/av732193362,732193362
2022-11-10,-1,2.63,-1,-1
2022-11-10,-1,1.1,-1,-1
2022-11-11,-1,0.65,-1,-1
2022-11-11,-1,0.18,-1,-1
2022-11-11,连续看10小时鸡你太美🐔直到死亡,600.02,http://www.bilibili.com/video/av262452093,262452093
2022-11-11,我套娃了套娃我10小时的人,600.02,http://www.bilibili.com/video/av690526579,690526579
2022-11-11,-1,2.47,-1,-1
2022-11-12,-1,3.68,-1,-1
2022-11-12,-1,3.52,-1,-1
2022-11-12,-1,3.6,-1,-1
2022-11-12,-1,3.97,-1,-1
2022-11-12,-1,2.42,-1,-1
2022-11-12,-1,1.07,-1,-1
2022-11-12,-1,0.22,-1,-1
2022-11-12,-1,2.45,-1,-1
2022-11-12,-1,3.17,-1,-1
2022-11-12,-1,0.4,-1,-1
2022-11-12,-1,1.2,-1,-1
2022-11-12,-1,0.32,-1,-1
2022-11-13,-1,1.28,-1,-1
2022-11-13,-1,3.52,-1,-1
2022-11-13,-1,2.32,-1,-1
2022-11-13,-1,1.75,-1,-1
2022-11-13,-1,0.18,-1,-1
2022-11-13,-1,5.37,-1,-1
2022-11-13,-1,0.4,-1,-1
2022-11-13,-1,0.27,-1,-1
2022-11-14,-1,4.82,-1,-1
2022-11-14,-1,2.05,-1,-1
2022-11-14,-1,4.22,-1,-1
2022-11-14,-1,1.1,-1,-1
2022-11-14,-1,0.42,-1,-1
2022-11-14,-1,0.37,-1,-1
2022-11-14,-1,0.47,-1,-1
2022-11-14,-1,0.35,-1,-1
2022-11-14,-1,0.2,-1,-1
2022-11-15,-1,3.53,-1,-1
2022-11-15,-1,1.15,-1,-1
2022-11-15,-1,0.28,-1,-1
2022-11-15,-1,1.2,-1,-1
2022-11-15,-1,1.3,-1,-1
2022-11-15,-1,0.27,-1,-1
2022-11-16,-1,8.25,-1,-1
2022-11-16,-1,4.97,-1,-1
2022-11-16,-1,1.03,-1,-1
2022-11-16,-1,2.75,-1,-1
2022-11-16,-1,1.28,-1,-1
2022-11-16,-1,1.87,-1,-1
2022-11-17,-1,0.43,-1,-1
2022-11-17,-1,2.57,-1,-1
2022-11-17,-1,2.05,-1,-1
2022-11-17,-1,1.9,-1,-1
2022-11-17,-1,0.33,-1,-1
2022-11-17,-1,0.58,-1,-1
2022-11-18,-1,1.35,-1,-1
2022-11-18,-1,0.63,-1,-1
2022-11-18,-1,0.2,-1,-1
2022-11-18,-1,6.32,-1,-1
2022-11-18,-1,1.88,-1,-1
2022-11-18,-1,1.37,-1,-1
2022-11-18,-1,1.68,-1,-1
2022-11-19,-1,8.17,-1,-1
2022-11-19,-1,0.78,-1,-1
2022-11-19,-1,1.13,-1,-1
2022-11-19,-1,3.83,-1,-1
2022-11-19,-1,3.75,-1,-1
2022-11-19,-1,0.18,-1,-1
2022-11-19,-1,3.68,-1,-1
2022-11-20,-1,0.63,-1,-1
2022-11-20,-1,1.43,-1,-1
2022-11-20,-1,7.85,-1,-1
2022-11-20,-1,1.78,-1,-1
2022-11-20,-1,1.05,-1,-1
2022-11-20,-1,1.15,-1,-1
2022-11-20,-1,1.27,-1,-1
2022-11-20,-1,2.42,-1,-1
2022-11-21,-1,1.07,-1,-1
2022-11-21,-1,0.77,-1,-1
2022-11-21,-1,0.42,-1,-1
2022-11-21,-1,0.4,-1,-1
2022-11-21,-1,1.27,-1,-1
2022-11-21,-1,2.72,-1,-1
2022-11-21,-1,1.08,-1,-1
2022-11-21,-1,0.32,-1,-1
2022-11-21,-1,1.03,-1,-1
2022-11-21,-1,0.73,-1,-1
2022-11-21,-1,0.28,-1,-1
2022-11-22,-1,0.52,-1,-1
2022-11-22,-1,1.55,-1,-1
2022-11-22,-1,0.45,-1,-1
2022-11-23,-1,3.87,-1,-1
2022-11-23,-1,2.32,-1,-1
2022-11-23,-1,0.68,-1,-1
2022-11-23,-1,2.08,-1,-1
2022-11-23,-1,1.5,-1,-1
2022-11-23,-1,1.45,-1,-1
2022-11-23,-1,1.6,-1,-1
2022-11-23,-1,1.82,-1,-1
2022-11-24,-1,5.25,-1,-1
2022-11-24,-1,0.27,-1,-1
2022-11-24,-1,0.23,-1,-1
2022-11-24,-1,4.12,-1,-1
2022-11-24,-1,1.98,-1,-1
2022-11-24,-1,3.7,-1,-1
2022-11-24,-1,1.45,-1,-1
2022-11-24,-1,1.03,-1,-1
2022-11-25,-1,0.55,-1,-1
2022-11-25,-1,1.4,-1,-1
2022-11-25,-1,1.02,-1,-1
2022-11-25,-1,9.53,-1,-1
2022-11-25,-1,10.55,-1,-1
2022-11-25,-1,2.83,-1,-1
2022-11-25,-1,2.37,-1,-1
2022-11-25,-1,0.43,-1,-1
2022-11-25,-1,2.72,-1,-1
2022-11-26,-1,0.28,-1,-1
2022-11-26,-1,6.73,-1,-1
2022-11-26,-1,1.87,-1,-1
2022-11-26,-1,4.73,-1,-1
2022-11-26,-1,1.48,-1,-1
2022-11-26,-1,1.45,-1,-1
2022-11-26,-1,3.05,-1,-1
2022-11-26,-1,1.43,-1,-1
2022-11-26,-1,2.8,-1,-1
2022-11-26,-1,1.23,-1,-1
2022-11-27,-1,3.93,-1,-1
2022-11-27,连续看10小时鸡你太美🐔直到死亡,600.02,http://www.bilibili.com/video/av262452093,262452093
2022-11-27,我套娃了套娃我10小时的人,600.02,http://www.bilibili.com/video/av690526579,690526579
2022-11-27,-1,0.82,-1,-1
2022-11-27,-1,7.07,-1,-1
2022-11-27,-1,1.72,-1,-1
2022-11-27,-1,2.42,-1,-1
2022-11-27,-1,4.58,-1,-1
2022-11-27,-1,3.48,-1,-1
2022-11-27,一口气看完超火漫画《光之子》合集，一个懒惰的少年，因性格原因选学了无人问津的光系魔法，却无意中踏进了命运的巨轮。。。全程高能,67.33,http://www.bilibili.com/video/av220534164,220534164
2022-11-27,-1,0.57,-1,-1
2022-11-28,-1,2.62,-1,-1
2022-11-28,-1,1.55,-1,-1
2022-11-28,-1,2.2,-1,-1
2022-11-28,-1,1.25,-1,-1
2022-11-28,-1,0.35,-1,-1
2022-11-29,-1,1.35,-1,-1
2022-11-29,-1,0.6,-1,-1
2022-11-29,-1,0.13,-1,-1
2022-11-29,-1,1.5,-1,-1
2022-11-30,-1,2.68,-1,-1
2022-11-30,-1,2.03,-1,-1
2022-11-30,-1,2.3,-1,-1
2022-11-30,-1,1.22,-1,-1
2022-11-30,-1,1.65,-1,-1
2022-11-30,-1,1.82,-1,-1
2022-11-30,-1,1.88,-1,-1
2022-12-01,-1,1.25,-1,-1
2022-12-01,-1,1.62,-1,-1
2022-12-01,-1,3.23,-1,-1
2022-12-01,-1,1.53,-1,-1
2022-12-01,-1,0.77,-1,-1
2022-12-02,-1,4.02,-1,-1
2022-12-02,-1,0.45,-1,-1
2022-12-02,-1,2.6,-1,-1
2022-12-02,-1,2.97,-1,-1
2022-12-02,-1,0.63,-1,-1
2022-12-02,-1,1.53,-1,-1
2022-12-02,-1,4.13,-1,-1
2022-12-02,-1,1.32,-1,-1
2022-12-02,-1,2.77,-1,-1
2022-12-03,-1,0.35,-1,-1
2022-12-03,-1,2.05,-1,-1
2022-12-03,-1,6.35,-1,-1
2022-12-03,-1,1.13,-1,-1
2022-12-04,-1,1.43,-1,-1
2022-12-04,-1,0.4,-1,-1
2022-12-04,-1,0.53,-1,-1
2022-12-04,-1,7.2,-1,-1
2022-12-04,-1,1.85,-1,-1
2022-12-05,-1,2.92,-1,-1
2022-12-05,-1,0.38,-1,-1
2022-12-05,-1,1.7,-1,-1
2022-12-05,-1,0.37,-1,-1
2022-12-05,-1,0.25,-1,-1
2022-12-06,-1,0.27,-1,-1
2022-12-06,-1,0.67,-1,-1
2022-12-07,-1,1.02,-1,-1
2022-12-07,-1,0.73,-1,-1
2022-12-07,-1,2.13,-1,-1
2022-12-07,-1,1.53,-1,-1
2022-12-07,-1,4.93,-1,-1
2022-12-07,-1,0.8,-1,-1
2022-12-07,-1,1.35,-1,-1
2022-12-07,-1,1.78,-1,-1
2022-12-07,-1,0.68,-1,-1
2022-12-07,-1,0.25,-1,-1
2022-12-08,-1,0.32,-1,-1
2022-12-08,-1,1.28,-1,-1
2022-12-08,-1,1.82,-1,-1
2022-12-08,-1,1.05,-1,-1
2022-12-08,-1,1.22,-1,-1
2022-12-08,-1,2.45,-1,-1
2022-12-08,-1,1.47,-1,-1
2022-12-08,-1,0.28,-1,-1
2022-12-09,-1,1.52,-1,-1
2022-12-09,-1,1.93,-1,-1
2022-12-09,-1,1.0,-1,-1
2022-12-10,-1,2.68,-1,-1
2022-12-10,-1,0.22,-1,-1
2022-12-10,-1,2.87,-1,-1
2022-12-10,-1,1.2,-1,-1
2022-12-10,-1,1.65,-1,-1
2022-12-10,-1,1.13,-1,-1
2022-12-10,-1,2.92,-1,-1
2022-12-10,-1,0.18,-1,-1
2022-12-11,-1,1.15,-1,-1
2022-12-11,-1,0.38,-1,-1
2022-12-11,-1,0.18,-1,-1
2022-12-11,-1,2.97,-1,-1
2022-12-11,-1,0.92,-1,-1
2022-12-11,-1,1.37,-1,-1
2022-12-11,-1,1.85,-1,-1
2022-12-12,-1,0.5,-1,-1
2022-12-12,-1,2.73,-1,-1
2022-12-12,-1,3.62,-1,-1
2022-12-12,-1,1.07,-1,-1
2022-12-13,-1,4.55,-1,-1
2022-12-13,-1,0.23,-1,-1
2022-12-13,-1,3.75,-1,-1
2022-12-13,-1,1.1,-1,-1
2022-12-14,-1,1.0,-1,-1
2022-12-14,-1,0.4,-1,-1
2022-12-14,-1,1.12,-1,-1
2022-12-14,-1,1.73,-1,-1
2022-12-14,-1,6.68,-1,-1
2022-12-14,-1,0.65,-1,-1
2022-12-14,-1,1.97,-1,-1
2022-12-14,-1,0.38,-1,-1
2022-12-15,-1,1.02,-1,-1
2022-12-15,-1,1.78,-1,-1
2022-12-15,-1,2.17,-1,-1
2022-12-15,-1,0.25,-1,-1
2022-12-15,-1,4.32,-1,-1
2022-12-15,-1,1.38,-1,-1
2022-12-16,-1,1.18,-1,-1
2022-12-16,-1,1.12,-1,-1
2022-12-16,-1,0.57,-1,-1
2022-12-16,-1,3.62,-1,-1
2022-12-16,为千万ikun构建理论和实践体系，他如何让坤流重返巅峰？【ikun人物志：汤姆老师】,15.05,http://www.bilibili.com/video/av518799633,518799633
2022-12-16,-1,1.25,-1,-1
2022-12-16,-1,0.25,-1,-1
2022-12-16,-1,0.48,-1,-1
2022-12-17,-1,1.48,-1,-1
2022-12-17,-1,6.4,-1,-1
2022-12-17,-1,1.0,-1,-1
2022-12-17,-1,1.43,-1,-1
2022-12-18,-1,0.32,-1,-1
2022-12-18,-1,0.52,-1,-1
2022-12-18,-1,0.65,-1,-1
2022-12-19,-1,3.43,-1,-1
2022-12-19,-1,3.62,-1,-1
2022-12-19,-1,1.9,-1,-1
2022-12-19,-1,0.52,-1,-1
2022-12-19,-1,1.92,-1,-1
2022-12-19,-1,0.55,-1,-1
2022-12-20,-1,0.53,-1,-1
2022-12-20,-1,2.02,-1,-1
2022-12-20,-1,2.25,-1,-1
2022-12-20,-1,1.17,-1,-1
2022-12-20,-1,2.27,-1,-1
2022-12-20,-1,2.4,-1,-1
2022-12-20,-1,0.22,-1,-1
2022-12-21,-1,3.05,-1,-1
2022-12-21,-1,2.9,-1,-1
2022-12-21,-1,7.57,-1,-1
2022-12-21,-1,1.1,-1,-1
2022-12-21,-1,0.28,-1,-1
2022-12-22,-1,2.15,-1,-1
2022-12-22,-1,0.33,-1,-1
2022-12-22,-1,0.57,-1,-1
2022-12-22,-1,2.05,-1,-1
2022-12-22,-1,1.2,-1,-1
2022-12-22,-1,1.45,-1,-1
2022-12-22,-1,1.08,-1,-1
2022-12-23,-1,2.05,-1,-1
2022-12-23,-1,1.13,-1,-1
2022-12-23,-1,10.18,-1,-1
2022-12-23,-1,1.65,-1,-1
2022-12-23,-1,2.6,-1,-1
2022-12-23,-1,3.07,-1,-1
2022-12-23,-1,2.12,-1,-1
2022-12-24,-1,1.93,-1,-1
2022-12-24,-1,1.6,-1,-1
2022-12-24,【生化危鸡大电影】鸡异能！（100分钟完整版）由刘华强&amp;杰哥&amp;卢本伟&amp;坤坤&amp;穿山甲&amp;燕双鹰等全明星主演！,106.43,http://www.bilibili.com/video/av221695800,221695800
2022-12-24,-1,6.22,-1,-1
2022-12-24,-1,1.18,-1,-1
2022-12-24,-1,10.37,-1,-1
2022-12-25,-1,2.58,-1,-1
2022-12-25,-1,2.02,-1,-1
2022-12-25,-1,2.87,-1,-1
2022-12-25,-1,2.08,-1,-1
2022-12-26,-1,0.68,-1,-1
2022-12-26,-1,0.55,-1,-1
2022-12-26,-1,2.35,-1,-1
2022-12-27,-1,4.52,-1,-1
2022-12-27,-1,0.83,-1,-1
2022-12-27,-1,0.52,-1,-1
2022-12-27,-1,0.43,-1,-1
2022-12-27,-1,1.6,-1,-1
2022-12-28,-1,1.47,-1,-1
2022-12-28,-1,0.45,-1,-1
2022-12-28,-1,3.03,-1,-1
2022-12-28,-1,3.65,-1,-1
2022-12-28,-1,4.75,-1,-1
2022-12-28,-1,3.6,-1,-1
2022-12-29,-1,1.25,-1,-1
2022-12-29,-1,4.65,-1,-1
2022-12-29,-1,1.5,-1,-1
2022-12-29,-1,1.05,-1,-1
2022-12-29,-1,1.73,-1,-1
2022-12-29,-1,0.38,-1,-1
2022-12-30,-1,5.9,-1,-1
2022-12-30,-1,1.8,-1,-1
2022-12-30,-1,1.67,-1,-1
2022-12-30,-1,3.5,-1,-1
2022-12-30,-1,0.38,-1,-1
2022-12-31,-1,8.68,-1,-1
2022-12-31,-1,2.28,-1,-1
2022-12-31,-1,0.23,-1,-1
2022-12-31,【电影】坤化危机 I；鸡病毒,137.5,http://www.bilibili.com/video/av349500343,349500343
2022-12-31,40年前就能拍出现在不敢拍的讽刺喜剧神作《顾此失彼》 篮球和鸡是怎么联想到一起的？,29.72,http://www.bilibili.com/video/av777057477,777057477
2022-12-31,-1,2.48,-1,-1
2022-12-31,-1,6.9,-1,-1
2022-12-31,-1,2.27,-1,-1
2022-12-31,-1,4.1,-1,-1
2022-12-31,-1,9.43,-1,-1
2023-01-01,-1,2.53,-1,-1
2023-01-01,-1,2.32,-1,-1
2023-01-01,-1,8.38,-1,-1
2023-01-01,-1,0.2,-1,-1
2023-01-01,坤 坤 号 ， 前 进 四 ！,19.47,http://www.bilibili.com/video/av349547126,349547126
2023-01-01,-1,2.02,-1,-1
2023-01-01,-1,0.85,-1,-1
2023-01-01,-1,1.47,-1,-1
2023-01-02,-1,1.52,-1,-1
2023-01-03,-1,8.03,-1,-1
2023-01-03,100首鲲曲大放送，真ikun必听！【第一期】,75.9,http://www.bilibili.com/video/av349662186,349662186
2023-01-03,【小黑子带娃记】一口气看完！突然多出一个可爱到爆的女儿你会怎么办,75.32,http://www.bilibili.com/video/av222152999,222152999
2023-01-03,-1,2.27,-1,-1
2023-01-04,-1,1.38,-1,-1
2023-01-04,-1,0.42,-1,-1
2023-01-04,-1,7.33,-1,-1
2023-01-04,-1,1.02,-1,-1
2023-01-04,-1,0.55,-1,-1
2023-01-05,-1,1.58,-1,-1
2023-01-05,-1,0.25,-1,-1
2023-01-05,-1,1.72,-1,-1
2023-01-05,-1,1.03,-1,-1
2023-01-05,-1,0.23,-1,-1
2023-01-05,-1,0.45,-1,-1
2023-01-05,-1,0.28,-1,-1
2023-01-06,-1,3.3,-1,-1
2023-01-06,-1,0.77,-1,-1
2023-01-06,-1,1.98,-1,-1
2023-01-06,-1,0.38,-1,-1
2023-01-06,-1,2.33,-1,-1
2023-01-07,-1,9.92,-1,-1
2023-01-07,-1,1.07,-1,-1
2023-01-07,-1,1.32,-1,-1
2023-01-07,-1,0.27,-1,-1
2023-01-07,-1,0.83,-1,-1
2023-01-07,-1,0.37,-1,-1
2023-01-07,-1,2.1,-1,-1
2023-01-07,-1,0.3,-1,-1
2023-01-07,-1,0.28,-1,-1
2023-01-08,-1,0.38,-1,-1
2023-01-08,-1,0.72,-1,-1
2023-01-08,-1,7.4,-1,-1
2023-01-08,-1,4.38,-1,-1
2023-01-08,-1,1.2,-1,-1
2023-01-08,-1,0.37,-1,-1
2023-01-08,-1,2.43,-1,-1
2023-01-08,-1,0.62,-1,-1
2023-01-08,-1,4.25,-1,-1
2023-01-08,-1,0.23,-1,-1
2023-01-09,-1,0.75,-1,-1
2023-01-09,-1,1.1,-1,-1
2023-01-09,-1,0.25,-1,-1
2023-01-09,-1,0.93,-1,-1
2023-01-09,-1,0.53,-1,-1
2023-01-09,-1,0.37,-1,-1
2023-01-10,-1,3.43,-1,-1
2023-01-10,-1,0.25,-1,-1
2023-01-10,100首鲲曲大放送，真ikun必听！【第二期】,89.15,http://www.bilibili.com/video/av862609800,862609800
2023-01-10,-1,1.7,-1,-1
2023-01-10,-1,0.53,-1,-1
2023-01-10,-1,0.68,-1,-1
2023-01-10,-1,0.6,-1,-1
2023-01-11,-1,0.32,-1,-1
2023-01-11,-1,1.08,-1,-1
2023-01-11,-1,0.48,-1,-1
2023-01-11,-1,1.15,-1,-1
2023-01-11,-1,1.47,-1,-1
2023-01-12,-1,1.07,-1,-1
2023-01-12,-1,0.6,-1,-1
2023-01-12,-1,1.35,-1,-1
2023-01-12,-1,3.57,-1,-1
2023-01-12,-1,4.78,-1,-1
2023-01-12,-1,0.68,-1,-1
2023-01-12,-1,0.8,-1,-1
2023-01-13,-1,0.67,-1,-1
2023-01-13,-1,1.03,-1,-1
2023-01-13,-1,0.35,-1,-1
2023-01-13,-1,0.33,-1,-1
2023-01-13,-1,0.85,-1,-1
2023-01-13,-1,0.53,-1,-1
2023-01-14,-1,3.05,-1,-1
2023-01-14,-1,10.8,-1,-1
2023-01-14,-1,0.98,-1,-1
2023-01-14,-1,0.42,-1,-1
2023-01-14,-1,5.12,-1,-1
2023-01-14,-1,0.48,-1,-1
2023-01-14,-1,2.2,-1,-1
2023-01-14,-1,0.77,-1,-1
2023-01-14,-1,0.57,-1,-1
2023-01-15,-1,0.22,-1,-1
2023-01-15,-1,0.48,-1,-1
2023-01-15,-1,1.37,-1,-1
2023-01-15,-1,5.98,-1,-1
2023-01-15,-1,0.23,-1,-1
2023-01-16,-1,0.95,-1,-1
2023-01-16,-1,0.22,-1,-1
2023-01-16,-1,1.45,-1,-1
2023-01-16,-1,2.48,-1,-1
2023-01-16,-1,1.67,-1,-1
2023-01-16,-1,2.87,-1,-1
2023-01-16,-1,1.05,-1,-1
2023-01-17,-1,1.38,-1,-1
2023-01-17,-1,0.47,-1,-1
2023-01-17,-1,0.23,-1,-1
2023-01-17,-1,3.42,-1,-1
2023-01-17,-1,0.87,-1,-1
2023-01-17,-1,10.1,-1,-1
2023-01-17,-1,1.0,-1,-1
2023-01-18,-1,3.88,-1,-1
2023-01-18,-1,2.07,-1,-1
2023-01-18,-1,7.08,-1,-1
2023-01-18,-1,3.02,-1,-1
2023-01-18,-1,2.68,-1,-1
2023-01-18,-1,6.18,-1,-1
2023-01-18,-1,0.3,-1,-1
2023-01-19,-1,2.53,-1,-1
2023-01-19,-1,1.15,-1,-1
2023-01-19,-1,0.22,-1,-1
2023-01-19,-1,8.18,-1,-1
2023-01-19,-1,1.53,-1,-1
2023-01-19,-1,1.83,-1,-1
2023-01-19,-1,1.73,-1,-1
2023-01-20,-1,1.52,-1,-1
2023-01-20,-1,0.5,-1,-1
2023-01-20,-1,0.18,-1,-1
2023-01-20,-1,1.33,-1,-1
2023-01-20,-1,0.83,-1,-1
2023-01-21,-1,2.58,-1,-1
2023-01-21,-1,0.88,-1,-1
2023-01-21,-1,0.57,-1,-1
2023-01-21,-1,1.93,-1,-1
2023-01-21,-1,0.6,-1,-1
2023-01-21,-1,1.02,-1,-1
2023-01-21,-1,1.68,-1,-1
2023-01-21,-1,3.12,-1,-1
2023-01-21,-1,0.27,-1,-1
2023-01-22,-1,2.92,-1,-1
2023-01-22,-1,1.23,-1,-1
2023-01-22,-1,2.55,-1,-1
2023-01-22,-1,0.82,-1,-1
2023-01-22,-1,1.37,-1,-1
2023-01-22,-1,8.43,-1,-1
2023-01-22,-1,0.42,-1,-1
2023-01-22,-1,1.2,-1,-1
2023-01-23,-1,1.22,-1,-1
2023-01-24,-1,0.77,-1,-1
2023-01-24,-1,1.38,-1,-1
2023-01-24,-1,1.2,-1,-1
2023-01-24,-1,0.38,-1,-1
2023-01-24,-1,0.4,-1,-1
2023-01-24,-1,0.83,-1,-1
2023-01-24,-1,3.8,-1,-1
2023-01-24,-1,2.62,-1,-1
2023-01-25,-1,2.2,-1,-1
2023-01-25,-1,0.78,-1,-1
2023-01-25,-1,0.22,-1,-1
2023-01-25,-1,0.52,-1,-1
2023-01-25,-1,8.55,-1,-1
2023-01-25,-1,0.18,-1,-1
2023-01-25,-1,0.42,-1,-1
2023-01-26,-1,5.03,-1,-1
2023-01-26,-1,1.8,-1,-1
2023-01-26,-1,1.13,-1,-1
2023-01-26,-1,0.48,-1,-1
2023-01-26,-1,2.45,-1,-1
2023-01-26,-1,0.72,-1,-1
2023-01-26,-1,1.78,-1,-1
2023-01-26,-1,0.22,-1,-1
2023-01-27,-1,3.27,-1,-1
2023-01-27,-1,1.47,-1,-1
2023-01-27,-1,4.03,-1,-1
2023-01-27,-1,2.52,-1,-1
2023-01-27,-1,1.3,-1,-1
2023-01-27,-1,0.17,-1,-1
2023-01-27,-1,1.07,-1,-1
2023-01-28,-1,1.23,-1,-1
2023-01-28,-1,0.57,-1,-1
2023-01-28,-1,1.42,-1,-1
2023-01-28,-1,2.98,-1,-1
2023-01-28,-1,1.03,-1,-1
2023-01-29,-1,0.22,-1,-1
2023-01-29,-1,0.35,-1,-1
2023-01-29,-1,0.65,-1,-1
2023-01-29,【鬼畜大电影】熊出没之狂野大街（92分钟完整版）,92.58,http://www.bilibili.com/video/av393523179,393523179
2023-01-29,-1,3.4,-1,-1
2023-01-29,-1,1.78,-1,-1
2023-01-29,-1,1.63,-1,-1
2023-01-29,-1,1.0,-1,-1
2023-01-30,-1,2.83,-1,-1
2023-01-30,-1,2.72,-1,-1
2023-01-30,-1,2.6,-1,-1
2023-01-30,-1,0.87,-1,-1
2023-01-30,-1,3.62,-1,-1
2023-01-31,-1,6.4,-1,-1
2023-01-31,-1,0.8,-1,-1
2023-01-31,-1,1.03,-1,-1
2023-01-31,-1,2.02,-1,-1
2023-01-31,-1,1.35,-1,-1
2023-01-31,-1,1.02,-1,-1
2023-01-31,-1,3.55,-1,-1
2023-02-01,-1,3.9,-1,-1
2023-02-01,-1,1.2,-1,-1
2023-02-01,-1,8.13,-1,-1
2023-02-01,-1,1.63,-1,-1
2023-02-01,-1,0.38,-1,-1
2023-02-01,-1,3.72,-1,-1
2023-02-01,-1,1.02,-1,-1
2023-02-02,-1,0.82,-1,-1
2023-02-02,-1,0.7,-1,-1
2023-02-02,-1,2.52,-1,-1
2023-02-02,-1,0.27,-1,-1
2023-02-02,-1,0.38,-1,-1
2023-02-02,-1,1.27,-1,-1
2023-02-02,-1,0.18,-1,-1
2023-02-02,-1,1.82,-1,-1
2023-02-02,-1,3.3,-1,-1
2023-02-02,-1,1.93,-1,-1
2023-02-02,-1,0.4,-1,-1
2023-02-03,-1,1.4,-1,-1
2023-02-03,-1,1.27,-1,-1
2023-02-03,-1,0.87,-1,-1
2023-02-03,-1,1.45,-1,-1
2023-02-03,-1,1.35,-1,-1
2023-02-03,-1,6.95,-1,-1
2023-02-03,-1,5.4,-1,-1
2023-02-03,-1,1.1,-1,-1
2023-02-03,-1,3.1,-1,-1
2023-02-03,-1,2.48,-1,-1
2023-02-03,-1,1.43,-1,-1
2023-02-04,-1,2.35,-1,-1
2023-02-04,-1,3.07,-1,-1
2023-02-04,-1,1.4,-1,-1
2023-02-04,-1,9.43,-1,-1
2023-02-04,-1,5.55,-1,-1
2023-02-04,-1,0.37,-1,-1
2023-02-04,蔡徐坤给佳一妈妈道歉！！！,14.0,http://www.bilibili.com/video/av478760646,478760646
2023-02-05,-1,0.2,-1,-1
2023-02-05,-1,0.57,-1,-1
2023-02-05,-1,2.15,-1,-1
2023-02-05,-1,11.75,-1,-1
2023-02-05,一口气看完古古怪界大作战，原来小黑子的梗这么早就有了！,59.87,http://www.bilibili.com/video/av308961657,308961657
2023-02-05,-1,3.83,-1,-1
2023-02-05,-1,2.98,-1,-1
2023-02-05,-1,1.9,-1,-1
2023-02-05,-1,0.38,-1,-1
2023-02-07,-1,1.95,-1,-1
2023-02-07,-1,2.03,-1,-1
2023-02-08,-1,12.17,-1,-1
2023-02-08,-1,0.93,-1,-1
2023-02-08,-1,1.1,-1,-1
2023-02-08,盘点人与动物无障碍交流，原来这就是你的真面目，万物皆有灵！,12.17,http://www.bilibili.com/video/av479000654,479000654
2023-02-08,-1,0.37,-1,-1
2023-02-08,-1,0.57,-1,-1
2023-02-08,-1,1.63,-1,-1
2023-02-08,-1,1.02,-1,-1
2023-02-09,-1,6.17,-1,-1
2023-02-09,-1,0.37,-1,-1
2023-02-09,-1,0.73,-1,-1
2023-02-09,-1,3.55,-1,-1
2023-02-09,-1,0.52,-1,-1
2023-02-10,-1,1.12,-1,-1
2023-02-10,-1,1.93,-1,-1
2023-02-10,-1,1.63,-1,-1
2023-02-10,-1,0.77,-1,-1
2023-02-10,-1,1.08,-1,-1
2023-02-10,-1,2.33,-1,-1
2023-02-11,-1,1.38,-1,-1
2023-02-11,-1,0.68,-1,-1
2023-02-11,-1,0.35,-1,-1
2023-02-12,-1,1.02,-1,-1
2023-02-12,-1,2.38,-1,-1
2023-02-12,-1,2.13,-1,-1
2023-02-12,-1,0.9,-1,-1
2023-02-12,-1,2.27,-1,-1
2023-02-12,-1,2.98,-1,-1
2023-02-12,-1,1.42,-1,-1
2023-02-13,-1,2.2,-1,-1
2023-02-13,-1,1.88,-1,-1
2023-02-13,-1,2.55,-1,-1
2023-02-14,-1,1.18,-1,-1
2023-02-14,-1,1.22,-1,-1
2023-02-14,-1,3.82,-1,-1
2023-02-14,-1,0.7,-1,-1
2023-02-14,-1,2.27,-1,-1
2023-02-16,-1,0.7,-1,-1
2023-02-16,-1,0.85,-1,-1
2023-02-16,-1,0.42,-1,-1
2023-02-16,-1,1.83,-1,-1
2023-02-16,-1,2.05,-1,-1
2023-02-16,-1,0.27,-1,-1
2023-02-17,-1,3.22,-1,-1
2023-02-17,-1,1.17,-1,-1
2023-02-18,-1,1.92,-1,-1
2023-02-18,-1,3.38,-1,-1
2023-02-18,-1,1.4,-1,-1
2023-02-18,-1,1.12,-1,-1
2023-02-18,-1,1.67,-1,-1
2023-02-18,-1,1.47,-1,-1
2023-02-18,-1,0.93,-1,-1
2023-02-19,-1,2.32,-1,-1
2023-02-19,-1,1.9,-1,-1
2023-02-19,-1,4.2,-1,-1
2023-02-19,-1,0.38,-1,-1
2023-02-19,-1,2.8,-1,-1
2023-02-19,-1,1.62,-1,-1
2023-02-20,-1,6.33,-1,-1
2023-02-20,-1,0.32,-1,-1
2023-02-21,-1,4.85,-1,-1
2023-02-21,-1,4.02,-1,-1
2023-02-21,-1,1.17,-1,-1
2023-02-21,-1,1.7,-1,-1
2023-02-21,-1,2.4,-1,-1
2023-02-21,-1,1.35,-1,-1
2023-02-22,-1,11.92,-1,-1
2023-02-22,-1,2.52,-1,-1
2023-02-22,-1,1.1,-1,-1
2023-02-23,-1,1.72,-1,-1
2023-02-23,-1,3.6,-1,-1
2023-02-23,-1,2.87,-1,-1
2023-02-23,-1,0.47,-1,-1
2023-02-23,-1,4.1,-1,-1
2023-02-23,-1,2.07,-1,-1
2023-02-23,-1,2.28,-1,-1
2023-02-24,-1,0.67,-1,-1
2023-02-24,-1,0.65,-1,-1
2023-02-24,-1,1.67,-1,-1
2023-02-24,-1,3.45,-1,-1
2023-02-25,-1,3.48,-1,-1
2023-02-25,-1,1.1,-1,-1
2023-02-26,-1,0.38,-1,-1
2023-02-26,-1,1.37,-1,-1
2023-02-26,-1,0.2,-1,-1
2023-02-27,-1,1.1,-1,-1
2023-02-28,-1,0.68,-1,-1
2023-02-28,-1,1.42,-1,-1
2023-03-01,-1,4.2,-1,-1
2023-03-01,-1,1.05,-1,-1
2023-03-01,-1,0.23,-1,-1
2023-03-01,-1,1.0,-1,-1
2023-03-02,-1,1.82,-1,-1
2023-03-02,-1,0.22,-1,-1
2023-03-02,-1,5.35,-1,-1
2023-03-02,-1,0.38,-1,-1
2023-03-03,-1,1.3,-1,-1
2023-03-03,-1,2.67,-1,-1
2023-03-03,-1,1.58,-1,-1
2023-03-03,-1,2.08,-1,-1
2023-03-03,-1,7.07,-1,-1
2023-03-03,-1,1.32,-1,-1
2023-03-03,-1,0.48,-1,-1
2023-03-03,-1,0.45,-1,-1
2023-03-04,-1,7.4,-1,-1
2023-03-04,-1,7.68,-1,-1
2023-03-04,-1,0.7,-1,-1
2023-03-04,-1,1.87,-1,-1
2023-03-04,-1,1.28,-1,-1
2023-03-05,-1,1.63,-1,-1
2023-03-05,-1,0.17,-1,-1
2023-03-05,-1,0.9,-1,-1
2023-03-05,-1,0.3,-1,-1
2023-03-05,-1,0.52,-1,-1
2023-03-06,-1,5.53,-1,-1
2023-03-06,-1,1.15,-1,-1
2023-03-06,-1,1.47,-1,-1
2023-03-07,-1,7.73,-1,-1
2023-03-07,-1,0.25,-1,-1
2023-03-07,-1,1.7,-1,-1
2023-03-07,-1,1.03,-1,-1
2023-03-07,-1,1.2,-1,-1
2023-03-08,-1,1.45,-1,-1
2023-03-08,-1,2.07,-1,-1
2023-03-08,-1,4.65,-1,-1
2023-03-08,-1,0.22,-1,-1
2023-03-09,-1,1.52,-1,-1
2023-03-09,-1,1.65,-1,-1
2023-03-09,-1,0.27,-1,-1
2023-03-09,-1,2.57,-1,-1
2023-03-09,-1,1.37,-1,-1
2023-03-09,-1,0.3,-1,-1
2023-03-10,-1,1.25,-1,-1
2023-03-10,-1,0.78,-1,-1
2023-03-10,-1,2.28,-1,-1
2023-03-11,-1,0.43,-1,-1
2023-03-11,-1,1.35,-1,-1
2023-03-11,-1,1.53,-1,-1
2023-03-11,-1,0.32,-1,-1
2023-03-11,-1,5.63,-1,-1
2023-03-11,-1,1.75,-1,-1
2023-03-11,-1,1.02,-1,-1
2023-03-12,-1,0.53,-1,-1
2023-03-12,-1,0.8,-1,-1
2023-03-12,-1,7.43,-1,-1
2023-03-12,-1,1.08,-1,-1
2023-03-12,-1,1.38,-1,-1
2023-03-12,-1,2.05,-1,-1
2023-03-12,-1,0.35,-1,-1
2023-03-13,-1,0.28,-1,-1
2023-03-13,-1,1.03,-1,-1
2023-03-13,-1,6.22,-1,-1
2023-03-13,-1,1.07,-1,-1
2023-03-14,-1,2.65,-1,-1
2023-03-14,-1,0.75,-1,-1
2023-03-14,-1,2.45,-1,-1
2023-03-14,-1,2.92,-1,-1
2023-03-15,-1,1.87,-1,-1
2023-03-15,-1,2.52,-1,-1
2023-03-15,-1,1.18,-1,-1
2023-03-15,-1,0.23,-1,-1
2023-03-15,-1,0.28,-1,-1
2023-03-16,-1,3.23,-1,-1
2023-03-16,-1,3.38,-1,-1
2023-03-16,-1,4.95,-1,-1
2023-03-16,-1,1.78,-1,-1
2023-03-16,-1,0.95,-1,-1
2023-03-17,-1,1.03,-1,-1
2023-03-17,-1,1.18,-1,-1
2023-03-17,-1,4.75,-1,-1
2023-03-17,-1,0.3,-1,-1
2023-03-18,-1,11.68,-1,-1
2023-03-18,-1,3.85,-1,-1
2023-03-18,-1,2.87,-1,-1
2023-03-18,-1,1.73,-1,-1
2023-03-18,-1,1.13,-1,-1
2023-03-19,-1,1.27,-1,-1
2023-03-19,-1,1.12,-1,-1
2023-03-19,-1,2.08,-1,-1
2023-03-19,-1,1.18,-1,-1
2023-03-19,-1,0.83,-1,-1
2023-03-21,-1,0.85,-1,-1
2023-03-21,-1,1.35,-1,-1
2023-03-22,-1,2.62,-1,-1
2023-03-23,-1,2.55,-1,-1
2023-03-23,-1,5.53,-1,-1
2023-03-23,-1,3.37,-1,-1
2023-03-23,-1,10.67,-1,-1
2023-03-24,-1,2.73,-1,-1
2023-03-25,-1,2.18,-1,-1
2023-03-25,-1,2.22,-1,-1
2023-03-25,-1,2.27,-1,-1
2023-03-26,-1,0.23,-1,-1
2023-03-26,-1,2.9,-1,-1
2023-03-26,-1,7.6,-1,-1
2023-03-26,-1,1.37,-1,-1
2023-03-26,年货（0分钟空气版）,93.38,http://www.bilibili.com/video/av739181800,739181800
2023-03-26,-1,1.97,-1,-1
2023-03-26,-1,2.32,-1,-1
2023-03-26,-1,2.28,-1,-1
2023-03-27,-1,2.0,-1,-1
2023-03-27,-1,1.72,-1,-1
2023-03-28,-1,3.23,-1,-1
2023-03-28,-1,5.57,-1,-1
2023-03-29,-1,0.82,-1,-1
2023-03-29,-1,8.55,-1,-1
2023-03-29,-1,1.25,-1,-1
2023-03-29,入站必听的100首鲲曲【上】,90.52,http://www.bilibili.com/video/av439342757,439342757
2023-03-30,-1,2.1,-1,-1
2023-03-31,-1,2.77,-1,-1
2023-03-31,-1,1.32,-1,-1
2023-03-31,-1,0.37,-1,-1
2023-04-01,-1,4.13,-1,-1
2023-04-01,-1,3.25,-1,-1
2023-04-01,-1,2.43,-1,-1
2023-04-01,-1,5.65,-1,-1
2023-04-01,-1,2.2,-1,-1
2023-04-01,-1,10.8,-1,-1
2023-04-01,-1,0.33,-1,-1
2023-04-01,-1,1.22,-1,-1
2023-04-01,-1,0.27,-1,-1
2023-04-02,-1,1.08,-1,-1
2023-04-02,-1,0.75,-1,-1
2023-04-02,-1,1.82,-1,-1
2023-04-02,-1,1.12,-1,-1
2023-04-02,-1,0.57,-1,-1
2023-04-03,-1,10.13,-1,-1
2023-04-04,-1,5.67,-1,-1
2023-04-04,-1,0.35,-1,-1
2023-04-05,-1,1.67,-1,-1
2023-04-05,-1,0.4,-1,-1
2023-04-05,-1,0.55,-1,-1
2023-04-06,-1,3.38,-1,-1
2023-04-06,-1,3.47,-1,-1
2023-04-07,-1,5.43,-1,-1
2023-04-07,-1,0.53,-1,-1
2023-04-07,-1,7.38,-1,-1
2023-04-07,-1,1.08,-1,-1
2023-04-08,-1,3.88,-1,-1
2023-04-08,-1,2.13,-1,-1
2023-04-08,-1,0.2,-1,-1
2023-04-09,-1,2.35,-1,-1
2023-04-09,-1,0.55,-1,-1
2023-04-09,-1,3.08,-1,-1
2023-04-10,-1,1.52,-1,-1
2023-04-10,-1,0.52,-1,-1
2023-04-11,-1,1.48,-1,-1
2023-04-11,-1,1.17,-1,-1
2023-04-11,-1,4.18,-1,-1
2023-04-11,-1,3.57,-1,-1
2023-04-11,-1,0.55,-1,-1
2023-04-12,-1,2.23,-1,-1
2023-04-12,-1,3.02,-1,-1
2023-04-12,-1,3.17,-1,-1
2023-04-12,-1,1.35,-1,-1
2023-04-12,-1,0.35,-1,-1
2023-04-13,-1,0.35,-1,-1
2023-04-14,-1,2.57,-1,-1
2023-04-14,-1,2.82,-1,-1
2023-04-14,-1,12.17,-1,-1
2023-04-14,-1,2.77,-1,-1
2023-04-14,-1,2.52,-1,-1
2023-04-14,-1,1.4,-1,-1
2023-04-15,-1,0.47,-1,-1
2023-04-15,-1,1.7,-1,-1
2023-04-15,【互动】夺命尸坤：轮回,14.27,http://www.bilibili.com/video/av439975995,439975995
2023-04-16,-1,2.48,-1,-1
2023-04-16,-1,0.32,-1,-1
2023-04-16,-1,1.62,-1,-1
2023-04-16,-1,0.38,-1,-1
2023-04-17,-1,0.43,-1,-1
2023-04-17,-1,0.3,-1,-1
2023-04-17,-1,0.35,-1,-1
2023-04-17,-1,1.02,-1,-1
2023-04-18,-1,6.7,-1,-1
2023-04-18,-1,2.52,-1,-1
2023-04-18,-1,2.82,-1,-1
2023-04-19,-1,0.72,-1,-1
2023-04-19,-1,1.78,-1,-1
2023-04-19,-1,4.98,-1,-1
2023-04-19,-1,1.85,-1,-1
2023-04-19,少 林 足 球（高能版）,14.23,http://www.bilibili.com/video/av655171140,655171140
2023-04-19,-1,3.65,-1,-1
2023-04-19,-1,1.12,-1,-1
2023-04-20,-1,1.85,-1,-1
2023-04-20,-1,2.05,-1,-1
2023-04-20,-1,1.68,-1,-1
2023-04-20,-1,2.03,-1,-1
2023-04-20,-1,0.63,-1,-1
2023-04-20,-1,1.07,-1,-1
2023-04-21,-1,0.78,-1,-1
2023-04-21,-1,2.05,-1,-1
2023-04-21,-1,3.1,-1,-1
2023-04-21,-1,1.3,-1,-1
2023-04-21,-1,0.88,-1,-1
2023-04-21,-1,4.35,-1,-1
2023-04-21,-1,0.95,-1,-1
2023-04-21,-1,1.2,-1,-1
2023-04-22,-1,4.15,-1,-1
2023-04-22,-1,2.3,-1,-1
2023-04-22,-1,3.07,-1,-1
2023-04-22,-1,0.5,-1,-1
2023-04-22,-1,1.92,-1,-1
2023-04-23,-1,2.83,-1,-1
2023-04-23,-1,1.33,-1,-1
2023-04-23,-1,0.97,-1,-1
2023-04-24,-1,1.47,-1,-1
2023-04-24,-1,1.1,-1,-1
2023-04-24,-1,2.58,-1,-1
2023-04-25,-1,1.88,-1,-1
2023-04-25,-1,1.05,-1,-1
2023-04-25,-1,0.3,-1,-1
2023-04-25,-1,1.43,-1,-1
2023-04-25,-1,1.32,-1,-1
2023-04-25,-1,0.65,-1,-1
2023-04-25,-1,0.72,-1,-1
2023-04-25,-1,1.38,-1,-1
2023-04-25,-1,1.53,-1,-1
2023-04-26,-1,7.4,-1,-1
2023-04-27,-1,9.65,-1,-1
2023-04-27,-1,1.83,-1,-1
2023-04-28,-1,1.92,-1,-1
2023-04-28,-1,2.52,-1,-1
2023-04-28,-1,1.85,-1,-1
2023-04-28,-1,0.25,-1,-1
2023-04-28,-1,1.3,-1,-1
2023-04-28,-1,3.65,-1,-1
2023-04-28,-1,1.72,-1,-1
2023-04-28,-1,0.47,-1,-1
2023-04-28,-1,1.42,-1,-1
2023-04-28,-1,0.3,-1,-1
2023-04-29,-1,4.43,-1,-1
2023-04-29,-1,3.05,-1,-1
2023-04-29,-1,1.33,-1,-1
2023-04-29,-1,3.1,-1,-1
2023-04-29,-1,2.95,-1,-1
2023-04-29,-1,2.3,-1,-1
2023-04-29,-1,0.17,-1,-1
2023-04-29,-1,2.45,-1,-1
2023-04-30,-1,1.8,-1,-1
2023-04-30,-1,0.78,-1,-1
2023-04-30,-1,3.85,-1,-1
2023-04-30,-1,1.45,-1,-1
2023-04-30,-1,2.22,-1,-1
2023-04-30,-1,11.5,-1,-1
2023-04-30,-1,2.72,-1,-1
2023-04-30,-1,3.4,-1,-1
2023-04-30,-1,1.1,-1,-1
2023-05-01,-1,1.15,-1,-1
2023-05-01,-1,2.1,-1,-1
2023-05-01,-1,0.27,-1,-1
2023-05-01,-1,0.33,-1,-1
2023-05-01,-1,2.98,-1,-1
2023-05-01,-1,1.63,-1,-1
2023-05-01,-1,1.27,-1,-1
2023-05-01,-1,1.6,-1,-1
2023-05-01,-1,0.47,-1,-1
2023-05-01,-1,0.3,-1,-1
2023-05-02,-1,2.8,-1,-1
2023-05-02,-1,0.4,-1,-1
2023-05-02,-1,1.07,-1,-1
2023-05-02,-1,2.0,-1,-1
2023-05-02,-1,1.15,-1,-1
2023-05-03,-1,2.27,-1,-1
2023-05-03,-1,1.05,-1,-1
2023-05-03,-1,1.4,-1,-1
2023-05-04,-1,2.42,-1,-1
2023-05-04,-1,2.18,-1,-1
2023-05-04,-1,3.22,-1,-1
2023-05-04,-1,0.57,-1,-1
2023-05-05,-1,1.65,-1,-1
2023-05-05,-1,1.35,-1,-1
2023-05-05,-1,3.67,-1,-1
2023-05-05,-1,0.32,-1,-1
2023-05-05,-1,0.65,-1,-1
2023-05-05,-1,1.4,-1,-1
2023-05-06,-1,3.97,-1,-1
2023-05-06,-1,2.63,-1,-1
2023-05-07,-1,4.4,-1,-1
2023-05-07,-1,0.6,-1,-1
2023-05-07,-1,2.52,-1,-1
2023-05-07,-1,1.3,-1,-1
2023-05-08,-1,3.02,-1,-1
2023-05-08,-1,0.52,-1,-1
2023-05-08,-1,3.73,-1,-1
2023-05-08,-1,1.47,-1,-1
2023-05-09,-1,1.22,-1,-1
2023-05-09,-1,2.28,-1,-1
2023-05-09,-1,0.2,-1,-1
2023-05-09,-1,0.28,-1,-1
2023-05-09,-1,1.9,-1,-1
2023-05-09,-1,4.03,-1,-1
2023-05-09,-1,0.25,-1,-1
2023-05-10,-1,1.42,-1,-1
2023-05-10,-1,0.4,-1,-1
2023-05-10,-1,2.72,-1,-1
2023-05-10,-1,0.38,-1,-1
2023-05-10,-1,0.18,-1,-1
2023-05-11,-1,0.57,-1,-1
2023-05-11,-1,1.08,-1,-1
2023-05-11,-1,0.6,-1,-1
2023-05-11,-1,6.18,-1,-1
2023-05-11,-1,1.7,-1,-1
2023-05-11,-1,1.25,-1,-1
2023-05-12,-1,6.87,-1,-1
2023-05-12,-1,1.73,-1,-1
2023-05-12,-1,11.75,-1,-1
2023-05-12,-1,0.5,-1,-1
2023-05-12,-1,3.52,-1,-1
2023-05-13,-1,2.33,-1,-1
2023-05-13,-1,1.22,-1,-1
2023-05-13,-1,7.3,-1,-1
2023-05-13,-1,5.37,-1,-1
2023-05-13,-1,1.33,-1,-1
2023-05-14,-1,6.73,-1,-1
2023-05-14,-1,4.75,-1,-1
2023-05-15,-1,0.75,-1,-1
2023-05-15,-1,1.42,-1,-1
2023-05-15,-1,2.05,-1,-1
2023-05-16,-1,2.07,-1,-1
2023-05-17,-1,2.52,-1,-1
2023-05-17,-1,3.28,-1,-1
2023-05-17,-1,3.75,-1,-1
2023-05-17,-1,0.15,-1,-1
2023-05-17,-1,1.02,-1,-1
2023-05-17,-1,3.2,-1,-1
2023-05-17,-1,3.4,-1,-1
2023-05-17,-1,2.62,-1,-1
2023-05-18,-1,6.52,-1,-1
2023-05-18,-1,4.93,-1,-1
2023-05-18,-1,0.92,-1,-1
2023-05-19,-1,8.62,-1,-1
2023-05-19,-1,2.78,-1,-1
2023-05-19,-1,3.15,-1,-1
2023-05-19,-1,2.12,-1,-1
2023-05-19,-1,0.25,-1,-1
2023-05-19,-1,0.15,-1,-1
2023-05-19,-1,10.67,-1,-1
2023-05-19,-1,2.08,-1,-1
2023-05-19,-1,8.4,-1,-1
2023-05-19,-1,3.88,-1,-1
2023-05-19,-1,2.52,-1,-1
2023-05-20,-1,10.25,-1,-1
2023-05-20,-1,0.22,-1,-1
2023-05-20,-1,4.33,-1,-1
2023-05-20,-1,2.47,-1,-1
2023-05-20,-1,1.2,-1,-1
2023-05-21,-1,4.77,-1,-1
2023-05-21,-1,1.58,-1,-1
2023-05-21,-1,1.33,-1,-1
2023-05-21,-1,1.05,-1,-1
2023-05-21,-1,1.18,-1,-1
2023-05-22,-1,4.8,-1,-1
2023-05-23,-1,9.77,-1,-1
2023-05-23,-1,0.85,-1,-1
2023-05-23,-1,1.22,-1,-1
2023-05-23,-1,1.27,-1,-1
2023-05-24,-1,1.22,-1,-1
2023-05-24,-1,2.52,-1,-1
2023-05-25,-1,3.9,-1,-1
2023-05-26,-1,4.5,-1,-1
2023-05-27,-1,10.88,-1,-1
2023-05-27,-1,7.98,-1,-1
2023-05-27,-1,7.43,-1,-1
2023-05-27,-1,0.63,-1,-1
2023-05-28,-1,8.1,-1,-1
2023-05-28,-1,1.6,-1,-1
2023-05-28,-1,1.05,-1,-1
2023-05-30,-1,2.2,-1,-1
2023-05-30,-1,1.28,-1,-1
2023-05-31,-1,1.18,-1,-1
2023-06-01,-1,3.37,-1,-1
2023-06-01,-1,3.15,-1,-1
2023-06-01,-1,0.27,-1,-1
2023-06-01,-1,1.12,-1,-1
2023-06-01,-1,1.0,-1,-1
2023-06-01,-1,0.72,-1,-1
2023-06-02,-1,1.3,-1,-1
2023-06-02,-1,1.02,-1,-1
2023-06-02,-1,0.72,-1,-1
2023-06-02,-1,2.03,-1,-1
2023-06-02,-1,0.2,-1,-1
2023-06-02,-1,0.52,-1,-1
2023-06-03,-1,0.42,-1,-1
2023-06-03,-1,0.27,-1,-1
2023-06-03,-1,1.22,-1,-1
2023-06-03,玩坤坤的梗被告了，我决定在法庭当庭播放。【翼刀奇闻录】,15.77,http://www.bilibili.com/video/av911945236,911945236
2023-06-04,-1,2.18,-1,-1
2023-06-04,-1,3.85,-1,-1
2023-06-05,-1,1.65,-1,-1
2023-06-05,-1,2.32,-1,-1
2023-06-05,-1,0.32,-1,-1
2023-06-05,-1,2.78,-1,-1
2023-06-05,-1,1.23,-1,-1
2023-06-05,-1,1.5,-1,-1
2023-06-06,-1,2.48,-1,-1
2023-06-06,-1,1.35,-1,-1
2023-06-06,-1,1.02,-1,-1
2023-06-06,-1,3.18,-1,-1
2023-06-06,-1,1.27,-1,-1
2023-06-06,-1,1.43,-1,-1
2023-06-06,-1,0.9,-1,-1
2023-06-07,-1,1.73,-1,-1
2023-06-07,-1,6.08,-1,-1
2023-06-07,-1,2.47,-1,-1
2023-06-07,-1,0.2,-1,-1
2023-06-08,-1,3.6,-1,-1
2023-06-08,-1,2.67,-1,-1
2023-06-08,-1,1.5,-1,-1
2023-06-08,-1,0.18,-1,-1
2023-06-08,-1,0.37,-1,-1
2023-06-09,-1,10.25,-1,-1
2023-06-09,-1,0.53,-1,-1
2023-06-09,-1,1.2,-1,-1
2023-06-09,-1,1.55,-1,-1
2023-06-09,-1,1.23,-1,-1
2023-06-10,-1,8.63,-1,-1
2023-06-10,-1,1.77,-1,-1
2023-06-10,-1,0.37,-1,-1
2023-06-10,-1,9.03,-1,-1
2023-06-10,-1,1.13,-1,-1
2023-06-10,-1,2.15,-1,-1
2023-06-11,-1,1.73,-1,-1
2023-06-11,-1,4.43,-1,-1
2023-06-11,-1,1.33,-1,-1
2023-06-12,-1,0.32,-1,-1
2023-06-13,-1,1.23,-1,-1
2023-06-13,-1,1.03,-1,-1
2023-06-14,-1,0.62,-1,-1
2023-06-14,-1,3.87,-1,-1
2023-06-14,-1,1.78,-1,-1
2023-06-15,-1,0.15,-1,-1
2023-06-15,-1,1.38,-1,-1
2023-06-15,-1,1.28,-1,-1
2023-06-15,-1,1.43,-1,-1
2023-06-15,-1,1.45,-1,-1
2023-06-16,-1,1.88,-1,-1
2023-06-16,-1,4.45,-1,-1
2023-06-16,-1,1.5,-1,-1
2023-06-16,-1,10.38,-1,-1
2023-06-16,-1,1.55,-1,-1
2023-06-16,-1,0.43,-1,-1
2023-06-17,-1,2.45,-1,-1
2023-06-17,为了打败坤坤，男人每天射击10万次 （漫画家长会开的名称魔弹射手）别名百步穿杨、异界狙王,47.25,http://www.bilibili.com/video/av572451362,572451362
2023-06-17,《极乐净土》分解教学，零基础速成，文艺汇演炸场必备,12.35,http://www.bilibili.com/video/av784915372,784915372
2023-06-17,-1,0.28,-1,-1
2023-06-17,-1,3.03,-1,-1
2023-06-18,-1,11.38,-1,-1
2023-06-18,-1,4.92,-1,-1
2023-06-18,-1,6.2,-1,-1
2023-06-18,-1,5.57,-1,-1
2023-06-18,-1,0.25,-1,-1
2023-06-19,-1,1.02,-1,-1
2023-06-19,-1,0.98,-1,-1
2023-06-19,-1,1.8,-1,-1
2023-06-19,-1,2.42,-1,-1
2023-06-20,-1,2.7,-1,-1
2023-06-20,-1,1.23,-1,-1
2023-06-20,-1,2.27,-1,-1
2023-06-20,-1,0.55,-1,-1
2023-06-20,-1,0.23,-1,-1
2023-06-21,-1,2.52,-1,-1
2023-06-21,-1,11.2,-1,-1
2023-06-21,-1,1.48,-1,-1
2023-06-22,-1,8.88,-1,-1
2023-06-22,-1,0.32,-1,-1
2023-06-22,-1,1.43,-1,-1
2023-06-22,-1,4.22,-1,-1
2023-06-23,-1,1.7,-1,-1
2023-06-24,-1,4.65,-1,-1
2023-06-24,-1,2.0,-1,-1
2023-06-25,-1,4.12,-1,-1
2023-06-25,-1,4.07,-1,-1
2023-06-26,-1,0.35,-1,-1
2023-06-26,-1,5.42,-1,-1
2023-06-26,-1,2.23,-1,-1
2023-06-26,-1,1.2,-1,-1
2023-06-26,-1,5.62,-1,-1
2023-06-26,-1,0.82,-1,-1
2023-06-26,-1,1.02,-1,-1
2023-06-26,-1,5.73,-1,-1
2023-06-26,-1,0.25,-1,-1
2023-06-26,-1,0.2,-1,-1
2023-06-26,-1,0.6,-1,-1
2023-06-26,-1,0.22,-1,-1
2023-06-27,-1,0.55,-1,-1
2023-06-27,-1,3.03,-1,-1
2023-06-27,-1,1.85,-1,-1
2023-06-27,坤坤沉默不语，ikun胡言乱语【吃瓜】,12.22,http://www.bilibili.com/video/av487789049,487789049
2023-06-27,-1,1.27,-1,-1
2023-06-27,-1,4.55,-1,-1
2023-06-27,-1,5.35,-1,-1
2023-06-27,-1,1.03,-1,-1
2023-06-27,-1,2.03,-1,-1
2023-06-27,-1,0.35,-1,-1
2023-06-28,-1,4.1,-1,-1
2023-06-28,-1,1.28,-1,-1
2023-06-28,-1,0.6,-1,-1
2023-06-28,-1,0.3,-1,-1
2023-06-28,-1,1.15,-1,-1
2023-06-28,-1,1.47,-1,-1
2023-06-28,-1,0.45,-1,-1
2023-06-29,-1,1.45,-1,-1
2023-06-29,-1,1.55,-1,-1
2023-06-30,-1,1.12,-1,-1
2023-06-30,-1,8.88,-1,-1
2023-06-30,-1,1.67,-1,-1
2023-06-30,-1,0.38,-1,-1
2023-06-30,-1,1.35,-1,-1
2023-06-30,-1,1.93,-1,-1
2023-06-30,-1,4.72,-1,-1
2023-06-30,-1,5.98,-1,-1
2023-06-30,-1,1.32,-1,-1
2023-07-01,-1,1.07,-1,-1
2023-07-01,-1,2.22,-1,-1
2023-07-01,-1,8.02,-1,-1
2023-07-01,-1,7.98,-1,-1
2023-07-01,-1,0.93,-1,-1
2023-07-02,-1,4.97,-1,-1
2023-07-02,-1,3.93,-1,-1
2023-07-02,-1,1.53,-1,-1
2023-07-02,-1,8.65,-1,-1
2023-07-02,-1,0.25,-1,-1
2023-07-02,-1,1.07,-1,-1
2023-07-02,-1,0.27,-1,-1
2023-07-03,-1,3.6,-1,-1
2023-07-03,-1,1.65,-1,-1
2023-07-03,-1,0.63,-1,-1
2023-07-03,-1,3.55,-1,-1
2023-07-03,-1,3.7,-1,-1
2023-07-03,-1,1.32,-1,-1
2023-07-03,-1,2.48,-1,-1
2023-07-03,-1,1.68,-1,-1
2023-07-03,-1,3.43,-1,-1
2023-07-03,-1,2.52,-1,-1
2023-07-03,-1,0.25,-1,-1
2023-07-04,-1,8.07,-1,-1
2023-07-04,-1,5.63,-1,-1
2023-07-04,五年老粉全方位剖析蔡徐坤,17.52,http://www.bilibili.com/video/av360548019,360548019
2023-07-04,偶像失格，反转不断！玩弄网民，反被打脸？【蔡徐坤事件全复盘】,20.38,http://www.bilibili.com/video/av530616289,530616289
2023-07-04,-1,5.65,-1,-1
2023-07-04,-1,2.12,-1,-1
2023-07-05,-1,7.0,-1,-1
2023-07-05,-1,4.15,-1,-1
2023-07-06,-1,5.07,-1,-1
2023-07-06,-1,2.58,-1,-1
2023-07-06,-1,10.65,-1,-1
2023-07-07,-1,4.7,-1,-1
2023-07-07,-1,0.23,-1,-1
2023-07-08,-1,5.73,-1,-1
2023-07-08,-1,5.13,-1,-1
2023-07-08,-1,4.35,-1,-1
2023-07-08,-1,1.72,-1,-1
2023-07-08,-1,3.65,-1,-1
2023-07-08,女ikun脱粉，吐槽饭圈离谱经历，呼吁理智追星！汤姆有约第一集,22.3,http://www.bilibili.com/video/av870700062,870700062
2023-07-09,-1,1.6,-1,-1
2023-07-10,-1,1.52,-1,-1
2023-07-11,-1,1.37,-1,-1
2023-07-11,-1,1.78,-1,-1
2023-07-11,-1,0.92,-1,-1
2023-07-12,-1,6.98,-1,-1
2023-07-12,-1,2.82,-1,-1
2023-07-13,-1,9.48,-1,-1
2023-07-14,-1,0.83,-1,-1
2023-07-14,-1,1.43,-1,-1
2023-07-14,-1,8.42,-1,-1
2023-07-14,-1,2.75,-1,-1
2023-07-14,-1,1.18,-1,-1
2023-07-14,-1,1.32,-1,-1
2023-07-14,-1,1.47,-1,-1
2023-07-14,-1,1.22,-1,-1
2023-07-14,-1,1.27,-1,-1
2023-07-15,-1,6.55,-1,-1
2023-07-15,-1,2.02,-1,-1
2023-07-15,-1,2.77,-1,-1
2023-07-15,-1,6.95,-1,-1
2023-07-15,-1,2.07,-1,-1
2023-07-15,-1,1.35,-1,-1
2023-07-15,-1,1.15,-1,-1
2023-07-16,-1,2.0,-1,-1
2023-07-16,-1,1.08,-1,-1
2023-07-17,-1,0.27,-1,-1
2023-07-17,-1,1.33,-1,-1
2023-07-17,-1,1.58,-1,-1
2023-07-17,-1,5.43,-1,-1
2023-07-18,-1,5.37,-1,-1
2023-07-18,-1,2.55,-1,-1
2023-07-19,-1,4.87,-1,-1
2023-07-19,-1,1.02,-1,-1
2023-07-20,-1,4.68,-1,-1
2023-07-20,-1,0.48,-1,-1
2023-07-20,-1,6.3,-1,-1
2023-07-20,-1,3.7,-1,-1
2023-07-20,-1,3.55,-1,-1
2023-07-21,-1,4.58,-1,-1
2023-07-21,-1,1.15,-1,-1
2023-07-21,-1,0.45,-1,-1
2023-07-22,-1,1.32,-1,-1
2023-07-23,-1,1.23,-1,-1
2023-07-23,游戏王挑战赛：lol日服第一vsCF枪王！两人首创小黑子阵！,26.77,http://www.bilibili.com/video/av488826611,488826611
2023-07-23,-1,1.0,-1,-1
2023-07-24,-1,6.15,-1,-1
2023-07-24,-1,0.77,-1,-1
2023-07-25,-1,3.15,-1,-1
2023-07-25,-1,2.4,-1,-1
2023-07-25,-1,1.57,-1,-1
2023-07-26,-1,1.07,-1,-1
2023-07-27,-1,3.02,-1,-1
2023-07-27,-1,2.03,-1,-1
2023-07-28,-1,6.37,-1,-1
2023-07-28,-1,1.77,-1,-1
2023-07-28,-1,2.08,-1,-1
2023-07-28,-1,1.58,-1,-1
2023-07-29,-1,2.8,-1,-1
2023-07-29,-1,0.92,-1,-1
2023-07-29,-1,3.95,-1,-1
2023-07-29,-1,1.92,-1,-1
2023-07-30,-1,0.58,-1,-1
2023-08-01,-1,1.08,-1,-1
2023-08-01,鬼畜全明星【坤化危机】5小时完整版：被咬到就会变成蔡徐坤！,375.53,http://www.bilibili.com/video/av573834662,573834662
2023-08-02,-1,2.47,-1,-1
2023-08-02,-1,1.93,-1,-1
2023-08-02,-1,0.62,-1,-1
2023-08-02,流水的BGM，铁打的奥德彪！男人减速带之奥德家族全系列下饭解说,39.53,http://www.bilibili.com/video/av744248722,744248722
2023-08-02,50首歌，带你回到国漫的巅峰时期（2000～2015）,15.6,http://www.bilibili.com/video/av999149344,999149344
2023-08-02,-1,0.48,-1,-1
2023-08-03,-1,2.23,-1,-1
2023-08-03,-1,9.75,-1,-1
2023-08-03,-1,1.22,-1,-1
2023-08-04,-1,1.4,-1,-1
2023-08-04,-1,3.35,-1,-1
2023-08-04,-1,1.07,-1,-1
2023-08-05,-1,3.12,-1,-1
2023-08-05,-1,0.25,-1,-1
2023-08-05,-1,6.07,-1,-1
2023-08-05,-1,2.13,-1,-1
2023-08-05,-1,6.22,-1,-1
2023-08-05,-1,8.08,-1,-1
2023-08-05,-1,0.95,-1,-1
2023-08-05,-1,1.45,-1,-1
2023-08-06,-1,3.38,-1,-1
2023-08-06,-1,2.43,-1,-1
2023-08-07,-1,2.53,-1,-1
2023-08-07,-1,1.43,-1,-1
2023-08-07,-1,1.63,-1,-1
2023-08-08,-1,3.0,-1,-1
2023-08-08,-1,3.68,-1,-1
2023-08-08,-1,1.88,-1,-1
2023-08-08,-1,1.25,-1,-1
2023-08-08,-1,6.25,-1,-1
2023-08-08,-1,3.18,-1,-1
2023-08-08,-1,2.83,-1,-1
2023-08-09,-1,1.8,-1,-1
2023-08-09,-1,2.15,-1,-1
2023-08-09,-1,2.4,-1,-1
2023-08-10,-1,4.32,-1,-1
2023-08-10,-1,4.13,-1,-1
2023-08-10,-1,0.18,-1,-1
2023-08-10,-1,3.4,-1,-1
2023-08-10,-1,1.18,-1,-1
2023-08-11,-1,3.45,-1,-1
2023-08-11,-1,2.2,-1,-1
2023-08-11,-1,2.53,-1,-1
2023-08-11,-1,0.43,-1,-1
2023-08-11,-1,0.7,-1,-1
2023-08-12,-1,2.52,-1,-1
2023-08-12,-1,1.45,-1,-1
2023-08-12,-1,2.03,-1,-1
2023-08-13,-1,1.12,-1,-1
2023-08-14,-1,2.37,-1,-1
2023-08-14,-1,2.87,-1,-1
2023-08-14,-1,2.32,-1,-1
2023-08-15,-1,3.42,-1,-1
2023-08-15,-1,0.63,-1,-1
2023-08-15,-1,1.02,-1,-1
2023-08-17,-1,2.7,-1,-1
2023-08-17,-1,0.95,-1,-1
2023-08-17,-1,0.18,-1,-1
2023-08-18,-1,5.65,-1,-1
2023-08-18,-1,3.58,-1,-1
2023-08-18,-1,1.15,-1,-1
2023-08-18,-1,2.77,-1,-1
2023-08-18,-1,0.3,-1,-1
2023-08-19,-1,1.73,-1,-1
2023-08-19,-1,1.9,-1,-1
2023-08-19,-1,7.17,-1,-1
2023-08-19,-1,1.12,-1,-1
2023-08-19,-1,1.38,-1,-1
2023-08-20,-1,1.47,-1,-1
2023-08-20,-1,2.73,-1,-1
2023-08-20,-1,7.08,-1,-1
2023-08-20,-1,1.83,-1,-1
2023-08-21,-1,1.12,-1,-1
2023-08-21,-1,4.27,-1,-1
2023-08-21,-1,4.3,-1,-1
2023-08-22,-1,1.03,-1,-1
2023-08-22,-1,10.37,-1,-1
2023-08-22,-1,2.08,-1,-1
2023-08-23,-1,0.17,-1,-1
2023-08-23,-1,5.22,-1,-1
2023-08-24,-1,1.02,-1,-1
2023-08-25,-1,0.2,-1,-1
2023-08-25,-1,4.22,-1,-1
2023-08-25,-1,1.37,-1,-1
2023-08-26,-1,11.75,-1,-1
2023-08-26,-1,2.33,-1,-1
2023-08-26,-1,1.62,-1,-1
2023-08-27,-1,0.23,-1,-1
2023-08-27,-1,3.88,-1,-1
2023-08-27,-1,1.18,-1,-1
2023-08-28,-1,0.2,-1,-1
2023-08-30,-1,1.42,-1,-1
2023-08-31,-1,0.35,-1,-1
2023-09-01,-1,1.67,-1,-1
2023-09-02,-1,7.88,-1,-1
2023-09-03,-1,2.4,-1,-1
2023-09-03,-1,1.73,-1,-1
2023-09-04,-1,0.2,-1,-1
2023-09-04,-1,0.17,-1,-1
2023-09-05,-1,2.97,-1,-1
2023-09-05,-1,1.02,-1,-1
2023-09-06,-1,3.48,-1,-1
2023-09-06,-1,1.7,-1,-1
2023-09-06,-1,1.87,-1,-1
2023-09-06,-1,1.12,-1,-1
2023-09-07,-1,2.47,-1,-1
2023-09-08,-1,6.57,-1,-1
2023-09-09,-1,1.25,-1,-1
2023-09-09,-1,1.63,-1,-1
2023-09-10,-1,0.6,-1,-1
2023-09-13,-1,2.92,-1,-1
2023-09-13,-1,0.17,-1,-1
2023-09-14,-1,4.48,-1,-1
2023-09-15,-1,4.27,-1,-1
2023-09-19,-1,0.18,-1,-1
2023-09-20,-1,2.28,-1,-1
2023-09-20,-1,0.18,-1,-1
2023-09-21,-1,1.72,-1,-1
2023-09-22,-1,0.47,-1,-1
2023-09-22,-1,0.65,-1,-1
2023-09-22,-1,1.12,-1,-1
2023-09-23,-1,0.82,-1,-1
2023-09-23,-1,2.83,-1,-1
2023-09-24,-1,0.3,-1,-1
2023-09-24,-1,1.03,-1,-1
2023-09-24,-1,0.53,-1,-1
2023-09-24,-1,2.52,-1,-1
2023-09-25,-1,0.2,-1,-1
2023-09-25,-1,4.38,-1,-1
2023-09-25,-1,0.32,-1,-1
2023-09-28,-1,1.7,-1,-1
2023-09-29,“这是老卡车的极限，不是我奥德彪的极限”,14.33,http://www.bilibili.com/video/av234026002,234026002
2023-10-01,《只因侠》第一季合辑,20.17,http://www.bilibili.com/video/av234236072,234236072
2023-10-03,美女看了我进化后的坤坤，竟然要给我奖励。,18.3,http://www.bilibili.com/video/av831643495,831643495
2023-10-03,-1,1.2,-1,-1
2023-10-04,-1,5.2,-1,-1
2023-10-04,-1,4.42,-1,-1
2023-10-04,-1,1.12,-1,-1
2023-10-06,-1,1.13,-1,-1
2023-10-08,-1,0.47,-1,-1
2023-10-11,-1,2.33,-1,-1
2023-10-13,-1,0.45,-1,-1
2023-10-13,-1,3.63,-1,-1
2023-10-14,-1,1.83,-1,-1
2023-10-14,-1,0.3,-1,-1
2023-10-16,-1,3.3,-1,-1
2023-10-17,-1,4.57,-1,-1
2023-10-20,-1,1.48,-1,-1
2023-10-20,-1,0.17,-1,-1
2023-10-21,-1,0.25,-1,-1
2023-10-23,-1,1.2,-1,-1
2023-10-23,-1,6.18,-1,-1
2023-10-24,-1,1.1,-1,-1
2023-10-25,-1,5.83,-1,-1
2023-10-25,-1,1.03,-1,-1
2023-10-25,-1,1.42,-1,-1
2023-10-25,-1,0.57,-1,-1
2023-10-26,-1,2.78,-1,-1
2023-10-29,-1,1.13,-1,-1
2023-10-30,-1,3.02,-1,-1
2023-10-30,-1,0.2,-1,-1
2023-10-31,-1,4.15,-1,-1
2023-10-31,-1,6.2,-1,-1
2023-10-31,-1,0.35,-1,-1
2023-11-01,-1,4.72,-1,-1
2023-11-02,-1,0.2,-1,-1
2023-11-02,-1,1.05,-1,-1
2023-11-03,-1,2.83,-1,-1
2023-11-05,-1,1.12,-1,-1
2023-11-08,-1,1.85,-1,-1
2023-11-09,-1,1.48,-1,-1
2023-11-09,-1,1.07,-1,-1
2023-11-09,坤坤真爱粉制作的游戏，学校午夜闹坤了！,39.55,http://www.bilibili.com/video/av663219805,663219805
2023-11-09,-1,0.27,-1,-1
2023-11-10,steam最新恐游《坤坤之夜》!开庭的时候记得带上你的游戏,18.7,http://www.bilibili.com/video/av323373288,323373288
2023-11-11,-1,1.02,-1,-1
2023-11-12,【坤坤之夜】最高难度无伤攻略/全结局详解/高端小黑子的视觉盛宴！,15.45,http://www.bilibili.com/video/av280824927,280824927
2023-11-12,-1,1.15,-1,-1
2023-11-12,小黑子制作的恐怖游戏 小心午夜学校里穿背带裤的男子！《坤坤之夜》最高难度 全结局惊悚实况,31.43,http://www.bilibili.com/video/av493371742,493371742
2023-11-12,-1,3.67,-1,-1
2023-11-13,-1,0.83,-1,-1
2023-11-14,-1,2.05,-1,-1
2023-11-14,-1,1.3,-1,-1
2023-11-14,-1,1.78,-1,-1
2023-11-14,-1,0.3,-1,-1
2023-11-15,-1,1.58,-1,-1
2023-11-16,-1,1.85,-1,-1
2023-11-19,-1,2.17,-1,-1
2023-11-19,外网主播玩坤坤之夜熟肉 kubz scouts中字 原标题:一个中国说唱偶像正在左右摇摆着朝着我走来I我需要一些圣水Ikunkunnight,13.25,http://www.bilibili.com/video/av278720465,278720465
2023-11-19,明争暗斗，各怀鬼胎，人均800个心眼子【综艺大型修罗场】,13.25,http://www.bilibili.com/video/av561621529,561621529
2023-11-21,我孵化两年半的蛋终于裂开可里面却是一只小黑子，漫画《战斗神宠》在快看app,53.45,http://www.bilibili.com/video/av833646543,833646543
2023-11-21,-1,7.73,-1,-1
2023-11-22,-1,1.45,-1,-1
2023-11-22,-1,0.25,-1,-1
2023-11-23,小黑子制作的逆天恐怖游戏《坤坤之夜》全结局加隐藏彩蛋！,21.55,http://www.bilibili.com/video/av876303206,876303206
2023-11-24,-1,0.97,-1,-1
2023-11-24,-1,1.52,-1,-1
2023-11-25,-1,8.05,-1,-1
2023-11-25,-1,4.88,-1,-1
2023-11-25,-1,1.28,-1,-1
2023-11-26,-1,3.15,-1,-1
2023-11-26,-1,0.63,-1,-1
2023-11-28,-1,0.63,-1,-1
2023-11-28,-1,2.25,-1,-1
2023-11-30,-1,2.67,-1,-1
2023-12-01,-1,8.92,-1,-1
2023-12-01,-1,4.27,-1,-1
2023-12-01,-1,0.3,-1,-1
2023-12-02,-1,0.23,-1,-1
2023-12-03,ikun铠甲，合体！！！,12.28,http://www.bilibili.com/video/av621710455,621710455
2023-12-03,中国boy的赞美能换到啥?以物换物第二期！,12.28,http://www.bilibili.com/video/av52769811,52769811
2023-12-04,-1,1.25,-1,-1
2023-12-04,-1,3.7,-1,-1
2023-12-04,-1,0.45,-1,-1
2023-12-04,-1,3.05,-1,-1
2023-12-06,-1,2.52,-1,-1
2023-12-07,-1,2.33,-1,-1
2023-12-07,-1,0.27,-1,-1
2023-12-08,-1,2.52,-1,-1
2023-12-08,-1,0.33,-1,-1
2023-12-09,-1,1.53,-1,-1
2023-12-09,-1,2.45,-1,-1
2023-12-10,-1,0.62,-1,-1
2023-12-11,夜晚两点半遇到一只中分鬼，幸亏自己跑得快，不然就要被当成小黑子做成了篮球！,30.47,http://www.bilibili.com/video/av964557802,964557802
2023-12-14,-1,4.67,-1,-1
2023-12-15,-1,0.28,-1,-1
2023-12-16,-1,3.58,-1,-1
2023-12-16,-1,3.42,-1,-1
2023-12-16,-1,2.22,-1,-1
2023-12-17,-1,1.42,-1,-1
2023-12-18,【综艺名场面大赏】2023爆笑盘点,12.43,http://www.bilibili.com/video/av367467700,367467700
2023-12-19,-1,0.23,-1,-1
2023-12-19,-1,3.0,-1,-1
2023-12-19,-1,0.25,-1,-1
2023-12-20,-1,0.23,-1,-1
2023-12-20,-1,0.15,-1,-1
2023-12-20,-1,1.15,-1,-1
2023-12-21,-1,0.55,-1,-1
2023-12-21,-1,0.37,-1,-1
2023-12-22,-1,1.87,-1,-1
2023-12-22,-1,0.58,-1,-1
2023-12-22,-1,9.23,-1,-1
2023-12-22,【第四届金塌房大赏】2023塌房大盘点,13.38,http://www.bilibili.com/video/av880107890,880107890
2023-12-22,-1,0.5,-1,-1
2023-12-22,-1,0.22,-1,-1
2023-12-23,-1,2.47,-1,-1
2023-12-23,-1,0.28,-1,-1
2023-12-24,-1,1.33,-1,-1
2023-12-24,-1,1.73,-1,-1
2023-12-25,-1,1.23,-1,-1
2023-12-25,-1,3.4,-1,-1
2023-12-26,-1,0.48,-1,-1
2023-12-26,-1,0.37,-1,-1
2023-12-26,-1,0.28,-1,-1
2023-12-27,-1,0.27,-1,-1
2023-12-27,-1,1.08,-1,-1
2023-12-28,-1,0.12,-1,-1
2023-12-28,-1,0.35,-1,-1
2023-12-28,-1,0.28,-1,-1
2023-12-28,-1,0.22,-1,-1
2023-12-29,-1,4.77,-1,-1
2023-12-29,-1,0.4,-1,-1
2023-12-29,-1,8.18,-1,-1
2023-12-30,-1,0.2,-1,-1
2023-12-30,-1,1.0,-1,-1
2023-12-30,-1,0.32,-1,-1
2023-12-30,-1,0.38,-1,-1
2023-12-31,-1,6.67,-1,-1
2023-12-31,-1,0.38,-1,-1
2024-01-01,-1,0.22,-1,-1
2024-01-01,-1,0.28,-1,-1
2024-01-02,-1,0.48,-1,-1
2024-01-04,-1,1.82,-1,-1
2024-01-04,-1,0.8,-1,-1
2024-01-05,-1,0.48,-1,-1
2024-01-05,-1,1.18,-1,-1
2024-01-06,-1,4.4,-1,-1
2024-01-07,-1,1.33,-1,-1
2024-01-08,-1,0.62,-1,-1
2024-01-08,-1,0.35,-1,-1
2024-01-09,-1,2.68,-1,-1
2024-01-09,-1,1.57,-1,-1
2024-01-09,-1,2.32,-1,-1
2024-01-09,-1,0.45,-1,-1
2024-01-09,-1,0.42,-1,-1
2024-01-10,-1,1.47,-1,-1
2024-01-10,-1,0.22,-1,-1
2024-01-11,-1,10.33,-1,-1
2024-01-11,-1,3.28,-1,-1
2024-01-11,-1,0.32,-1,-1
2024-01-12,-1,3.8,-1,-1
2024-01-12,-1,2.8,-1,-1
2024-01-12,-1,0.55,-1,-1
2024-01-12,-1,0.8,-1,-1
2024-01-12,-1,0.28,-1,-1
2024-01-12,-1,2.48,-1,-1
2024-01-12,-1,1.35,-1,-1
2024-01-13,-1,0.25,-1,-1
2024-01-13,-1,11.33,-1,-1
2024-01-13,-1,4.55,-1,-1
2024-01-13,-1,0.28,-1,-1
2024-01-14,-1,3.73,-1,-1
2024-01-14,-1,2.62,-1,-1
2024-01-14,-1,0.27,-1,-1
2024-01-15,-1,0.55,-1,-1
2024-01-15,我拿奖了！但工作人员差点丢了工作......,13.0,http://www.bilibili.com/video/av581347693,581347693
2024-01-15,-1,0.52,-1,-1
2024-01-16,-1,4.55,-1,-1
2024-01-16,-1,2.03,-1,-1
2024-01-16,-1,0.3,-1,-1
2024-01-16,-1,1.35,-1,-1
2024-01-20,-1,2.53,-1,-1
2024-01-20,-1,0.22,-1,-1
2024-01-21,-1,1.47,-1,-1
2024-01-22,-1,3.48,-1,-1
2024-01-22,-1,0.53,-1,-1
2024-01-23,-1,3.3,-1,-1
2024-01-24,-1,0.68,-1,-1
2024-01-24,我吃得这么好在做的各位都有责任，流浪汉实也要享受生活吃把子肉，把子坤坤肉，把子牛排。,13.97,http://www.bilibili.com/video/av581678851,581678851
2024-01-24,-1,0.53,-1,-1
2024-01-24,-1,2.52,-1,-1
2024-01-25,-1,0.35,-1,-1
2024-01-26,-1,3.03,-1,-1
2024-01-26,-1,1.22,-1,-1
2024-01-27,-1,1.1,-1,-1
2024-01-28,-1,1.18,-1,-1
2024-01-29,-1,1.33,-1,-1
2024-01-30,-1,0.82,-1,-1
2024-02-01,-1,8.53,-1,-1
2024-02-01,-1,0.72,-1,-1
2024-02-02,-1,0.35,-1,-1
2024-02-02,-1,3.3,-1,-1
2024-02-02,-1,0.32,-1,-1
2024-02-03,-1,1.7,-1,-1
2024-02-03,-1,0.53,-1,-1
2024-02-04,-1,1.28,-1,-1
2024-02-04,-1,1.08,-1,-1
2024-02-05,-1,0.88,-1,-1
2024-02-06,-1,4.53,-1,-1
2024-02-07,-1,0.32,-1,-1
2024-02-07,-1,0.53,-1,-1
