pubdate,like
2016-12-14,30733
2017-09-27,2690
2018-02-08,20232
2018-04-22,1267
2018-05-01,32590
2018-05-10,7673
2018-05-25,3891
2018-05-26,19603
2018-08-26,60536
2018-11-28,85004
2018-11-29,7759
2018-11-30,2428
2018-12-29,5381
2019-01-02,20653
2019-01-26,12435
2019-01-30,21443
2019-02-13,6116
2019-02-14,191525
2019-02-16,38733
2019-02-18,51178
2019-02-22,126905
2019-02-24,70568
2019-02-26,120890
2019-02-27,45145
2019-03-01,26412
2019-03-03,2424
2019-03-07,4920
2019-03-08,18709
2019-03-09,8704
2019-03-12,58196
2019-03-16,6632
2019-03-18,24111
2019-03-22,64696
2019-03-23,17730
2019-03-23,86561
2019-03-24,25199
2019-03-25,31933
2019-03-26,732165
2019-03-26,26531
2019-03-27,48868
2019-03-27,16042
2019-03-28,30114
2019-03-29,99261
2019-03-29,31277
2019-03-29,28263
2019-03-29,27782
2019-03-29,15797
2019-03-30,25374
2019-03-30,8116
2019-03-31,71875
2019-03-31,15777
2019-04-01,111630
2019-04-01,94375
2019-04-02,31262
2019-04-03,116278
2019-04-04,34020
2019-04-04,7661
2019-04-05,139305
2019-04-05,36688
2019-04-05,63818
2019-04-05,44501
2019-04-05,212323
2019-04-05,34996
2019-04-05,16802
2019-04-05,52203
2019-04-06,65106
2019-04-07,44099
2019-04-08,146277
2019-04-08,13902
2019-04-09,22284
2019-04-09,590324
2019-04-09,72731
2019-04-09,37084
2019-04-09,215152
2019-04-09,19126
2019-04-09,22272
2019-04-11,121300
2019-04-11,42910
2019-04-11,33924
2019-04-11,55673
2019-04-12,32051
2019-04-12,111869
2019-04-12,31713
2019-04-13,20501
2019-04-13,66801
2019-04-13,133827
2019-04-13,45952
2019-04-13,33536
2019-04-13,32790
2019-04-14,80701
2019-04-14,39290
2019-04-14,30478
2019-04-14,45590
2019-04-14,106009
2019-04-14,94501
2019-04-14,24190
2019-04-15,40673
2019-04-15,33350
2019-04-15,32084
2019-04-15,75707
2019-04-15,271624
2019-04-15,129691
2019-04-15,17507
2019-04-16,55328
2019-04-16,64629
2019-04-16,431169
2019-04-16,19019
2019-04-16,41342
2019-04-16,20162
2019-04-16,222567
2019-04-16,63983
2019-04-17,146841
2019-04-17,23767
2019-04-17,6128
2019-04-17,20084
2019-04-18,36507
2019-04-18,33113
2019-04-18,48059
2019-04-18,30555
2019-04-18,48507
2019-04-19,97176
2019-04-19,34646
2019-04-19,52092
2019-04-20,6115
2019-04-20,101299
2019-04-20,671185
2019-04-20,37216
2019-04-20,71832
2019-04-20,59394
2019-04-22,106652
2019-04-22,23663
2019-04-23,34826
2019-04-25,85607
2019-04-25,393993
2019-04-26,97823
2019-04-27,90761
2019-04-28,97720
2019-04-29,259738
2019-04-29,115596
2019-04-30,114085
2019-04-30,212708
2019-04-30,34142
2019-05-01,207304
2019-05-02,105053
2019-05-02,503279
2019-05-02,79119
2019-05-03,17606
2019-05-03,93753
2019-05-03,33796
2019-05-03,90083
2019-05-03,25300
2019-05-04,619692
2019-05-05,55315
2019-05-05,371944
2019-05-08,483764
2019-05-09,101463
2019-05-10,233006
2019-05-10,28422
2019-05-10,60935
2019-05-13,118414
2019-05-13,30022
2019-05-13,121589
2019-05-13,52032
2019-05-14,18726
2019-05-15,467109
2019-05-18,92037
2019-05-19,54388
2019-05-23,440719
2019-05-24,8634
2019-05-25,46078
2019-05-25,116307
2019-05-28,40247
2019-05-30,44172
2019-05-30,106529
2019-05-31,44212
2019-05-31,19303
2019-06-05,19776
2019-06-06,167540
2019-06-06,141902
2019-06-06,29342
2019-06-07,48422
2019-06-07,52423
2019-06-07,37565
2019-06-08,35203
2019-06-08,21025
2019-06-09,29574
2019-06-10,4857
2019-06-14,23539
2019-06-17,89042
2019-06-21,73186
2019-06-21,209504
2019-06-21,5305
2019-06-22,55569
2019-06-22,29064
2019-06-22,76547
2019-06-23,147279
2019-06-23,15711
2019-06-23,178229
2019-06-24,53486
2019-06-24,171703
2019-06-26,67721
2019-06-26,405859
2019-06-29,14466
2019-06-29,115089
2019-06-30,113064
2019-06-30,37906
2019-07-01,105891
2019-07-03,105368
2019-07-04,93406
2019-07-04,802272
2019-07-05,18618
2019-07-05,24876
2019-07-06,149500
2019-07-07,61260
2019-07-08,104851
2019-07-10,21330
2019-07-10,22224
2019-07-10,140722
2019-07-11,108576
2019-07-11,15609
2019-07-12,94588
2019-07-13,89184
2019-07-13,127343
2019-07-14,130415
2019-07-14,113721
2019-07-14,140252
2019-07-14,46970
2019-07-15,89238
2019-07-15,103917
2019-07-18,27248
2019-07-18,179104
2019-07-20,101749
2019-07-21,56187
2019-07-22,131205
2019-07-22,229956
2019-07-23,19352
2019-07-23,111961
2019-07-23,159381
2019-07-24,92053
2019-07-24,52276
2019-07-25,218577
2019-07-25,22721
2019-07-25,45249
2019-07-26,128897
2019-07-26,250324
2019-07-27,41835
2019-07-28,87661
2019-07-29,108849
2019-07-29,88917
2019-07-30,191543
2019-07-30,41325
2019-07-30,32073
2019-07-31,20376
2019-07-31,22289
2019-07-31,75135
2019-08-01,127539
2019-08-02,4063
2019-08-02,152622
2019-08-03,81001
2019-08-03,67646
2019-08-04,25364
2019-08-05,153428
2019-08-06,24697
2019-08-07,10222
2019-08-07,35811
2019-08-07,22010
2019-08-08,119913
2019-08-08,301641
2019-08-09,20395
2019-08-09,139802
2019-08-09,189824
2019-08-10,106929
2019-08-10,236298
2019-08-10,20054
2019-08-12,44639
2019-08-13,70780
2019-08-13,22761
2019-08-15,144679
2019-08-16,21838
2019-08-16,27246
2019-08-16,221557
2019-08-16,155454
2019-08-19,89781
2019-08-21,223688
2019-08-23,116253
2019-08-24,33005
2019-08-24,31995
2019-08-25,123044
2019-08-25,108381
2019-08-26,984327
2019-08-28,507279
2019-09-01,15179
2019-09-01,28409
2019-09-02,92111
2019-09-03,38500
2019-09-05,55799
2019-09-10,193732
2019-09-12,146783
2019-09-13,428290
2019-09-14,16531
2019-09-16,84583
2019-09-17,20898
2019-09-18,12949
2019-09-19,73244
2019-09-20,54756
2019-09-22,41001
2019-09-23,52711
2019-09-30,106684
2019-09-30,228834
2019-10-04,236038
2019-10-04,160458
2019-10-08,9259
2019-10-10,28870
2019-10-12,158441
2019-10-13,198136
2019-10-23,114553
2019-10-23,324024
2019-10-26,108942
2019-10-28,148899
2019-10-31,55356
2019-11-11,97644
2019-11-14,73473
2019-11-14,65840
2019-11-15,239789
2019-11-15,74126
2019-11-15,133954
2019-11-15,53645
2019-11-17,59615
2019-11-23,125548
2019-11-28,90720
2019-12-03,27774
2019-12-03,77947
2019-12-07,8102
2019-12-07,445434
2019-12-07,66265
2019-12-08,26947
2019-12-08,66621
2019-12-13,465862
2019-12-14,101555
2019-12-15,117108
2019-12-15,56309
2019-12-17,89941
2019-12-19,129082
2019-12-21,37360
2019-12-24,357524
2019-12-26,256037
2019-12-27,103802
2019-12-27,190447
2019-12-27,158825
2019-12-29,32711
2019-12-31,100551
2020-01-01,71511
2020-01-01,47467
2020-01-06,29428
2020-01-06,147653
2020-01-07,60245
2020-01-09,101614
2020-01-12,193105
2020-01-16,64740
2020-01-16,331564
2020-01-17,34649
2020-01-17,29188
2020-01-19,85223
2020-01-22,67295
2020-01-23,100108
2020-01-24,50240
2020-01-25,121482
2020-01-28,200625
2020-01-28,123411
2020-01-30,25748
2020-02-02,1130900
2020-02-02,84641
2020-02-07,153078
2020-02-09,213795
2020-02-11,24277
2020-02-12,648747
2020-02-13,33790
2020-02-14,123619
2020-02-16,71065
2020-02-18,50356
2020-02-19,477581
2020-02-22,333443
2020-02-23,3714
2020-02-24,83299
2020-02-25,73517
2020-02-26,27450
2020-02-26,222610
2020-02-26,101181
2020-02-29,148507
2020-03-04,99471
2020-03-05,133212
2020-03-08,93581
2020-03-10,176105
2020-03-12,674456
2020-03-12,200189
2020-03-13,50526
2020-03-16,41979
2020-03-17,242511
2020-03-17,153168
2020-03-20,118805
2020-03-23,92348
2020-03-24,88692
2020-03-25,63339
2020-03-26,935149
2020-03-28,160983
2020-03-30,322539
2020-03-30,265448
2020-03-31,126483
2020-03-31,27885
2020-03-31,33653
2020-04-08,159592
2020-04-09,15425
2020-04-12,295656
2020-04-17,42577
2020-04-18,63977
2020-04-19,102216
2020-04-20,54282
2020-04-23,168761
2020-04-30,231935
2020-04-30,144352
2020-05-01,74283
2020-05-02,42000
2020-05-04,90115
2020-05-10,18826
2020-05-14,272543
2020-05-20,73488
2020-05-20,27340
2020-05-23,167406
2020-05-26,58860
2020-05-27,19451
2020-06-01,353520
2020-06-03,192317
2020-06-08,212648
2020-06-11,23227
2020-06-17,105982
2020-06-24,66479
2020-07-02,57082
2020-07-15,49136
2020-07-29,241673
2020-08-04,31183
2020-08-07,117552
2020-08-14,20440
2020-08-24,94748
2020-09-13,14571
2020-09-20,44928
2020-09-20,62395
2020-10-01,541676
2020-10-17,9315
2020-10-18,34553
2020-10-23,19227
2020-11-08,43687
2020-11-13,1640
2020-11-15,7486
2020-11-30,62874
2020-12-06,62633
2020-12-07,182907
2020-12-09,63292
2020-12-15,52516
2020-12-19,112394
2020-12-24,204312
2021-01-05,21351
2021-01-05,3258
2021-01-15,38094
2021-01-22,56949
2021-01-25,101892
2021-01-27,122025
2021-01-28,78348
2021-01-30,179320
2021-01-30,173432
2021-02-01,28790
2021-02-02,133748
2021-02-06,63750
2021-02-09,168379
2021-02-12,136172
2021-02-15,6563
2021-02-16,302183
2021-02-17,30612
2021-02-21,82690
2021-02-23,72093
2021-02-27,61127
2021-03-02,30910
2021-03-09,59380
2021-03-10,119310
2021-03-12,78686
2021-03-19,57366
2021-03-24,31112
2021-03-26,9802
2021-03-30,495634
2021-04-06,13190
2021-04-08,349909
2021-04-24,84435
2021-05-12,137317
2021-05-17,40159
2021-05-23,70832
2021-05-25,13333
2021-05-30,250455
2021-06-11,262454
2021-06-23,66700
2021-06-25,30485
2021-06-26,56791
2021-06-30,70788
2021-07-03,1098
2021-07-06,94086
2021-07-15,5458
2021-07-19,10081
2021-07-20,86070
2021-07-23,60074
2021-07-23,214251
2021-07-30,75106
2021-08-03,22944
2021-08-10,7986
2021-08-10,605255
2021-08-12,539258
2021-08-18,1145
2021-08-29,119533
2021-08-31,155012
2021-09-02,114384
2021-09-04,48569
2021-09-05,140056
2021-09-06,134702
2021-09-11,241297
2021-09-20,6356
2021-09-20,14303
2021-09-20,82822
2021-09-25,43100
2021-10-06,104289
2021-10-13,202476
2021-10-23,26926
2021-10-23,63701
2021-10-27,67605
2021-11-03,8680
2021-11-06,47691
2021-11-10,1640
2021-11-13,70328
2021-11-14,9212
2021-11-15,22833
2021-11-23,105005
2021-11-24,180658
2021-11-27,26439
2021-12-01,108540
2021-12-13,99699
2021-12-22,260450
2021-12-29,44357
2021-12-31,50090
2022-01-10,33429
2022-01-13,224716
2022-01-16,23492
2022-01-16,138890
2022-01-17,230560
2022-01-19,15251
2022-01-20,67138
2022-01-22,65951
2022-01-27,11870
2022-02-05,86067
2022-02-07,3726
2022-02-08,68913
2022-02-11,73531
2022-02-17,60265
2022-02-19,94440
2022-02-20,213822
2022-02-22,119133
2022-02-23,140170
2022-03-02,16725
2022-03-02,95594
2022-03-03,200023
2022-03-11,39674
2022-03-13,83445
2022-03-19,143552
2022-03-20,130027
2022-03-21,12907
2022-03-22,233872
2022-03-23,382569
2022-03-24,263071
2022-03-25,173097
2022-03-26,116661
2022-04-05,143823
2022-04-05,27420
2022-04-05,16475
2022-04-05,12571
2022-04-09,136916
2022-04-09,6173
2022-04-10,68200
2022-04-10,63049
2022-04-12,151999
2022-04-13,11032
2022-04-13,80357
2022-04-13,109340
2022-04-14,122314
2022-04-14,83820
2022-04-14,127419
2022-04-16,47477
2022-04-16,17836
2022-04-17,71069
2022-04-22,211475
2022-04-23,175316
2022-04-23,39686
2022-04-24,79673
2022-04-26,191782
2022-04-27,22629
2022-04-29,395040
2022-04-29,146895
2022-04-30,80550
2022-04-30,99307
2022-05-03,297194
2022-05-05,80130
2022-05-05,93018
2022-05-06,157491
2022-05-06,43874
2022-05-06,11057
2022-05-06,355946
2022-05-06,32870
2022-05-07,176328
2022-05-07,149151
2022-05-07,100318
2022-05-08,368503
2022-05-09,69803
2022-05-10,164618
2022-05-10,7000
2022-05-12,188237
2022-05-12,112566
2022-05-14,63961
2022-05-15,441236
2022-05-15,11994
2022-05-16,164459
2022-05-16,313642
2022-05-17,123926
2022-05-17,259627
2022-05-17,133953
2022-05-18,203799
2022-05-18,99912
2022-05-19,163338
2022-05-19,137826
2022-05-20,1074474
2022-05-22,72340
2022-05-22,63568
2022-05-23,19006
2022-05-23,39534
2022-05-24,70053
2022-05-24,570824
2022-05-24,110364
2022-05-25,169662
2022-05-25,164890
2022-05-26,122256
2022-05-27,85783
2022-05-27,225282
2022-05-28,151008
2022-05-29,36840
2022-05-29,36596
2022-05-29,230071
2022-05-29,52511
2022-05-29,180429
2022-05-29,81916
2022-05-30,123065
2022-05-30,141535
2022-06-01,112926
2022-06-01,114248
2022-06-02,126187
2022-06-03,96739
2022-06-03,159546
2022-06-03,20098
2022-06-03,49151
2022-06-04,8039
2022-06-04,61155
2022-06-04,27816
2022-06-05,69633
2022-06-05,33977
2022-06-06,438236
2022-06-07,13805
2022-06-07,236060
2022-06-08,105428
2022-06-08,136091
2022-06-09,370629
2022-06-09,90931
2022-06-10,151830
2022-06-10,36630
2022-06-11,209335
2022-06-11,28052
2022-06-11,62357
2022-06-11,308435
2022-06-11,110780
2022-06-12,44337
2022-06-13,204485
2022-06-13,58311
2022-06-14,144810
2022-06-14,105053
2022-06-14,96118
2022-06-15,413522
2022-06-15,460346
2022-06-16,192611
2022-06-16,99454
2022-06-16,215448
2022-06-16,33388
2022-06-17,159077
2022-06-17,307741
2022-06-17,134564
2022-06-17,128128
2022-06-17,75271
2022-06-17,43669
2022-06-17,98431
2022-06-18,141163
2022-06-18,54093
2022-06-18,512646
2022-06-19,159846
2022-06-19,133781
2022-06-20,51180
2022-06-20,270514
2022-06-20,439621
2022-06-21,32008
2022-06-21,220082
2022-06-21,124921
2022-06-21,64492
2022-06-21,101573
2022-06-21,30624
2022-06-21,334722
2022-06-22,151648
2022-06-22,189182
2022-06-22,91430
2022-06-22,131161
2022-06-23,75163
2022-06-23,209283
2022-06-23,6968
2022-06-24,167965
2022-06-24,100604
2022-06-24,15506
2022-06-24,113363
2022-06-24,264359
2022-06-24,89127
2022-06-24,250812
2022-06-24,311800
2022-06-24,122987
2022-06-25,636289
2022-06-25,41123
2022-06-25,96457
2022-06-25,307962
2022-06-25,53880
2022-06-26,20568
2022-06-26,96437
2022-06-27,37064
2022-06-27,62835
2022-06-27,60644
2022-06-27,20620
2022-06-27,99343
2022-06-27,35501
2022-06-27,205540
2022-06-27,1133759
2022-06-27,108778
2022-06-27,510624
2022-06-28,90585
2022-06-28,684615
2022-06-28,269576
2022-06-28,6743
2022-06-28,456332
2022-06-28,6334
2022-06-28,139066
2022-06-28,89504
2022-06-28,113927
2022-06-29,133981
2022-06-29,48419
2022-06-29,1255054
2022-06-29,200466
2022-06-29,136838
2022-06-29,199993
2022-06-30,45985
2022-06-30,1137
2022-06-30,118372
2022-06-30,411438
2022-06-30,146887
2022-06-30,56044
2022-07-01,280099
2022-07-01,184205
2022-07-01,261708
2022-07-01,593055
2022-07-01,129703
2022-07-01,111299
2022-07-01,513977
2022-07-01,149570
2022-07-02,204129
2022-07-02,36732
2022-07-02,193418
2022-07-02,17969
2022-07-02,456530
2022-07-02,2010
2022-07-02,43297
2022-07-02,680649
2022-07-02,97581
2022-07-02,477402
2022-07-03,78435
2022-07-03,193267
2022-07-03,41028
2022-07-03,43584
2022-07-03,49663
2022-07-03,117389
2022-07-03,183785
2022-07-03,50762
2022-07-03,429503
2022-07-03,88573
2022-07-03,63491
2022-07-03,196571
2022-07-04,265339
2022-07-04,293584
2022-07-04,131828
2022-07-04,70580
2022-07-04,327787
2022-07-04,669551
2022-07-05,108016
2022-07-05,41666
2022-07-05,564284
2022-07-05,82760
2022-07-05,99508
2022-07-05,176850
2022-07-05,5740
2022-07-05,105021
2022-07-06,99070
2022-07-06,17825
2022-07-06,28177
2022-07-06,100025
2022-07-06,97059
2022-07-06,133623
2022-07-07,435479
2022-07-07,58040
2022-07-07,185798
2022-07-07,102893
2022-07-07,120646
2022-07-08,47781
2022-07-08,299764
2022-07-08,313127
2022-07-08,102370
2022-07-08,77612
2022-07-08,985
2022-07-08,139573
2022-07-08,205073
2022-07-09,189045
2022-07-09,110372
2022-07-09,92096
2022-07-09,88736
2022-07-10,58230
2022-07-10,152753
2022-07-10,140176
2022-07-10,79152
2022-07-10,117140
2022-07-10,1059508
2022-07-11,291208
2022-07-11,81274
2022-07-11,185320
2022-07-11,68141
2022-07-11,38669
2022-07-11,89831
2022-07-11,41253
2022-07-12,30306
2022-07-12,64528
2022-07-12,354907
2022-07-12,39954
2022-07-12,56813
2022-07-13,27576
2022-07-13,793415
2022-07-13,106397
2022-07-13,20586
2022-07-13,123486
2022-07-13,65541
2022-07-14,202401
2022-07-14,10846
2022-07-15,59038
2022-07-15,53570
2022-07-15,122567
2022-07-15,39601
2022-07-15,104835
2022-07-15,126391
2022-07-15,218043
2022-07-15,120332
2022-07-15,7746
2022-07-15,882050
2022-07-15,259168
2022-07-15,162557
2022-07-16,70079
2022-07-16,35634
2022-07-16,52396
2022-07-16,198711
2022-07-16,39067
2022-07-16,74857
2022-07-16,447334
2022-07-16,63007
2022-07-16,40198
2022-07-16,43966
2022-07-17,162887
2022-07-17,93901
2022-07-17,43284
2022-07-17,874048
2022-07-17,111735
2022-07-17,2269
2022-07-17,180422
2022-07-17,84163
2022-07-17,351859
2022-07-17,77339
2022-07-17,20490
2022-07-18,47897
2022-07-18,36874
2022-07-18,456557
2022-07-18,67825
2022-07-18,52639
2022-07-18,137024
2022-07-18,40558
2022-07-19,181746
2022-07-19,139472
2022-07-19,256059
2022-07-19,26544
2022-07-19,58807
2022-07-19,149461
2022-07-19,327239
2022-07-20,366785
2022-07-20,73371
2022-07-20,309786
2022-07-20,94267
2022-07-20,34902
2022-07-20,260135
2022-07-20,81378
2022-07-20,34654
2022-07-20,64402
2022-07-20,30139
2022-07-20,133234
2022-07-21,102058
2022-07-21,8628
2022-07-21,235287
2022-07-21,563098
2022-07-21,168430
2022-07-21,78995
2022-07-21,16093
2022-07-21,130508
2022-07-21,46218
2022-07-21,311031
2022-07-21,42272
2022-07-21,218566
2022-07-21,123325
2022-07-22,74299
2022-07-22,82548
2022-07-22,17406
2022-07-22,109125
2022-07-22,92697
2022-07-22,23776
2022-07-22,78205
2022-07-22,50788
2022-07-22,416979
2022-07-22,158416
2022-07-22,467
2022-07-23,420428
2022-07-23,293662
2022-07-23,84421
2022-07-23,184634
2022-07-23,33522
2022-07-23,87725
2022-07-23,45468
2022-07-23,67641
2022-07-23,156364
2022-07-24,42090
2022-07-24,50841
2022-07-24,73999
2022-07-24,203925
2022-07-24,140679
2022-07-24,44521
2022-07-25,50739
2022-07-25,111258
2022-07-25,66511
2022-07-25,176888
2022-07-25,127593
2022-07-25,75986
2022-07-25,124613
2022-07-25,213165
2022-07-25,119485
2022-07-25,94647
2022-07-25,175362
2022-07-25,90044
2022-07-26,132908
2022-07-26,78385
2022-07-26,748246
2022-07-26,118545
2022-07-26,82355
2022-07-26,596274
2022-07-26,5667
2022-07-26,267119
2022-07-26,63312
2022-07-26,8363
2022-07-26,97174
2022-07-26,105498
2022-07-26,105962
2022-07-26,172807
2022-07-26,199347
2022-07-27,162152
2022-07-27,693158
2022-07-27,156247
2022-07-27,175359
2022-07-27,23729
2022-07-27,70462
2022-07-27,339930
2022-07-27,224523
2022-07-27,379969
2022-07-27,162458
2022-07-27,93144
2022-07-27,29777
2022-07-27,35935
2022-07-28,148693
2022-07-28,102188
2022-07-28,29947
2022-07-28,305817
2022-07-28,45774
2022-07-28,52595
2022-07-28,143672
2022-07-29,91708
2022-07-29,91832
2022-07-29,26736
2022-07-29,104101
2022-07-29,533647
2022-07-29,7612
2022-07-29,59651
2022-07-29,19809
2022-07-29,254717
2022-07-30,36879
2022-07-30,33902
2022-07-30,32767
2022-07-30,44194
2022-07-30,36802
2022-07-30,206096
2022-07-30,18737
2022-07-30,159438
2022-07-31,209396
2022-07-31,22977
2022-07-31,67073
2022-07-31,40911
2022-07-31,49453
2022-07-31,43674
2022-07-31,93672
2022-07-31,91890
2022-08-01,20753
2022-08-01,187002
2022-08-01,65933
2022-08-01,17889
2022-08-01,55591
2022-08-01,41334
2022-08-01,56468
2022-08-01,146741
2022-08-01,201615
2022-08-02,42712
2022-08-02,147063
2022-08-02,591314
2022-08-02,27030
2022-08-02,37665
2022-08-02,319359
2022-08-02,48814
2022-08-02,61108
2022-08-02,59859
2022-08-02,28204
2022-08-03,127783
2022-08-03,181576
2022-08-03,20285
2022-08-03,19396
2022-08-03,880
2022-08-03,170462
2022-08-03,109102
2022-08-04,10166
2022-08-04,60460
2022-08-04,81171
2022-08-05,51137
2022-08-05,44749
2022-08-05,16456
2022-08-05,77838
2022-08-05,80064
2022-08-05,30057
2022-08-05,219218
2022-08-05,257344
2022-08-05,4442
2022-08-05,136937
2022-08-06,46478
2022-08-06,228402
2022-08-06,71874
2022-08-06,25897
2022-08-06,157920
2022-08-06,341289
2022-08-06,143276
2022-08-06,882683
2022-08-06,17826
2022-08-06,61513
2022-08-06,122400
2022-08-06,39102
2022-08-07,130786
2022-08-07,97015
2022-08-07,27111
2022-08-07,3303
2022-08-07,125062
2022-08-07,26558
2022-08-07,436581
2022-08-07,22453
2022-08-07,314457
2022-08-07,66888
2022-08-07,52374
2022-08-07,76491
2022-08-07,88186
2022-08-08,55367
2022-08-08,39353
2022-08-08,237605
2022-08-08,380150
2022-08-08,36919
2022-08-08,14089
2022-08-08,99763
2022-08-08,93544
2022-08-08,111459
2022-08-08,109176
2022-08-09,59420
2022-08-09,97543
2022-08-09,397739
2022-08-09,72578
2022-08-09,58583
2022-08-09,24789
2022-08-09,120662
2022-08-09,18904
2022-08-09,150425
2022-08-09,43364
2022-08-10,4036
2022-08-10,33493
2022-08-10,6790
2022-08-10,190087
2022-08-10,60480
2022-08-10,16653
2022-08-10,83438
2022-08-10,90632
2022-08-10,27196
2022-08-10,47863
2022-08-11,144119
2022-08-11,59777
2022-08-11,56276
2022-08-11,47484
2022-08-11,51827
2022-08-11,6755
2022-08-11,2185
2022-08-11,189564
2022-08-12,70131
2022-08-12,144812
2022-08-12,60500
2022-08-12,117835
2022-08-13,39603
2022-08-13,410489
2022-08-13,29869
2022-08-13,71786
2022-08-13,119969
2022-08-13,276500
2022-08-13,49332
2022-08-13,13364
2022-08-13,1150
2022-08-13,451681
2022-08-13,89363
2022-08-14,93104
2022-08-14,268220
2022-08-14,354571
2022-08-14,108196
2022-08-14,52797
2022-08-14,56282
2022-08-14,178638
2022-08-14,317948
2022-08-14,439337
2022-08-15,2618
2022-08-15,4027
2022-08-15,33239
2022-08-15,121038
2022-08-15,77643
2022-08-15,266310
2022-08-15,58750
2022-08-15,81296
2022-08-16,16167
2022-08-16,64383
2022-08-16,131146
2022-08-16,31293
2022-08-16,59185
2022-08-16,24395
2022-08-17,181053
2022-08-17,831
2022-08-17,5800
2022-08-17,103886
2022-08-17,266295
2022-08-17,319548
2022-08-17,35494
2022-08-18,71727
2022-08-18,178463
2022-08-18,442188
2022-08-18,218454
2022-08-18,330088
2022-08-18,29637
2022-08-18,481805
2022-08-18,42726
2022-08-18,58852
2022-08-18,28739
2022-08-18,92216
2022-08-18,31645
2022-08-19,7560
2022-08-19,47735
2022-08-19,6093
2022-08-19,80984
2022-08-19,103797
2022-08-19,157506
2022-08-19,226439
2022-08-19,57737
2022-08-19,15850
2022-08-19,36825
2022-08-19,76668
2022-08-20,15751
2022-08-20,34553
2022-08-20,22916
2022-08-20,35493
2022-08-20,97509
2022-08-20,80700
2022-08-20,161428
2022-08-20,142298
2022-08-20,193395
2022-08-21,195870
2022-08-21,165428
2022-08-21,29061
2022-08-21,77065
2022-08-21,51220
2022-08-21,95633
2022-08-21,572044
2022-08-21,49086
2022-08-21,40366
2022-08-21,115589
2022-08-21,6582
2022-08-21,13900
2022-08-21,522158
2022-08-21,358441
2022-08-21,33663
2022-08-22,35150
2022-08-22,44468
2022-08-22,11979
2022-08-22,13863
2022-08-22,83290
2022-08-22,64639
2022-08-23,24018
2022-08-23,45963
2022-08-23,133607
2022-08-23,27620
2022-08-23,127082
2022-08-23,222441
2022-08-23,53243
2022-08-23,63646
2022-08-23,224969
2022-08-24,21706
2022-08-24,57881
2022-08-24,76160
2022-08-24,52476
2022-08-24,81268
2022-08-24,63596
2022-08-24,242868
2022-08-24,29164
2022-08-24,232457
2022-08-25,26486
2022-08-25,14414
2022-08-25,181952
2022-08-25,41286
2022-08-25,34650
2022-08-25,56628
2022-08-25,149981
2022-08-25,89838
2022-08-25,280305
2022-08-26,153270
2022-08-26,110396
2022-08-26,667979
2022-08-26,187353
2022-08-26,76965
2022-08-26,126430
2022-08-26,55276
2022-08-26,192627
2022-08-26,96551
2022-08-27,68031
2022-08-27,30914
2022-08-27,489760
2022-08-27,66085
2022-08-27,73307
2022-08-27,65330
2022-08-27,163715
2022-08-27,71944
2022-08-27,104297
2022-08-27,83297
2022-08-27,43488
2022-08-28,98280
2022-08-28,45817
2022-08-28,128339
2022-08-28,189725
2022-08-28,39115
2022-08-28,143192
2022-08-28,4626
2022-08-28,133896
2022-08-28,107094
2022-08-28,156424
2022-08-28,186048
2022-08-28,311796
2022-08-28,91182
2022-08-29,114378
2022-08-29,6010
2022-08-30,153661
2022-08-30,82550
2022-08-30,17028
2022-08-30,222098
2022-08-31,404086
2022-08-31,63806
2022-08-31,206742
2022-08-31,111749
2022-08-31,24148
2022-08-31,41493
2022-08-31,93552
2022-08-31,929
2022-08-31,59276
2022-09-01,23910
2022-09-01,93398
2022-09-01,98860
2022-09-01,226082
2022-09-01,47276
2022-09-01,40517
2022-09-01,73114
2022-09-02,75769
2022-09-02,140888
2022-09-02,238499
2022-09-02,39624
2022-09-02,115915
2022-09-02,40853
2022-09-02,140484
2022-09-03,200999
2022-09-03,34130
2022-09-03,229126
2022-09-03,89910
2022-09-03,28690
2022-09-03,13127
2022-09-04,78451
2022-09-04,74355
2022-09-04,91039
2022-09-04,47842
2022-09-04,205585
2022-09-04,33100
2022-09-04,55355
2022-09-04,218623
2022-09-04,81448
2022-09-04,68423
2022-09-04,73849
2022-09-04,179433
2022-09-05,74197
2022-09-05,28271
2022-09-05,122465
2022-09-05,21545
2022-09-05,304631
2022-09-05,36870
2022-09-05,23100
2022-09-06,258064
2022-09-06,12896
2022-09-07,15529
2022-09-07,31287
2022-09-07,25717
2022-09-08,49534
2022-09-08,90053
2022-09-08,86095
2022-09-08,40712
2022-09-08,141125
2022-09-08,131737
2022-09-08,67792
2022-09-09,16318
2022-09-09,42524
2022-09-09,17747
2022-09-09,23580
2022-09-09,21374
2022-09-09,80114
2022-09-09,49843
2022-09-09,126391
2022-09-09,46644
2022-09-09,733826
2022-09-10,134164
2022-09-10,307023
2022-09-10,58263
2022-09-10,41572
2022-09-10,79849
2022-09-10,16409
2022-09-10,34447
2022-09-10,234126
2022-09-10,13056
2022-09-10,122944
2022-09-10,37008
2022-09-10,5697
2022-09-10,83705
2022-09-10,824007
2022-09-10,278222
2022-09-10,7602
2022-09-10,102421
2022-09-11,21068
2022-09-11,77006
2022-09-11,188347
2022-09-11,812
2022-09-12,144233
2022-09-12,86338
2022-09-12,175213
2022-09-12,122409
2022-09-12,9029
2022-09-12,103886
2022-09-12,22177
2022-09-12,225787
2022-09-12,72936
2022-09-13,68925
2022-09-13,34623
2022-09-13,227687
2022-09-14,338045
2022-09-14,3338
2022-09-14,93408
2022-09-14,51463
2022-09-14,19009
2022-09-14,110906
2022-09-14,48245
2022-09-14,173921
2022-09-14,75551
2022-09-14,339121
2022-09-15,28201
2022-09-15,64063
2022-09-15,21647
2022-09-15,61456
2022-09-15,37454
2022-09-16,48632
2022-09-16,115962
2022-09-16,182828
2022-09-16,8111
2022-09-16,21092
2022-09-16,102357
2022-09-16,26782
2022-09-16,355375
2022-09-17,99966
2022-09-17,184789
2022-09-17,66421
2022-09-17,15098
2022-09-17,86195
2022-09-17,52553
2022-09-17,65600
2022-09-17,30514
2022-09-17,143079
2022-09-18,94167
2022-09-18,62334
2022-09-18,37798
2022-09-18,356856
2022-09-18,24697
2022-09-18,130900
2022-09-19,243600
2022-09-19,139142
2022-09-19,234614
2022-09-19,112997
2022-09-19,93941
2022-09-19,34758
2022-09-19,126170
2022-09-20,402103
2022-09-20,55269
2022-09-20,1561
2022-09-21,15020
2022-09-21,49897
2022-09-21,110265
2022-09-21,508430
2022-09-22,21382
2022-09-22,153832
2022-09-22,100656
2022-09-22,68648
2022-09-22,93825
2022-09-22,125980
2022-09-22,290472
2022-09-22,17675
2022-09-23,26582
2022-09-23,252491
2022-09-23,72204
2022-09-23,83636
2022-09-23,274773
2022-09-23,56280
2022-09-23,28267
2022-09-23,47200
2022-09-24,205002
2022-09-24,43464
2022-09-24,24428
2022-09-24,90327
2022-09-24,27879
2022-09-24,78816
2022-09-24,15632
2022-09-24,33741
2022-09-24,29737
2022-09-24,7703
2022-09-24,12566
2022-09-24,218175
2022-09-25,175858
2022-09-25,87565
2022-09-26,114932
2022-09-26,39761
2022-09-26,12107
2022-09-26,85746
2022-09-26,58700
2022-09-27,10768
2022-09-27,75280
2022-09-27,11287
2022-09-27,41060
2022-09-27,126720
2022-09-27,27289
2022-09-27,48407
2022-09-27,163932
2022-09-27,34837
2022-09-28,68844
2022-09-28,138992
2022-09-28,88821
2022-09-28,9299
2022-09-28,42539
2022-09-28,110471
2022-09-28,43257
2022-09-28,19230
2022-09-28,145519
2022-09-29,68345
2022-09-29,13791
2022-09-29,1381
2022-09-29,46075
2022-09-29,63652
2022-09-29,49307
2022-09-29,63351
2022-09-29,35748
2022-09-29,35138
2022-09-29,106397
2022-09-29,47679
2022-09-29,92962
2022-09-30,307187
2022-09-30,51124
2022-09-30,49031
2022-09-30,108805
2022-09-30,45733
2022-09-30,100511
2022-09-30,101843
2022-09-30,84169
2022-09-30,90490
2022-09-30,91756
2022-09-30,9420
2022-10-01,617789
2022-10-01,31541
2022-10-01,40717
2022-10-01,117824
2022-10-01,20166
2022-10-01,157393
2022-10-01,41338
2022-10-01,123598
2022-10-01,45961
2022-10-02,122288
2022-10-02,195164
2022-10-02,43063
2022-10-02,3955
2022-10-02,42121
2022-10-02,32302
2022-10-02,67514
2022-10-02,55885
2022-10-03,202789
2022-10-03,212518
2022-10-03,272931
2022-10-03,38302
2022-10-03,5259
2022-10-03,9216
2022-10-03,94297
2022-10-03,151273
2022-10-03,39554
2022-10-03,128556
2022-10-03,10998
2022-10-04,194247
2022-10-04,41921
2022-10-04,48365
2022-10-04,22355
2022-10-04,170796
2022-10-04,16294
2022-10-04,15295
2022-10-04,184808
2022-10-04,31204
2022-10-04,28180
2022-10-05,2409
2022-10-05,8246
2022-10-05,142907
2022-10-05,694
2022-10-05,5702
2022-10-05,449
2022-10-05,151494
2022-10-06,127011
2022-10-06,39761
2022-10-06,105292
2022-10-06,13149
2022-10-06,31785
2022-10-06,1463
2022-10-06,126061
2022-10-06,81526
2022-10-06,108573
2022-10-07,93197
2022-10-07,14171
2022-10-07,150264
2022-10-07,121522
2022-10-07,9079
2022-10-08,30973
2022-10-08,58886
2022-10-08,34963
2022-10-08,4703
2022-10-08,80459
2022-10-08,83124
2022-10-09,2200
2022-10-09,44333
2022-10-09,37308
2022-10-09,164638
2022-10-09,231833
2022-10-10,238721
2022-10-10,69246
2022-10-10,64113
2022-10-10,81570
2022-10-10,1413
2022-10-10,134867
2022-10-10,148484
2022-10-11,75009
2022-10-11,109802
2022-10-11,117837
2022-10-11,15165
2022-10-11,51163
2022-10-11,109620
2022-10-11,35228
2022-10-11,108072
2022-10-12,18726
2022-10-12,94382
2022-10-12,27930
2022-10-12,23961
2022-10-12,72107
2022-10-12,130116
2022-10-12,40493
2022-10-12,143706
2022-10-12,16438
2022-10-13,106896
2022-10-13,60335
2022-10-13,131379
2022-10-13,53556
2022-10-14,27430
2022-10-14,27315
2022-10-14,10797
2022-10-14,41840
2022-10-14,40486
2022-10-14,519806
2022-10-14,63639
2022-10-14,62516
2022-10-14,118301
2022-10-15,37488
2022-10-15,5396
2022-10-15,620737
2022-10-15,733995
2022-10-15,81109
2022-10-15,56238
2022-10-15,160068
2022-10-15,21111
2022-10-15,102918
2022-10-15,16021
2022-10-16,79368
2022-10-16,21888
2022-10-16,70560
2022-10-16,164029
2022-10-17,298974
2022-10-17,115357
2022-10-17,18445
2022-10-17,208416
2022-10-17,177894
2022-10-18,21221
2022-10-18,59396
2022-10-18,117453
2022-10-19,69252
2022-10-19,17663
2022-10-19,90698
2022-10-19,15466
2022-10-19,39512
2022-10-19,63590
2022-10-19,16721
2022-10-19,352993
2022-10-19,159824
2022-10-20,163938
2022-10-20,21611
2022-10-20,22331
2022-10-20,16225
2022-10-20,132651
2022-10-20,188675
2022-10-20,14783
2022-10-20,935
2022-10-20,64539
2022-10-20,139099
2022-10-21,78885
2022-10-22,158430
2022-10-22,482565
2022-10-22,19587
2022-10-22,29188
2022-10-22,39069
2022-10-22,81132
2022-10-22,49270
2022-10-23,56405
2022-10-23,349463
2022-10-23,57901
2022-10-23,77607
2022-10-24,101780
2022-10-24,193047
2022-10-24,94304
2022-10-24,63159
2022-10-24,78020
2022-10-24,48855
2022-10-24,13710
2022-10-24,216135
2022-10-24,79020
2022-10-25,64724
2022-10-25,77064
2022-10-25,15210
2022-10-25,37735
2022-10-25,35820
2022-10-25,18307
2022-10-26,4798
2022-10-26,480
2022-10-26,30010
2022-10-26,565994
2022-10-26,3561
2022-10-26,105862
2022-10-26,326275
2022-10-26,49309
2022-10-26,792077
2022-10-27,44394
2022-10-27,179956
2022-10-27,105684
2022-10-27,158940
2022-10-27,3732
2022-10-27,28694
2022-10-27,112087
2022-10-28,42279
2022-10-28,156439
2022-10-28,15423
2022-10-28,98223
2022-10-28,375060
2022-10-28,2982428
2022-10-28,66741
2022-10-28,974187
2022-10-28,84717
2022-10-28,189295
2022-10-29,116882
2022-10-29,65865
2022-10-30,29582
2022-10-30,237038
2022-10-30,80998
2022-10-30,4364
2022-10-30,308237
2022-10-30,35217
2022-10-30,187672
2022-10-30,89107
2022-10-31,84435
2022-10-31,17411
2022-10-31,159934
2022-10-31,2273
2022-10-31,3439
2022-10-31,58322
2022-10-31,81769
2022-10-31,6328
2022-10-31,37848
2022-11-01,229276
2022-11-01,94727
2022-11-01,155149
2022-11-01,48943
2022-11-02,94654
2022-11-02,57923
2022-11-03,88067
2022-11-03,35565
2022-11-03,40664
2022-11-03,17538
2022-11-04,9558
2022-11-04,38764
2022-11-04,69792
2022-11-04,17753
2022-11-04,137318
2022-11-04,5602
2022-11-04,42822
2022-11-04,59094
2022-11-04,685400
2022-11-05,20693
2022-11-05,72714
2022-11-05,126826
2022-11-05,654975
2022-11-05,23504
2022-11-05,196241
2022-11-05,87701
2022-11-06,72407
2022-11-06,362317
2022-11-06,169073
2022-11-07,23513
2022-11-07,56785
2022-11-08,202701
2022-11-08,295634
2022-11-09,11720
2022-11-09,4656
2022-11-09,31621
2022-11-09,42036
2022-11-09,437927
2022-11-09,14469
2022-11-09,26252
2022-11-10,3954
2022-11-10,6434
2022-11-10,10095
2022-11-10,40366
2022-11-10,565
2022-11-10,10939
2022-11-10,11884
2022-11-10,78008
2022-11-11,6952
2022-11-11,13840
2022-11-11,130405
2022-11-11,393361
2022-11-12,15580
2022-11-12,192249
2022-11-12,305863
2022-11-12,217895
2022-11-12,78538
2022-11-12,272244
2022-11-12,63028
2022-11-12,330434
2022-11-12,4993
2022-11-12,106008
2022-11-12,169300
2022-11-12,97581
2022-11-13,534045
2022-11-13,26565
2022-11-13,58729
2022-11-13,7986
2022-11-13,150365
2022-11-13,8303
2022-11-13,190679
2022-11-13,33057
2022-11-14,52541
2022-11-14,39599
2022-11-14,145828
2022-11-14,67720
2022-11-14,94165
2022-11-14,613
2022-11-14,27641
2022-11-14,69047
2022-11-14,4729
2022-11-15,112115
2022-11-15,40507
2022-11-15,7920
2022-11-15,4384
2022-11-15,97652
2022-11-15,6180
2022-11-15,191612
2022-11-16,138074
2022-11-16,131652
2022-11-16,276139
2022-11-16,16899
2022-11-16,129994
2022-11-16,950
2022-11-17,63300
2022-11-17,50888
2022-11-17,9401
2022-11-17,271788
2022-11-17,77146
2022-11-17,25329
2022-11-18,1462
2022-11-18,111480
2022-11-18,23460
2022-11-18,304302
2022-11-18,206273
2022-11-18,142687
2022-11-18,20120
2022-11-19,4315
2022-11-19,17337
2022-11-19,49396
2022-11-19,24155
2022-11-19,15116
2022-11-19,400399
2022-11-19,54005
2022-11-20,4654
2022-11-20,34398
2022-11-20,149170
2022-11-20,95154
2022-11-20,8221
2022-11-20,1174
2022-11-20,71296
2022-11-20,27243
2022-11-21,55645
2022-11-21,74503
2022-11-21,15271
2022-11-21,12486
2022-11-21,21115
2022-11-21,306986
2022-11-21,1871
2022-11-21,546359
2022-11-21,8661
2022-11-21,52563
2022-11-21,24055
2022-11-21,254042
2022-11-22,167415
2022-11-22,8890
2022-11-22,176730
2022-11-23,179479
2022-11-23,7243
2022-11-23,247242
2022-11-23,64923
2022-11-23,58114
2022-11-23,72587
2022-11-23,36897
2022-11-23,119615
2022-11-24,100617
2022-11-24,32174
2022-11-24,341120
2022-11-24,96981
2022-11-24,26652
2022-11-24,3917
2022-11-24,59766
2022-11-24,9994
2022-11-25,3815
2022-11-25,100622
2022-11-25,33288
2022-11-25,235911
2022-11-25,25193
2022-11-25,41836
2022-11-25,19370
2022-11-25,76331
2022-11-25,11966
2022-11-26,8803
2022-11-26,172454
2022-11-26,177902
2022-11-26,31816
2022-11-26,216979
2022-11-26,98772
2022-11-26,192345
2022-11-26,168475
2022-11-26,47319
2022-11-26,11862
2022-11-26,20393
2022-11-27,93923
2022-11-27,111422
2022-11-27,26912
2022-11-27,79894
2022-11-27,7841
2022-11-27,77436
2022-11-27,13551
2022-11-27,79084
2022-11-27,11407
2022-11-27,20685
2022-11-28,7086
2022-11-28,874767
2022-11-28,36527
2022-11-28,22383
2022-11-28,7766
2022-11-29,102178
2022-11-29,52018
2022-11-29,222035
2022-11-29,64544
2022-11-30,93079
2022-11-30,50352
2022-11-30,52096
2022-11-30,54150
2022-11-30,65534
2022-11-30,23834
2022-11-30,163555
2022-12-01,74761
2022-12-01,90928
2022-12-01,17212
2022-12-01,55102
2022-12-01,99485
2022-12-02,170009
2022-12-02,164118
2022-12-02,103853
2022-12-02,53459
2022-12-02,41370
2022-12-02,72176
2022-12-02,4257
2022-12-02,45362
2022-12-02,408418
2022-12-03,18597
2022-12-03,48033
2022-12-03,298290
2022-12-03,119392
2022-12-04,265628
2022-12-04,17551
2022-12-04,38509
2022-12-04,968524
2022-12-04,74582
2022-12-05,104229
2022-12-05,16450
2022-12-05,34200
2022-12-05,54111
2022-12-05,196631
2022-12-06,47476
2022-12-06,37975
2022-12-07,1186869
2022-12-07,13164
2022-12-07,526082
2022-12-07,217740
2022-12-07,3007
2022-12-07,22672
2022-12-07,34097
2022-12-07,162285
2022-12-07,8293
2022-12-07,197868
2022-12-08,78091
2022-12-08,125631
2022-12-08,2580
2022-12-08,90242
2022-12-08,129663
2022-12-08,69590
2022-12-08,3137
2022-12-08,133991
2022-12-09,227321
2022-12-09,106160
2022-12-09,548557
2022-12-10,273580
2022-12-10,262729
2022-12-10,69559
2022-12-10,14009
2022-12-10,18601
2022-12-10,1463
2022-12-10,22516
2022-12-10,205829
2022-12-10,36724
2022-12-11,46750
2022-12-11,301545
2022-12-11,4205
2022-12-11,32855
2022-12-11,1051
2022-12-11,176765
2022-12-11,213220
2022-12-12,13080
2022-12-12,7430
2022-12-12,12905
2022-12-12,22395
2022-12-13,6371
2022-12-13,223983
2022-12-13,25031
2022-12-13,56155
2022-12-14,28087
2022-12-14,268062
2022-12-14,140893
2022-12-14,147259
2022-12-14,285816
2022-12-14,364404
2022-12-14,2747
2022-12-14,51933
2022-12-15,104728
2022-12-15,185480
2022-12-15,118134
2022-12-15,18986
2022-12-15,76469
2022-12-15,59808
2022-12-16,196918
2022-12-16,43356
2022-12-16,275605
2022-12-16,115538
2022-12-16,40541
2022-12-16,18636
2022-12-16,138479
2022-12-16,33212
2022-12-17,84093
2022-12-17,8583
2022-12-17,174759
2022-12-17,30041
2022-12-18,250022
2022-12-18,22046
2022-12-18,23796
2022-12-19,94546
2022-12-19,157650
2022-12-19,101904
2022-12-19,29698
2022-12-19,98058
2022-12-19,82502
2022-12-20,119251
2022-12-20,25108
2022-12-20,54001
2022-12-20,59786
2022-12-20,224296
2022-12-20,82251
2022-12-20,265592
2022-12-21,32614
2022-12-21,4644
2022-12-21,4615
2022-12-21,39308
2022-12-21,65472
2022-12-22,3069
2022-12-22,130137
2022-12-22,63
2022-12-22,18870
2022-12-22,147801
2022-12-22,33695
2022-12-22,216296
2022-12-22,154666
2022-12-23,129368
2022-12-23,437335
2022-12-23,26460
2022-12-23,123339
2022-12-23,3109
2022-12-23,63730
2022-12-23,400220
2022-12-24,17223
2022-12-24,43252
2022-12-24,3870
2022-12-24,113528
2022-12-24,2855
2022-12-24,92958
2022-12-25,50335
2022-12-25,10566
2022-12-25,354
2022-12-25,173669
2022-12-26,402868
2022-12-26,63356
2022-12-26,61400
2022-12-27,46088
2022-12-27,7383
2022-12-27,23907
2022-12-27,86908
2022-12-27,84857
2022-12-27,24092
2022-12-28,4382
2022-12-28,28782
2022-12-28,123068
2022-12-28,672164
2022-12-28,8621
2022-12-28,85747
2022-12-29,27646
2022-12-29,15695
2022-12-29,97320
2022-12-29,101894
2022-12-29,123897
2022-12-29,13101
2022-12-30,2183
2022-12-30,70690
2022-12-30,198711
2022-12-30,220165
2022-12-30,490734
2022-12-31,110532
2022-12-31,41681
2022-12-31,75664
2022-12-31,109847
2022-12-31,443798
2022-12-31,187003
2022-12-31,2388
2022-12-31,164101
2022-12-31,20645
2022-12-31,26621
2023-01-01,47952
2023-01-01,145851
2023-01-01,164461
2023-01-01,91151
2023-01-01,79644
2023-01-01,50383
2023-01-01,117432
2023-01-01,201569
2023-01-02,46163
2023-01-03,98642
2023-01-03,22062
2023-01-03,220889
2023-01-03,39808
2023-01-04,80217
2023-01-04,77611
2023-01-04,12576
2023-01-04,36638
2023-01-04,786
2023-01-05,8391
2023-01-05,43042
2023-01-05,42480
2023-01-05,234127
2023-01-05,23430
2023-01-05,211684
2023-01-05,82050
2023-01-06,524633
2023-01-06,36250
2023-01-06,51875
2023-01-06,633431
2023-01-06,497859
2023-01-07,113153
2023-01-07,99932
2023-01-07,391840
2023-01-07,72603
2023-01-07,181094
2023-01-07,115529
2023-01-07,28381
2023-01-07,14306
2023-01-07,157232
2023-01-07,45682
2023-01-08,514156
2023-01-08,29296
2023-01-08,60230
2023-01-08,6900
2023-01-08,35437
2023-01-08,47566
2023-01-08,233091
2023-01-08,65285
2023-01-08,137042
2023-01-08,82575
2023-01-09,166766
2023-01-09,18761
2023-01-09,18802
2023-01-09,245969
2023-01-09,9288
2023-01-09,3647
2023-01-10,542802
2023-01-10,32365
2023-01-10,73712
2023-01-10,81395
2023-01-10,145493
2023-01-10,48972
2023-01-10,14907
2023-01-10,63102
2023-01-11,32982
2023-01-11,48487
2023-01-11,41594
2023-01-11,84176
2023-01-11,6221
2023-01-12,16839
2023-01-12,112811
2023-01-12,173673
2023-01-12,9015
2023-01-12,89738
2023-01-12,97778
2023-01-12,83650
2023-01-13,55061
2023-01-13,12834
2023-01-13,72329
2023-01-13,38975
2023-01-13,2573
2023-01-13,74594
2023-01-14,27218
2023-01-14,59565
2023-01-14,170436
2023-01-14,27782
2023-01-14,92010
2023-01-14,147898
2023-01-14,182561
2023-01-14,359099
2023-01-14,14293
2023-01-15,167916
2023-01-15,20795
2023-01-15,151101
2023-01-15,269509
2023-01-15,58112
2023-01-16,462224
2023-01-16,128966
2023-01-16,13340
2023-01-16,151004
2023-01-16,214195
2023-01-16,41678
2023-01-16,177153
2023-01-17,114529
2023-01-17,61898
2023-01-17,114703
2023-01-17,136648
2023-01-17,137500
2023-01-17,39969
2023-01-17,301516
2023-01-18,58114
2023-01-18,33121
2023-01-18,389967
2023-01-18,21935
2023-01-18,12794
2023-01-18,46504
2023-01-18,107942
2023-01-19,99920
2023-01-19,29493
2023-01-19,6593
2023-01-19,88812
2023-01-19,45867
2023-01-19,118079
2023-01-19,17024
2023-01-20,7814
2023-01-20,118250
2023-01-20,98514
2023-01-20,170257
2023-01-20,477563
2023-01-21,46378
2023-01-21,71970
2023-01-21,95834
2023-01-21,501467
2023-01-21,27557
2023-01-21,4526
2023-01-21,87280
2023-01-21,52539
2023-01-21,41030
2023-01-22,207133
2023-01-22,130056
2023-01-22,7972
2023-01-22,225688
2023-01-22,8623
2023-01-22,170836
2023-01-22,46702
2023-01-22,92190
2023-01-23,10529
2023-01-24,11653
2023-01-24,139837
2023-01-24,97237
2023-01-24,70555
2023-01-24,861057
2023-01-24,7680
2023-01-24,47974
2023-01-24,4951
2023-01-25,11136
2023-01-25,6270
2023-01-25,69733
2023-01-25,58952
2023-01-25,1387
2023-01-25,59859
2023-01-25,8329
2023-01-26,6748
2023-01-26,8633
2023-01-26,186818
2023-01-26,3256
2023-01-26,33367
2023-01-26,67950
2023-01-26,130881
2023-01-26,109267
2023-01-27,62864
2023-01-27,53947
2023-01-27,93707
2023-01-27,231073
2023-01-27,791
2023-01-27,43003
2023-01-27,55829
2023-01-28,14490
2023-01-28,130413
2023-01-28,54196
2023-01-28,213513
2023-01-28,25844
2023-01-29,32890
2023-01-29,36615
2023-01-29,21273
2023-01-29,45599
2023-01-29,8260
2023-01-29,15990
2023-01-29,48047
2023-01-29,74567
2023-01-30,47403
2023-01-30,8767
2023-01-30,69281
2023-01-30,582708
2023-01-30,70611
2023-01-31,29631
2023-01-31,11573
2023-01-31,609
2023-01-31,42885
2023-01-31,23665
2023-01-31,3281
2023-01-31,26522
2023-02-01,28439
2023-02-01,17664
2023-02-01,40057
2023-02-01,43620
2023-02-01,99363
2023-02-01,2567
2023-02-01,1557
2023-02-02,79493
2023-02-02,22366
2023-02-02,34279
2023-02-02,10052
2023-02-02,19908
2023-02-02,69812
2023-02-02,43449
2023-02-02,70168
2023-02-02,149058
2023-02-02,29003
2023-02-02,89996
2023-02-02,55670
2023-02-03,105710
2023-02-03,60292
2023-02-03,33014
2023-02-03,79733
2023-02-03,22747
2023-02-03,134545
2023-02-03,44680
2023-02-03,38870
2023-02-03,30793
2023-02-03,101952
2023-02-03,82231
2023-02-04,31753
2023-02-04,46599
2023-02-04,771228
2023-02-04,365137
2023-02-04,45309
2023-02-04,72245
2023-02-04,101409
2023-02-05,73414
2023-02-05,6289
2023-02-05,8290
2023-02-05,58713
2023-02-05,45814
2023-02-05,14073
2023-02-05,66125
2023-02-05,141942
2023-02-05,246496
2023-02-07,18690
2023-02-07,57482
2023-02-08,33501
2023-02-08,53525
2023-02-08,2765
2023-02-08,62257
2023-02-08,146284
2023-02-08,125247
2023-02-08,141113
2023-02-09,247707
2023-02-09,16406
2023-02-09,35510
2023-02-09,140590
2023-02-09,298945
2023-02-10,40721
2023-02-10,5332
2023-02-10,3183
2023-02-10,50001
2023-02-10,7067
2023-02-10,31271
2023-02-11,60693
2023-02-11,70033
2023-02-11,831
2023-02-12,13055
2023-02-12,1422
2023-02-12,6220
2023-02-12,171383
2023-02-12,3622
2023-02-12,6418
2023-02-12,4596
2023-02-13,830367
2023-02-13,40218
2023-02-13,73198
2023-02-14,331955
2023-02-14,312618
2023-02-14,23590
2023-02-14,7445
2023-02-14,38733
2023-02-16,84643
2023-02-16,222461
2023-02-16,334879
2023-02-16,298222
2023-02-16,44025
2023-02-16,58165
2023-02-17,8440
2023-02-17,24559
2023-02-18,210920
2023-02-18,123121
2023-02-18,23281
2023-02-18,37632
2023-02-18,42793
2023-02-18,15666
2023-02-18,162775
2023-02-19,49071
2023-02-19,135589
2023-02-19,21991
2023-02-19,31679
2023-02-19,2298
2023-02-19,315930
2023-02-20,131676
2023-02-20,40984
2023-02-21,12478
2023-02-21,9451
2023-02-21,35990
2023-02-21,388613
2023-02-21,696724
2023-02-21,19746
2023-02-22,22256
2023-02-22,382400
2023-02-22,106583
2023-02-23,52029
2023-02-23,115500
2023-02-23,108501
2023-02-23,54954
2023-02-23,550
2023-02-23,15103
2023-02-23,152587
2023-02-24,53734
2023-02-24,129099
2023-02-24,29726
2023-02-24,1824
2023-02-25,65808
2023-02-25,98671
2023-02-26,23108
2023-02-26,15708
2023-02-26,6982
2023-02-27,24479
2023-02-28,47348
2023-02-28,47487
2023-03-01,42993
2023-03-01,39708
2023-03-01,4386
2023-03-01,57944
2023-03-02,31647
2023-03-02,114219
2023-03-02,10201
2023-03-02,140748
2023-03-03,38726
2023-03-03,373935
2023-03-03,10546
2023-03-03,455762
2023-03-03,29175
2023-03-03,13030
2023-03-03,67124
2023-03-03,56661
2023-03-04,53485
2023-03-04,203927
2023-03-04,5136
2023-03-04,103958
2023-03-04,58408
2023-03-05,73196
2023-03-05,45689
2023-03-05,45557
2023-03-05,73313
2023-03-05,16672
2023-03-06,166242
2023-03-06,679386
2023-03-06,246603
2023-03-07,18964
2023-03-07,51913
2023-03-07,36644
2023-03-07,126244
2023-03-07,136236
2023-03-08,64214
2023-03-08,49271
2023-03-08,5587
2023-03-08,90100
2023-03-08,20837
2023-03-09,269459
2023-03-09,118676
2023-03-09,34848
2023-03-09,28333
2023-03-09,46905
2023-03-09,138288
2023-03-10,188618
2023-03-10,78122
2023-03-10,70065
2023-03-11,186049
2023-03-11,3271
2023-03-11,119854
2023-03-11,18251
2023-03-11,272726
2023-03-11,65440
2023-03-11,38419
2023-03-12,67524
2023-03-12,22176
2023-03-12,20849
2023-03-12,26481
2023-03-12,707
2023-03-12,25815
2023-03-12,65710
2023-03-13,109996
2023-03-13,60044
2023-03-13,11130
2023-03-13,57232
2023-03-14,112612
2023-03-14,31919
2023-03-14,873
2023-03-14,90968
2023-03-15,80501
2023-03-15,13758
2023-03-15,423
2023-03-15,69079
2023-03-15,1210
2023-03-16,3030
2023-03-16,62184
2023-03-16,45219
2023-03-16,375
2023-03-16,430524
2023-03-17,13699
2023-03-17,25632
2023-03-17,181876
2023-03-17,903
2023-03-18,28194
2023-03-18,120122
2023-03-18,33522
2023-03-18,41592
2023-03-18,7097
2023-03-19,86419
2023-03-19,12752
2023-03-19,415459
2023-03-19,3283
2023-03-19,10998
2023-03-21,76342
2023-03-21,2150
2023-03-22,20705
2023-03-23,37615
2023-03-23,83805
2023-03-23,313388
2023-03-23,6260
2023-03-24,158987
2023-03-25,169065
2023-03-25,67402
2023-03-25,19642
2023-03-26,80445
2023-03-26,55323
2023-03-26,54414
2023-03-26,178285
2023-03-26,165064
2023-03-26,54862
2023-03-26,140325
2023-03-26,93603
2023-03-27,37011
2023-03-27,5472
2023-03-28,36764
2023-03-28,216628
2023-03-29,60508
2023-03-29,18635
2023-03-29,19610
2023-03-29,82515
2023-03-30,175800
2023-03-31,327880
2023-03-31,538
2023-03-31,2729
2023-04-01,19356
2023-04-01,64939
2023-04-01,28169
2023-04-01,181394
2023-04-01,118757
2023-04-01,6023
2023-04-01,21810
2023-04-01,73998
2023-04-01,12077
2023-04-02,29894
2023-04-02,152579
2023-04-02,391347
2023-04-02,46281
2023-04-02,28800
2023-04-03,131297
2023-04-04,32002
2023-04-04,40639
2023-04-05,32597
2023-04-05,116526
2023-04-05,154479
2023-04-06,2762
2023-04-06,119927
2023-04-07,61274
2023-04-07,21596
2023-04-07,94945
2023-04-07,14761
2023-04-08,44808
2023-04-08,43989
2023-04-08,102546
2023-04-09,479
2023-04-09,17734
2023-04-09,23951
2023-04-10,34923
2023-04-10,52381
2023-04-11,17766
2023-04-11,115462
2023-04-11,60056
2023-04-11,15783
2023-04-11,29532
2023-04-12,7718
2023-04-12,109803
2023-04-12,352129
2023-04-12,121645
2023-04-12,259123
2023-04-13,80845
2023-04-14,2518
2023-04-14,33071
2023-04-14,12386
2023-04-14,25771
2023-04-14,234384
2023-04-14,24869
2023-04-15,40665
2023-04-15,53449
2023-04-15,221263
2023-04-16,76379
2023-04-16,12198
2023-04-16,16852
2023-04-16,91120
2023-04-17,382729
2023-04-17,80581
2023-04-17,22462
2023-04-17,51638
2023-04-18,1835
2023-04-18,226809
2023-04-18,42846
2023-04-19,38121
2023-04-19,75913
2023-04-19,654
2023-04-19,61310
2023-04-19,39906
2023-04-19,104961
2023-04-19,42842
2023-04-20,944847
2023-04-20,25325
2023-04-20,47810
2023-04-20,22106
2023-04-20,16418
2023-04-20,7097
2023-04-21,209194
2023-04-21,156774
2023-04-21,243468
2023-04-21,133614
2023-04-21,285050
2023-04-21,135598
2023-04-21,33281
2023-04-21,202542
2023-04-21,54004
2023-04-22,11866
2023-04-22,923
2023-04-22,52443
2023-04-22,36373
2023-04-22,87871
2023-04-23,17303
2023-04-23,110534
2023-04-23,421
2023-04-24,51843
2023-04-24,87155
2023-04-24,79317
2023-04-25,15867
2023-04-25,150417
2023-04-25,167874
2023-04-25,56937
2023-04-25,51039
2023-04-25,24191
2023-04-25,113091
2023-04-25,26866
2023-04-25,54915
2023-04-26,47588
2023-04-27,198526
2023-04-27,103336
2023-04-28,123955
2023-04-28,40815
2023-04-28,21361
2023-04-28,35852
2023-04-28,16168
2023-04-28,152078
2023-04-28,86635
2023-04-28,113867
2023-04-28,3380
2023-04-28,49406
2023-04-29,9403
2023-04-29,408241
2023-04-29,18918
2023-04-29,24013
2023-04-29,24494
2023-04-29,102
2023-04-29,199744
2023-04-29,65031
2023-04-30,76205
2023-04-30,85268
2023-04-30,123207
2023-04-30,572
2023-04-30,1206350
2023-04-30,135768
2023-04-30,354690
2023-04-30,82672
2023-04-30,70135
2023-04-30,26524
2023-05-01,115326
2023-05-01,13277
2023-05-01,8568
2023-05-01,195187
2023-05-01,117826
2023-05-01,13838
2023-05-01,1872
2023-05-01,65924
2023-05-01,80017
2023-05-01,272577
2023-05-02,45913
2023-05-02,171583
2023-05-02,437782
2023-05-02,6056
2023-05-02,47635
2023-05-03,127609
2023-05-03,109794
2023-05-03,10392
2023-05-04,1910
2023-05-04,14272
2023-05-04,60781
2023-05-04,167363
2023-05-05,55003
2023-05-05,54396
2023-05-05,147008
2023-05-05,4934
2023-05-05,42206
2023-05-05,141579
2023-05-06,14208
2023-05-06,69997
2023-05-07,205
2023-05-07,81212
2023-05-07,216617
2023-05-07,91275
2023-05-08,38494
2023-05-08,53702
2023-05-08,9090
2023-05-08,8156
2023-05-09,13729
2023-05-09,97008
2023-05-09,22499
2023-05-09,255078
2023-05-09,18057
2023-05-09,4386
2023-05-09,127104
2023-05-10,194952
2023-05-10,82045
2023-05-10,14427
2023-05-10,15669
2023-05-10,111270
2023-05-11,26125
2023-05-11,210097
2023-05-11,1201
2023-05-11,34671
2023-05-11,50005
2023-05-11,50564
2023-05-12,73426
2023-05-12,36256
2023-05-12,18468
2023-05-12,81025
2023-05-12,269276
2023-05-13,21963
2023-05-13,59369
2023-05-13,755
2023-05-13,3387
2023-05-13,335894
2023-05-14,14529
2023-05-14,5629
2023-05-15,43433
2023-05-15,83065
2023-05-15,76916
2023-05-16,2529
2023-05-17,162681
2023-05-17,25528
2023-05-17,21373
2023-05-17,3503
2023-05-17,975
2023-05-17,2221
2023-05-17,70288
2023-05-17,52712
2023-05-18,3493
2023-05-18,23287
2023-05-18,24333
2023-05-19,43987
2023-05-19,60760
2023-05-19,8156
2023-05-19,144833
2023-05-19,352784
2023-05-19,286657
2023-05-19,94485
2023-05-19,64710
2023-05-19,33183
2023-05-19,476
2023-05-19,14741
2023-05-20,106655
2023-05-20,21645
2023-05-20,8111
2023-05-20,22680
2023-05-20,67612
2023-05-21,29216
2023-05-21,58376
2023-05-21,131018
2023-05-21,67714
2023-05-21,32218
2023-05-22,152815
2023-05-23,74405
2023-05-23,57203
2023-05-23,55336
2023-05-23,325854
2023-05-24,650316
2023-05-24,7191
2023-05-25,5281
2023-05-26,145193
2023-05-27,434626
2023-05-27,33445
2023-05-27,98283
2023-05-27,70029
2023-05-28,6339
2023-05-28,179597
2023-05-28,14301
2023-05-30,47268
2023-05-30,170459
2023-05-31,46598
2023-06-01,58328
2023-06-01,145779
2023-06-01,24279
2023-06-01,6871
2023-06-01,10379
2023-06-01,215829
2023-06-02,325549
2023-06-02,14010
2023-06-02,117440
2023-06-02,133885
2023-06-02,57364
2023-06-02,70852
2023-06-03,86654
2023-06-03,137385
2023-06-03,19481
2023-06-03,187478
2023-06-04,3979
2023-06-04,5656
2023-06-05,198285
2023-06-05,147866
2023-06-05,3627
2023-06-05,42030
2023-06-05,99571
2023-06-05,12378
2023-06-06,4104
2023-06-06,74111
2023-06-06,21463
2023-06-06,209936
2023-06-06,12643
2023-06-06,50707
2023-06-06,605620
2023-06-07,365479
2023-06-07,43037
2023-06-07,144039
2023-06-07,61950
2023-06-08,79704
2023-06-08,54238
2023-06-08,268141
2023-06-08,165843
2023-06-08,504
2023-06-09,51978
2023-06-09,174867
2023-06-09,46582
2023-06-09,5370
2023-06-09,794
2023-06-10,35730
2023-06-10,70858
2023-06-10,96929
2023-06-10,43991
2023-06-10,18564
2023-06-10,50259
2023-06-11,239287
2023-06-11,89590
2023-06-11,22062
2023-06-12,104122
2023-06-13,601
2023-06-13,220949
2023-06-14,102636
2023-06-14,1446
2023-06-14,9585
2023-06-15,95761
2023-06-15,1782
2023-06-15,68766
2023-06-15,113546
2023-06-15,13462
2023-06-16,769378
2023-06-16,110960
2023-06-16,1172
2023-06-16,155815
2023-06-16,57174
2023-06-16,47214
2023-06-17,89187
2023-06-17,49427
2023-06-17,14028
2023-06-17,101201
2023-06-17,102893
2023-06-18,250658
2023-06-18,92005
2023-06-18,88081
2023-06-18,295343
2023-06-18,37631
2023-06-19,4008
2023-06-19,12258
2023-06-19,43231
2023-06-19,544390
2023-06-20,36497
2023-06-20,451417
2023-06-20,43592
2023-06-20,41775
2023-06-20,42145
2023-06-21,2381
2023-06-21,107639
2023-06-21,296983
2023-06-22,62623
2023-06-22,75583
2023-06-22,79404
2023-06-22,1028
2023-06-23,19209
2023-06-24,20670
2023-06-24,88983
2023-06-25,91519
2023-06-25,28734
2023-06-26,125152
2023-06-26,233353
2023-06-26,24375
2023-06-26,103877
2023-06-26,61190
2023-06-26,145458
2023-06-26,8887
2023-06-26,230644
2023-06-26,98071
2023-06-26,18094
2023-06-26,59721
2023-06-26,127017
2023-06-27,185684
2023-06-27,45558
2023-06-27,14376
2023-06-27,77965
2023-06-27,2224
2023-06-27,56961
2023-06-27,59540
2023-06-27,37217
2023-06-27,232337
2023-06-27,114321
2023-06-27,358919
2023-06-27,26502
2023-06-28,119181
2023-06-28,65333
2023-06-28,119289
2023-06-28,559635
2023-06-28,114727
2023-06-28,91066
2023-06-28,175351
2023-06-29,80743
2023-06-29,46209
2023-06-30,54627
2023-06-30,32781
2023-06-30,140822
2023-06-30,21706
2023-06-30,128082
2023-06-30,4227
2023-06-30,169490
2023-06-30,56834
2023-06-30,228121
2023-07-01,57478
2023-07-01,103105
2023-07-01,49385
2023-07-01,25533
2023-07-01,31025
2023-07-02,18967
2023-07-02,40164
2023-07-02,53099
2023-07-02,46903
2023-07-02,262155
2023-07-02,211724
2023-07-02,8051
2023-07-03,217452
2023-07-03,24932
2023-07-03,120241
2023-07-03,76277
2023-07-03,150173
2023-07-03,15826
2023-07-03,23533
2023-07-03,36026
2023-07-03,98084
2023-07-03,33485
2023-07-03,36933
2023-07-04,188772
2023-07-04,401888
2023-07-04,36756
2023-07-04,48611
2023-07-04,24259
2023-07-04,108679
2023-07-05,32067
2023-07-05,214790
2023-07-06,189895
2023-07-06,156909
2023-07-06,110792
2023-07-07,26505
2023-07-07,24660
2023-07-08,135219
2023-07-08,94
2023-07-08,230483
2023-07-08,77255
2023-07-08,76008
2023-07-08,39097
2023-07-09,145640
2023-07-10,87651
2023-07-11,334633
2023-07-11,10207
2023-07-11,88020
2023-07-12,39975
2023-07-12,105155
2023-07-13,486690
2023-07-14,11154
2023-07-14,70558
2023-07-14,3322
2023-07-14,215847
2023-07-14,79012
2023-07-14,19457
2023-07-14,11132
2023-07-14,1050
2023-07-14,2942
2023-07-15,27330
2023-07-15,23180
2023-07-15,1939
2023-07-15,54528
2023-07-15,303349
2023-07-15,64676
2023-07-15,50927
2023-07-15,550130
2023-07-16,75542
2023-07-16,50955
2023-07-17,43740
2023-07-17,193072
2023-07-17,89732
2023-07-17,22772
2023-07-18,54960
2023-07-18,127748
2023-07-19,57021
2023-07-19,365729
2023-07-20,6990
2023-07-20,88612
2023-07-20,26069
2023-07-20,1878
2023-07-20,56745
2023-07-21,85332
2023-07-21,145735
2023-07-21,36707
2023-07-22,465717
2023-07-23,24117
2023-07-23,14941
2023-07-23,159866
2023-07-24,72208
2023-07-24,116255
2023-07-25,479784
2023-07-25,69658
2023-07-25,691
2023-07-26,106368
2023-07-27,2667
2023-07-27,100625
2023-07-28,64622
2023-07-28,14573
2023-07-28,65260
2023-07-28,23916
2023-07-29,61397
2023-07-29,231047
2023-07-29,193928
2023-07-29,33342
2023-07-30,9266
2023-08-01,471205
2023-08-01,27492
2023-08-02,46984
2023-08-02,353870
2023-08-02,22654
2023-08-02,63582
2023-08-02,53167
2023-08-02,36322
2023-08-03,15218
2023-08-03,54892
2023-08-03,69319
2023-08-04,2273
2023-08-04,60946
2023-08-04,234738
2023-08-05,46024
2023-08-05,183751
2023-08-05,71674
2023-08-05,816
2023-08-05,62296
2023-08-05,69110
2023-08-05,10580
2023-08-05,77938
2023-08-06,5854
2023-08-06,1805
2023-08-07,54770
2023-08-07,156153
2023-08-07,120811
2023-08-08,256752
2023-08-08,121533
2023-08-08,199054
2023-08-08,46806
2023-08-08,525324
2023-08-08,36873
2023-08-08,363
2023-08-09,30016
2023-08-09,929
2023-08-09,13150
2023-08-10,524
2023-08-10,202905
2023-08-10,27365
2023-08-10,183449
2023-08-10,151130
2023-08-11,184924
2023-08-11,53518
2023-08-11,649
2023-08-11,2121
2023-08-11,557
2023-08-12,2621
2023-08-12,2301
2023-08-12,64667
2023-08-13,846
2023-08-14,791089
2023-08-14,15475
2023-08-14,15530
2023-08-15,1582
2023-08-15,59354
2023-08-15,6270
2023-08-17,11716
2023-08-17,750
2023-08-17,83335
2023-08-18,365
2023-08-18,49650
2023-08-18,14057
2023-08-18,1573
2023-08-18,202189
2023-08-19,105300
2023-08-19,537716
2023-08-19,41247
2023-08-19,143276
2023-08-19,16204
2023-08-20,10301
2023-08-20,11839
2023-08-20,674
2023-08-20,457966
2023-08-21,269482
2023-08-21,430
2023-08-21,22828
2023-08-22,64418
2023-08-22,466
2023-08-22,17903
2023-08-23,17283
2023-08-23,274561
2023-08-24,73701
2023-08-25,28248
2023-08-25,125114
2023-08-25,49800
2023-08-26,267968
2023-08-26,3211
2023-08-26,12005
2023-08-27,24056
2023-08-27,41500
2023-08-27,131875
2023-08-28,139132
2023-08-30,5163
2023-08-31,50497
2023-09-01,127634
2023-09-02,47573
2023-09-03,58643
2023-09-03,307101
2023-09-04,350624
2023-09-04,141925
2023-09-05,34838
2023-09-05,170073
2023-09-06,23458
2023-09-06,26478
2023-09-06,193610
2023-09-06,15081
2023-09-07,49546
2023-09-08,16221
2023-09-09,291544
2023-09-09,65625
2023-09-10,31079
2023-09-13,56678
2023-09-13,33862
2023-09-14,286563
2023-09-15,1662
2023-09-19,74707
2023-09-20,55414
2023-09-20,30160
2023-09-21,55050
2023-09-22,13416
2023-09-22,72108
2023-09-22,79777
2023-09-23,90930
2023-09-23,22340
2023-09-24,51690
2023-09-24,11397
2023-09-24,43595
2023-09-24,252919
2023-09-25,2962
2023-09-25,43628
2023-09-25,28078
2023-09-28,337083
2023-09-29,962
2023-10-01,67079
2023-10-03,58489
2023-10-03,4783
2023-10-04,96922
2023-10-04,43831
2023-10-04,334
2023-10-06,546701
2023-10-08,41594
2023-10-11,501
2023-10-13,63547
2023-10-13,45577
2023-10-14,66461
2023-10-14,39486
2023-10-16,45186
2023-10-17,74482
2023-10-20,301190
2023-10-20,27902
2023-10-21,67749
2023-10-23,1134
2023-10-23,14012
2023-10-24,1166
2023-10-25,14901
2023-10-25,393667
2023-10-25,7630
2023-10-25,16751
2023-10-26,48119
2023-10-29,664007
2023-10-30,20351
2023-10-30,14731
2023-10-31,25541
2023-10-31,18447
2023-10-31,23020
2023-11-01,39958
2023-11-02,29394
2023-11-02,144988
2023-11-03,276680
2023-11-05,44232
2023-11-08,9062
2023-11-09,73836
2023-11-09,135884
2023-11-09,131
2023-11-09,44232
2023-11-10,40643
2023-11-11,1340
2023-11-12,324306
2023-11-12,712445
2023-11-12,24897
2023-11-12,24489
2023-11-13,957479
2023-11-14,240257
2023-11-14,72194
2023-11-14,101108
2023-11-14,79
2023-11-15,42180
2023-11-16,50281
2023-11-19,86381
2023-11-19,84898
2023-11-21,55180
2023-11-21,23488
2023-11-22,32784
2023-11-22,202491
2023-11-23,48951
2023-11-24,112774
2023-11-24,52766
2023-11-25,100935
2023-11-25,27662
2023-11-25,14327
2023-11-26,120897
2023-11-26,30369
2023-11-28,116260
2023-11-28,15984
2023-11-30,211986
2023-12-01,141184
2023-12-01,64821
2023-12-01,19082
2023-12-02,9511
2023-12-03,51483
2023-12-04,35322
2023-12-04,271
2023-12-04,32352
2023-12-04,92257
2023-12-06,556615
2023-12-07,45564
2023-12-07,48156
2023-12-07,138767
2023-12-08,27674
2023-12-08,164107
2023-12-09,26422
2023-12-09,21096
2023-12-10,225264
2023-12-11,2759
2023-12-14,35803
2023-12-15,33569
2023-12-16,74698
2023-12-16,6704
2023-12-16,203
2023-12-17,69501
2023-12-18,102231
2023-12-19,112497
2023-12-19,166561
2023-12-19,91906
2023-12-20,44065
2023-12-20,250968
2023-12-20,39281
2023-12-21,9939
2023-12-21,67446
2023-12-22,108013
2023-12-22,140793
2023-12-22,52028
2023-12-22,160746
2023-12-22,96941
2023-12-22,81395
2023-12-23,125872
2023-12-23,44587
2023-12-24,265749
2023-12-24,110249
2023-12-25,149
2023-12-25,100778
2023-12-26,232156
2023-12-26,42733
2023-12-26,61274
2023-12-27,66380
2023-12-27,117596
2023-12-28,28434
2023-12-28,27567
2023-12-28,319014
2023-12-28,65593
2023-12-29,98346
2023-12-29,43297
2023-12-29,14260
2023-12-30,78386
2023-12-30,192305
2023-12-30,97429
2023-12-30,273108
2023-12-31,194298
2023-12-31,105068
2024-01-01,127638
2024-01-01,553575
2024-01-02,50494
2024-01-04,109705
2024-01-04,126954
2024-01-05,171267
2024-01-05,45933
2024-01-06,192665
2024-01-07,84171
2024-01-08,434903
2024-01-08,41980
2024-01-09,355201
2024-01-09,40422
2024-01-09,12303
2024-01-09,84843
2024-01-09,23217
2024-01-10,13633
2024-01-10,99757
2024-01-11,26166
2024-01-11,8611
2024-01-11,146
2024-01-12,107260
2024-01-12,129382
2024-01-12,193872
2024-01-12,78238
2024-01-12,44948
2024-01-12,126618
2024-01-12,62748
2024-01-13,16109
2024-01-13,35395
2024-01-13,332
2024-01-13,80054
2024-01-14,102017
2024-01-14,66333
2024-01-14,189632
2024-01-15,49240
2024-01-15,20567
2024-01-15,82575
2024-01-16,63016
2024-01-16,33690
2024-01-16,143818
2024-01-16,51916
2024-01-16,219626
2024-01-20,158336
2024-01-20,24258
2024-01-21,197089
2024-01-22,132
2024-01-22,54446
2024-01-23,567
2024-01-24,27039
2024-01-24,196209
2024-01-24,245931
2024-01-24,455246
2024-01-25,68561
2024-01-26,44531
2024-01-26,47058
2024-01-27,198690
2024-01-28,114099
2024-01-29,3677
2024-01-30,13570
2024-02-01,130317
2024-02-01,1733
2024-02-02,33989
2024-02-02,108211
2024-02-02,226228
2024-02-03,139495
2024-02-03,64265
2024-02-04,340089
2024-02-04,91991
2024-02-05,54876
2024-02-06,4924
2024-02-07,59795
2024-02-07,139311
