pubdate,title,review,arcurl,aid
2016-12-14,SWINã€Šåªå› ä½ å¤ªç¾ã€‹ç»ƒä¹ å®¤å®Œæ•´ç‰ˆ,8299,http://www.bilibili.com/video/av7519817,7519817
2017-09-27,äº¬ä¸œèšé¤ä¸Šï¼Œå¥³å‘˜å·¥å‘åˆ˜å¼ºä¸œè¯´è‡ªå·±æ€€å­•äº†ï¼Œåˆ˜å¼ºä¸œçš„ååº”è®©å‘˜å·¥å“å°¿äº†ã€‚ã€‚ã€‚,8313,http://www.bilibili.com/video/av14858016,14858016
2018-02-08,ã€è”¡å¾å¤ã€‘å·¨è™ç²‰è™å¿ƒè§†é¢‘å ªæ¯”çœ¼è¯æ°´ï¼ç™¾ä¸‡ç²‰ä¸çœ‹å®Œç«Ÿå…¨éƒ¨è½æ³ªï¼,8727,http://www.bilibili.com/video/av19329146,19329146
2018-04-22,-1,322,-1,-1
2018-05-01,ã€åˆ˜è€å¸ˆã€‘é€†å¤©åæ§½è”¡å¾å¤è¢«å¥³å­©å­æ¬ºè´Ÿçš„é’æ˜¥å¶åƒå‰§ã€Šæˆ‘æ‰ä¸ä¼šè¢«å¥³å­©å­æ¬ºè´Ÿå‘¢ã€‹,8207,http://www.bilibili.com/video/av22802047,22802047
2018-05-10,-1,7696,-1,-1
2018-05-25,-1,239,-1,-1
2018-05-26,-1,460,-1,-1
2018-08-26,-1,6005,-1,-1
2018-11-28,-1,1696,-1,-1
2018-11-29,-1,766,-1,-1
2018-11-30,-1,446,-1,-1
2018-12-29,-1,290,-1,-1
2019-01-02,-1,2280,-1,-1
2019-01-26,-1,2222,-1,-1
2019-01-30,-1,4176,-1,-1
2019-02-13,-1,344,-1,-1
2019-02-14,è”¡å¾å¤æ‰“çƒå¾ˆèœï¼Ÿå–·å­ä»¬éƒ½æ¥çœ‹çœ‹å§,21593,http://www.bilibili.com/video/av43514593,43514593
2019-02-16,-1,3416,-1,-1
2019-02-18,-1,5816,-1,-1
2019-02-22,ã€å¤§äº‹ä»¶ã€‘è°¢å¹¿å¤æ‹¿ä¸‹é¡¶çº§æµé‡ï¼Œç†æ€§ikunå±¡å»ºå¥‡åŠŸ æš´èµ°å¤§äº‹ä»¶ç¬¬å…­å­£ 08,8654,http://www.bilibili.com/video/av44388377,44388377
2019-02-24,å–·è”¡å¾å¤çš„ç›´æ¥æ»šè¿›æ¥è¡Œå—ï¼Ÿè¿™æ‰æ˜¯ä»–çœŸæ­£çš„å®åŠ›ï¼ï¼ï¼,13684,http://www.bilibili.com/video/av44589850,44589850
2019-02-26,ã€è”¡å¾å¤æ‰‹ä¹¦ã€‘Fly Me to the Star,22897,http://www.bilibili.com/video/av44793800,44793800
2019-02-27,-1,4879,-1,-1
2019-03-01,-1,6682,-1,-1
2019-03-03,-1,153,-1,-1
2019-03-07,-1,263,-1,-1
2019-03-08,-1,7460,-1,-1
2019-03-09,-1,5376,-1,-1
2019-03-12,-1,4834,-1,-1
2019-03-16,-1,3652,-1,-1
2019-03-18,-1,6079,-1,-1
2019-03-22,-1,3510,-1,-1
2019-03-23,-1,958,-1,-1
2019-03-23,-1,3842,-1,-1
2019-03-24,-1,1301,-1,-1
2019-03-25,-1,1389,-1,-1
2019-03-26,-1,7079,-1,-1
2019-03-26,æ‰‹ç»˜700å¸§ï¼å®Œç¾è¿˜åŸè”¡å¾å¤æ‰“ç¯®çƒï¼é¸¡ä½ å¤ªç¾~,33037,http://www.bilibili.com/video/av47441335,47441335
2019-03-27,-1,4309,-1,-1
2019-03-27,-1,3209,-1,-1
2019-03-28,-1,2681,-1,-1
2019-03-29,-1,4822,-1,-1
2019-03-29,-1,1940,-1,-1
2019-03-29,-1,4049,-1,-1
2019-03-29,-1,1951,-1,-1
2019-03-29,-1,6360,-1,-1
2019-03-30,-1,1341,-1,-1
2019-03-30,-1,1752,-1,-1
2019-03-31,-1,7445,-1,-1
2019-03-31,è¿œå¤è§†é¢‘,8331,http://www.bilibili.com/video/av47923981,47923981
2019-04-01,-1,3544,-1,-1
2019-04-01,-1,4815,-1,-1
2019-04-02,-1,4727,-1,-1
2019-04-03,-1,2012,-1,-1
2019-04-04,-1,2350,-1,-1
2019-04-04,-1,397,-1,-1
2019-04-05,-1,3809,-1,-1
2019-04-05,-1,1543,-1,-1
2019-04-05,-1,2414,-1,-1
2019-04-05,-1,5693,-1,-1
2019-04-05,-1,2837,-1,-1
2019-04-05,-1,950,-1,-1
2019-04-05,-1,1900,-1,-1
2019-04-05,è”¡å¾å¤åŸç‰ˆï¼Œé¸¡ä½ å¤ªç¾ï½,7785,http://www.bilibili.com/video/av48380566,48380566
2019-04-06,-1,2704,-1,-1
2019-04-07,-1,2330,-1,-1
2019-04-08,-1,3358,-1,-1
2019-04-08,-1,3603,-1,-1
2019-04-09,ã€è”¡å¾å¤ã€‘æ”¾è¡ä¸ç¾ç”µéŸ³ä¹‹èˆ,28943,http://www.bilibili.com/video/av48828477,48828477
2019-04-09,-1,2193,-1,-1
2019-04-09,-1,1049,-1,-1
2019-04-09,-1,3172,-1,-1
2019-04-09,è”¡å¾å¤è¢«ç¯®çƒæš´æ‰“,14813,http://www.bilibili.com/video/av48788630,48788630
2019-04-09,-1,1246,-1,-1
2019-04-09,-1,2175,-1,-1
2019-04-11,-1,1069,-1,-1
2019-04-11,-1,2356,-1,-1
2019-04-11,-1,3297,-1,-1
2019-04-11,-1,3771,-1,-1
2019-04-12,-1,7426,-1,-1
2019-04-12,ã€å…­å°é¾„ç«¥vsè”¡å¾å¤ã€‘å›åº”è¢«bç«™é¬¼ç•œçš„ååº”ï¼Œé«˜ä¸‹ç«‹åˆ¤ï¼Œä»€ä¹ˆå«è€è‰ºæœ¯å®¶å•Šï¼Ÿ,16034,http://www.bilibili.com/video/av49103211,49103211
2019-04-12,-1,2678,-1,-1
2019-04-13,-1,2984,-1,-1
2019-04-13,-1,4556,-1,-1
2019-04-13,-1,4250,-1,-1
2019-04-13,-1,4314,-1,-1
2019-04-13,-1,4943,-1,-1
2019-04-13,-1,1110,-1,-1
2019-04-14,-1,6821,-1,-1
2019-04-14,-1,4960,-1,-1
2019-04-14,-1,4217,-1,-1
2019-04-14,-1,3584,-1,-1
2019-04-14,-1,6313,-1,-1
2019-04-14,-1,6343,-1,-1
2019-04-14,-1,5204,-1,-1
2019-04-15,-1,3142,-1,-1
2019-04-15,-1,6475,-1,-1
2019-04-15,-1,1683,-1,-1
2019-04-15,é¥­åœˆæŠŠBç«™æ±¡æŸ“æˆä»€ä¹ˆæ ·äº†ï¼Ÿè‡´é‚£äº›ä»¥çˆ±ä¹‹åæ§æ€è‡ªå·±çˆ±è±†çš„é¥­åœˆäººä»¬,25295,http://www.bilibili.com/video/av49432951,49432951
2019-04-15,-1,1157,-1,-1
2019-04-15,-1,387,-1,-1
2019-04-15,-1,681,-1,-1
2019-04-16,-1,2489,-1,-1
2019-04-16,è”¡å¾å¤åŸç‰ˆæ— ç‰¹æ•ˆæ‰“ç¯®çƒè§†é¢‘,10169,http://www.bilibili.com/video/av49559595,49559595
2019-04-16,-1,314,-1,-1
2019-04-16,-1,1629,-1,-1
2019-04-16,-1,3471,-1,-1
2019-04-16,-1,3415,-1,-1
2019-04-16,ã€é¸¡ä½ å¤ªç¾ã€‘ç‹å¦ƒ,9050,http://www.bilibili.com/video/av49470985,49470985
2019-04-16,-1,1761,-1,-1
2019-04-17,-1,642,-1,-1
2019-04-17,-1,3867,-1,-1
2019-04-17,-1,3839,-1,-1
2019-04-17,-1,1153,-1,-1
2019-04-18,-1,1072,-1,-1
2019-04-18,-1,1323,-1,-1
2019-04-18,-1,1299,-1,-1
2019-04-18,-1,3182,-1,-1
2019-04-18,-1,1129,-1,-1
2019-04-19,-1,1922,-1,-1
2019-04-19,-1,1872,-1,-1
2019-04-19,-1,1054,-1,-1
2019-04-20,-1,1756,-1,-1
2019-04-20,-1,1778,-1,-1
2019-04-20,è¢«å¤§20å²å¯Œå©†çœ‹ä¸Šï¼Ÿï¼ç›¸äº²è§’åˆ°åº•æ˜¯æ€ä¹ˆæ ·çš„ï¼Ÿ,24612,http://www.bilibili.com/video/av49816883,49816883
2019-04-20,ã€ç‰¹æ•ˆå‘ã€‘è”¡å¾å¤VSå…¨æ˜æ˜Ÿ,8273,http://www.bilibili.com/video/av49868991,49868991
2019-04-20,-1,1129,-1,-1
2019-04-20,-1,1251,-1,-1
2019-04-22,-1,2599,-1,-1
2019-04-22,-1,1204,-1,-1
2019-04-23,-1,504,-1,-1
2019-04-25,-1,5695,-1,-1
2019-04-25,-1,2845,-1,-1
2019-04-26,-1,2722,-1,-1
2019-04-27,-1,1512,-1,-1
2019-04-28,-1,854,-1,-1
2019-04-29,-1,6301,-1,-1
2019-04-29,-1,2388,-1,-1
2019-04-30,-1,3626,-1,-1
2019-04-30,-1,780,-1,-1
2019-04-30,-1,1554,-1,-1
2019-05-01,-1,3033,-1,-1
2019-05-02,-1,1706,-1,-1
2019-05-02,-1,6717,-1,-1
2019-05-02,-1,1941,-1,-1
2019-05-03,-1,1774,-1,-1
2019-05-03,-1,2748,-1,-1
2019-05-03,-1,1269,-1,-1
2019-05-03,-1,1111,-1,-1
2019-05-03,-1,1190,-1,-1
2019-05-04,ä½ è¿™é²²é²²å·²ç»ä¼šå‹¾å¼•äººï¼Ÿ,12057,http://www.bilibili.com/video/av51442604,51442604
2019-05-05,ç”¨3000æ ¹ç«æŸ´ç»˜æˆå¤å¤æ‰“ç¯®çƒï¼Œç‚¹ç‡ƒçš„é‚£ä¸€ç¬é—´ï¼Œé¸¡ä½ å¤ªç¾ï¼,8317,http://www.bilibili.com/video/av51570615,51570615
2019-05-05,-1,1054,-1,-1
2019-05-08,åªå› ä½ å¤ªç¾ï¼ˆé¸¡ä½ å¤ªç¾ï¼‰åŸç‰ˆ,15811,http://www.bilibili.com/video/av51818204,51818204
2019-05-09,-1,2565,-1,-1
2019-05-10,-1,1434,-1,-1
2019-05-10,-1,3289,-1,-1
2019-05-10,-1,716,-1,-1
2019-05-13,-1,1922,-1,-1
2019-05-13,-1,2243,-1,-1
2019-05-13,-1,952,-1,-1
2019-05-13,-1,659,-1,-1
2019-05-14,-1,440,-1,-1
2019-05-15,åˆ å¤œ é²² é“ƒ,9882,http://www.bilibili.com/video/av52530904,52530904
2019-05-18,-1,2466,-1,-1
2019-05-19,-1,789,-1,-1
2019-05-23,é¬¼ç•œåŒºUPè¢«ikunéª‚åˆ°è‡ªé—­ï¼ˆè¯»ç§ä¿¡ï¼‰,28119,http://www.bilibili.com/video/av53347911,53347911
2019-05-24,-1,396,-1,-1
2019-05-25,-1,1117,-1,-1
2019-05-25,-1,2093,-1,-1
2019-05-28,-1,671,-1,-1
2019-05-30,-1,1819,-1,-1
2019-05-30,-1,1067,-1,-1
2019-05-31,-1,2082,-1,-1
2019-05-31,-1,1611,-1,-1
2019-06-05,-1,841,-1,-1
2019-06-06,-1,3778,-1,-1
2019-06-06,-1,2892,-1,-1
2019-06-06,-1,6949,-1,-1
2019-06-07,-1,3201,-1,-1
2019-06-07,-1,989,-1,-1
2019-06-07,-1,841,-1,-1
2019-06-08,-1,1140,-1,-1
2019-06-08,-1,840,-1,-1
2019-06-09,-1,1986,-1,-1
2019-06-10,-1,366,-1,-1
2019-06-14,-1,707,-1,-1
2019-06-17,-1,1188,-1,-1
2019-06-21,-1,211,-1,-1
2019-06-21,-1,2507,-1,-1
2019-06-21,-1,3136,-1,-1
2019-06-22,-1,1548,-1,-1
2019-06-22,-1,384,-1,-1
2019-06-22,-1,1098,-1,-1
2019-06-23,å…¨å±ç§’æ€ï¼é‚£äº›å‡ºåœºè‡ªå¸¦åœ°å›¾buffçš„å±±æµ·ç»å¼‚å…½ã€æ½‡æ´’è§‚å±±æµ·01ã€‘,9206,http://www.bilibili.com/video/av56617044,56617044
2019-06-23,-1,1804,-1,-1
2019-06-23,-1,2049,-1,-1
2019-06-24,-1,5225,-1,-1
2019-06-24,-1,1289,-1,-1
2019-06-26,-1,1684,-1,-1
2019-06-26,-1,3738,-1,-1
2019-06-29,-1,4016,-1,-1
2019-06-29,-1,653,-1,-1
2019-06-30,-1,1817,-1,-1
2019-06-30,-1,1139,-1,-1
2019-07-01,-1,1991,-1,-1
2019-07-03,-1,1648,-1,-1
2019-07-04,-1,1776,-1,-1
2019-07-04,-1,7657,-1,-1
2019-07-05,-1,3856,-1,-1
2019-07-05,-1,1219,-1,-1
2019-07-06,-1,7275,-1,-1
2019-07-07,-1,896,-1,-1
2019-07-08,-1,1794,-1,-1
2019-07-10,-1,4081,-1,-1
2019-07-10,-1,1261,-1,-1
2019-07-10,-1,2219,-1,-1
2019-07-11,-1,1408,-1,-1
2019-07-11,-1,1566,-1,-1
2019-07-12,-1,2316,-1,-1
2019-07-13,-1,1390,-1,-1
2019-07-13,-1,3085,-1,-1
2019-07-14,-1,905,-1,-1
2019-07-14,-1,2039,-1,-1
2019-07-14,-1,2557,-1,-1
2019-07-14,-1,1256,-1,-1
2019-07-15,-1,2271,-1,-1
2019-07-15,-1,3284,-1,-1
2019-07-18,-1,3683,-1,-1
2019-07-18,-1,2731,-1,-1
2019-07-20,-1,2191,-1,-1
2019-07-21,-1,1168,-1,-1
2019-07-22,-1,1015,-1,-1
2019-07-22,-1,3119,-1,-1
2019-07-23,è”¡å¾å¤å’Œå‘¨æ°ä¼¦æ¯”ï¼Œä¸»æŒäººéƒ½å¿ä¸ä½äº†,18640,http://www.bilibili.com/video/av60461189,60461189
2019-07-23,å‘¨æ°ä¼¦å¾®åšæ’åæ¯”è”¡å¾å¤å·®é‚£ä¹ˆå¤šï¼Œä¸ºå•¥æ¼”å”±ä¼šé‚£ä¹ˆå¤šäººçœ‹å•Šï¼Ÿ,8938,http://www.bilibili.com/video/av60287305,60287305
2019-07-23,-1,543,-1,-1
2019-07-24,-1,1422,-1,-1
2019-07-24,-1,2671,-1,-1
2019-07-25,-1,4579,-1,-1
2019-07-25,-1,320,-1,-1
2019-07-25,-1,2340,-1,-1
2019-07-26,-1,2395,-1,-1
2019-07-26,-1,5666,-1,-1
2019-07-27,-1,1302,-1,-1
2019-07-28,-1,1151,-1,-1
2019-07-29,-1,1491,-1,-1
2019-07-29,-1,1871,-1,-1
2019-07-30,-1,5594,-1,-1
2019-07-30,-1,4702,-1,-1
2019-07-30,-1,1913,-1,-1
2019-07-31,-1,1316,-1,-1
2019-07-31,-1,4656,-1,-1
2019-07-31,-1,524,-1,-1
2019-08-01,-1,2887,-1,-1
2019-08-02,-1,202,-1,-1
2019-08-02,-1,1544,-1,-1
2019-08-03,-1,3456,-1,-1
2019-08-03,-1,2332,-1,-1
2019-08-04,-1,769,-1,-1
2019-08-05,-1,1420,-1,-1
2019-08-06,-1,1888,-1,-1
2019-08-07,-1,1600,-1,-1
2019-08-07,-1,366,-1,-1
2019-08-07,-1,644,-1,-1
2019-08-08,-1,1893,-1,-1
2019-08-08,ä»è”¡å¾å¤äº‹ä»¶ï¼Œäº†è§£è‰ºäººå…¬å¸çš„è¥é”€æ‰‹æ®µã€ç¼„é»˜ä¹‹å£°1ã€‘,12697,http://www.bilibili.com/video/av62800076,62800076
2019-08-09,-1,2099,-1,-1
2019-08-09,-1,2626,-1,-1
2019-08-09,-1,1662,-1,-1
2019-08-10,-1,2176,-1,-1
2019-08-10,-1,978,-1,-1
2019-08-10,-1,2250,-1,-1
2019-08-12,-1,907,-1,-1
2019-08-13,-1,781,-1,-1
2019-08-13,-1,3232,-1,-1
2019-08-15,-1,1709,-1,-1
2019-08-16,-1,339,-1,-1
2019-08-16,-1,4625,-1,-1
2019-08-16,-1,5323,-1,-1
2019-08-16,-1,901,-1,-1
2019-08-19,-1,2922,-1,-1
2019-08-21,-1,3710,-1,-1
2019-08-23,-1,3079,-1,-1
2019-08-24,-1,1140,-1,-1
2019-08-24,-1,730,-1,-1
2019-08-25,-1,2335,-1,-1
2019-08-25,-1,1382,-1,-1
2019-08-26,ã€å…¨æ˜æ˜Ÿã€‘èŠ’ç§,9500,http://www.bilibili.com/video/av65408651,65408651
2019-08-28,ã€è”¡å¾å¤ã€‘èŠ’ç§,10894,http://www.bilibili.com/video/av65790846,65790846
2019-09-01,-1,2182,-1,-1
2019-09-01,-1,7468,-1,-1
2019-09-02,-1,1498,-1,-1
2019-09-03,-1,4024,-1,-1
2019-09-05,-1,5627,-1,-1
2019-09-10,è”¡å¾å¤2019é‡‘æ›²å¥–â€”ç¾ç¾ç¾,8215,http://www.bilibili.com/video/av67185040,67185040
2019-09-12,-1,5000,-1,-1
2019-09-13,-1,5839,-1,-1
2019-09-14,-1,487,-1,-1
2019-09-16,-1,1106,-1,-1
2019-09-17,-1,186,-1,-1
2019-09-18,-1,2959,-1,-1
2019-09-19,è”¡å¾å¤ | ä¿®æ”¹åç«Ÿç„¶ç–¯ç‹‚å¡ç‚¹ã€Š ä¸€èµ·è·³èˆå§ã€‹ï¼,8756,http://www.bilibili.com/video/av68295727,68295727
2019-09-20,-1,1392,-1,-1
2019-09-22,-1,1097,-1,-1
2019-09-23,-1,973,-1,-1
2019-09-30,-1,2004,-1,-1
2019-09-30,-1,4591,-1,-1
2019-10-04,-1,2281,-1,-1
2019-10-04,å¯¹ä¸èµ·è”¡å¾å¤ï¼Œæˆ‘ä»¬æ¬ ä½ ä¸€ä¸ªé“æ­‰,20694,http://www.bilibili.com/video/av70040823,70040823
2019-10-08,-1,3298,-1,-1
2019-10-10,-1,1318,-1,-1
2019-10-12,-1,1360,-1,-1
2019-10-13,å½“é è„¸åƒé¥­çš„æ˜æ˜Ÿè¶Šæ¥è¶Šå¤šï¼Œè¿™æ˜¯æ—¶ä»£çš„æ‚²å“€,14866,http://www.bilibili.com/video/av71071148,71071148
2019-10-23,-1,1451,-1,-1
2019-10-23,è”¡å¾å¤ä¸èµ„æœ¬çš„åšå¼ˆï¼Œé¦–ä¸ªä¸ºè”¡å¾å¤æ­£é€»è¾‘çš„è§†é¢‘ï¼Œã€èµ„æœ¬ä¸æ˜æ˜Ÿ02é›†ã€‘,25903,http://www.bilibili.com/video/av73151051,73151051
2019-10-26,-1,1215,-1,-1
2019-10-28,-1,5002,-1,-1
2019-10-31,-1,1914,-1,-1
2019-11-11,-1,0,-1,-1
2019-11-14,-1,1014,-1,-1
2019-11-14,-1,1240,-1,-1
2019-11-15,-1,2788,-1,-1
2019-11-15,-1,704,-1,-1
2019-11-15,-1,2034,-1,-1
2019-11-15,-1,5691,-1,-1
2019-11-17,-1,1448,-1,-1
2019-11-23,-1,3730,-1,-1
2019-11-28,-1,429,-1,-1
2019-12-03,-1,943,-1,-1
2019-12-03,-1,2649,-1,-1
2019-12-07,-1,1149,-1,-1
2019-12-07,-1,469,-1,-1
2019-12-07,-1,3128,-1,-1
2019-12-08,-1,918,-1,-1
2019-12-08,-1,376,-1,-1
2019-12-13,-1,3841,-1,-1
2019-12-14,-1,1478,-1,-1
2019-12-15,-1,1490,-1,-1
2019-12-15,-1,1296,-1,-1
2019-12-17,-1,835,-1,-1
2019-12-19,-1,941,-1,-1
2019-12-21,-1,363,-1,-1
2019-12-24,-1,5204,-1,-1
2019-12-26,-1,2593,-1,-1
2019-12-27,-1,920,-1,-1
2019-12-27,-1,4457,-1,-1
2019-12-27,-1,1057,-1,-1
2019-12-29,-1,1086,-1,-1
2019-12-31,-1,1714,-1,-1
2020-01-01,-1,694,-1,-1
2020-01-01,-1,1200,-1,-1
2020-01-06,-1,842,-1,-1
2020-01-06,-1,815,-1,-1
2020-01-07,-1,1784,-1,-1
2020-01-09,-1,1019,-1,-1
2020-01-12,å¿« ä¹ å´‡ æ‹œ,10879,http://www.bilibili.com/video/av83193619,83193619
2020-01-16,-1,5429,-1,-1
2020-01-16,-1,1249,-1,-1
2020-01-17,-1,357,-1,-1
2020-01-17,-1,1137,-1,-1
2020-01-19,-1,998,-1,-1
2020-01-22,-1,411,-1,-1
2020-01-23,-1,2486,-1,-1
2020-01-24,-1,958,-1,-1
2020-01-25,-1,1352,-1,-1
2020-01-28,-1,2417,-1,-1
2020-01-28,-1,4096,-1,-1
2020-01-30,-1,463,-1,-1
2020-02-02,ã€è”¡å¾å¤ã€‘ä»™å‰‘é¸¡ä¾ ä¼ ,29464,http://www.bilibili.com/video/av86208216,86208216
2020-02-02,-1,1281,-1,-1
2020-02-07,-1,5305,-1,-1
2020-02-09,-1,2866,-1,-1
2020-02-11,-1,1054,-1,-1
2020-02-12,-1,5105,-1,-1
2020-02-13,-1,847,-1,-1
2020-02-14,å”±ï¼Œè·³ï¼Œrapï¼Œç¯® çƒ çŸ¥ è¯† å¢ åŠ  äº† ï¼,16332,http://www.bilibili.com/video/av89042602,89042602
2020-02-16,-1,1530,-1,-1
2020-02-18,-1,533,-1,-1
2020-02-19,ã€è”¡å¾å¤ã€‘æ›¹æ“,7898,http://www.bilibili.com/video/av89997471,89997471
2020-02-22,-1,3973,-1,-1
2020-02-23,-1,64,-1,-1
2020-02-24,-1,5268,-1,-1
2020-02-25,-1,794,-1,-1
2020-02-26,-1,1717,-1,-1
2020-02-26,-1,1360,-1,-1
2020-02-26,-1,912,-1,-1
2020-02-29,-1,1106,-1,-1
2020-03-04,-1,4245,-1,-1
2020-03-05,è‚–æˆ˜ç²‰ä¸æœï¼Ÿæˆ‘ä»¬å¤å¤æ•™ä½ åšäºº,10363,http://www.bilibili.com/video/av93630839,93630839
2020-03-08,-1,1338,-1,-1
2020-03-10,-1,2388,-1,-1
2020-03-12,-1,6831,-1,-1
2020-03-12,-1,1619,-1,-1
2020-03-13,-1,3192,-1,-1
2020-03-16,-1,4926,-1,-1
2020-03-17,å½“è”¡å¾å¤å­¦ä¼šè‡ªé»‘ï¼çˆ†ç¬‘åæ§½æ¯”å¾‹å¸ˆå‡½å¥½ç”¨100å€çš„ã€Šé’æ˜¥æœ‰ä½ 2ã€‹ã€å¼€å¿ƒå˜´ç‚®ã€‘,20120,http://www.bilibili.com/video/av97035393,97035393
2020-03-17,-1,3048,-1,-1
2020-03-20,-1,1597,-1,-1
2020-03-23,è™ä¹¦æ¬£ææˆæœ€å¤§èµ¢å®¶ï¼Ÿçˆ†ç¬‘åæ§½å‰§æƒ…ç›´é€¼å¶åƒå‰§çš„ã€Šé’æ˜¥æœ‰ä½ 2ã€‹ï¼ˆç¬¬2æœŸï¼‰ã€å¼€å¿ƒå˜´ç‚®ã€‘,10250,http://www.bilibili.com/video/av98681615,98681615
2020-03-24,-1,825,-1,-1
2020-03-25,-1,986,-1,-1
2020-03-26,-1,6499,-1,-1
2020-03-28,-1,6775,-1,-1
2020-03-30,-1,6791,-1,-1
2020-03-30,-1,2090,-1,-1
2020-03-31,-1,1171,-1,-1
2020-03-31,-1,5290,-1,-1
2020-03-31,-1,392,-1,-1
2020-04-08,-1,7338,-1,-1
2020-04-09,-1,530,-1,-1
2020-04-12,è¿™TMæ‰å«é¸¡é¡¶ç›’ï¼ï¼,8502,http://www.bilibili.com/video/av242709359,242709359
2020-04-17,-1,6641,-1,-1
2020-04-18,-1,2493,-1,-1
2020-04-19,-1,1599,-1,-1
2020-04-20,-1,520,-1,-1
2020-04-23,-1,1427,-1,-1
2020-04-30,-1,2606,-1,-1
2020-04-30,-1,4370,-1,-1
2020-05-01,-1,949,-1,-1
2020-05-02,-1,1979,-1,-1
2020-05-04,-1,1934,-1,-1
2020-05-10,-1,860,-1,-1
2020-05-14,-1,1032,-1,-1
2020-05-20,-1,1131,-1,-1
2020-05-20,-1,5616,-1,-1
2020-05-23,-1,1474,-1,-1
2020-05-26,-1,919,-1,-1
2020-05-27,-1,3876,-1,-1
2020-06-01,ã€æ°´æœˆå©šç¤¼ã€‘ã€é«˜ç”œã€‘ã€å¤§æ©˜å·²å®šã€‘ä¸¤ä¸ªå¥³å­©å­çš„å©šç¤¼,10451,http://www.bilibili.com/video/av328421230,328421230
2020-06-03,å¤±æœ›ï¼ä¸‰è§‚æ‰­æ›²è¿˜æµ‘ç„¶ä¸çŸ¥çš„ã€è·‘ç”·ã€‘ç»ˆäºçŸ¥é“ä¸ºä»€ä¹ˆè¶Šæ¥è¶Šçƒ‚,20860,http://www.bilibili.com/video/av883419653,883419653
2020-06-08,ç”¨100åŒ…è€å›é…¸èœç‰›è‚‰é¢é‡Œçš„é…¸èœç…®é…¸èœé±¼æ˜¯ä»€ä¹ˆä½“éªŒï¼Ÿé‚£é…¸çˆ½ä¸æ•¢ç›¸ä¿¡ã€‚,17427,http://www.bilibili.com/video/av795897477,795897477
2020-06-11,-1,454,-1,-1
2020-06-17,-1,1702,-1,-1
2020-06-24,-1,1067,-1,-1
2020-07-02,-1,589,-1,-1
2020-07-15,-1,647,-1,-1
2020-07-29,-1,5132,-1,-1
2020-08-04,-1,687,-1,-1
2020-08-07,-1,1949,-1,-1
2020-08-14,-1,1439,-1,-1
2020-08-24,-1,1163,-1,-1
2020-09-13,-1,563,-1,-1
2020-09-20,-1,4407,-1,-1
2020-09-20,-1,1249,-1,-1
2020-10-01,-1,6087,-1,-1
2020-10-17,-1,244,-1,-1
2020-10-18,-1,618,-1,-1
2020-10-23,-1,1301,-1,-1
2020-11-08,-1,421,-1,-1
2020-11-13,-1,62,-1,-1
2020-11-15,-1,142,-1,-1
2020-11-30,-1,3633,-1,-1
2020-12-06,-1,507,-1,-1
2020-12-07,å¤§å®¶æœ€è®¨åŒçš„æ˜æ˜Ÿ ã€æ¯”è¾ƒæ’åã€‘,12559,http://www.bilibili.com/video/av628108232,628108232
2020-12-09,-1,1507,-1,-1
2020-12-15,-1,402,-1,-1
2020-12-19,-1,693,-1,-1
2020-12-24,-1,4385,-1,-1
2021-01-05,-1,221,-1,-1
2021-01-05,-1,224,-1,-1
2021-01-15,-1,515,-1,-1
2021-01-22,-1,1046,-1,-1
2021-01-25,-1,1606,-1,-1
2021-01-27,-1,1225,-1,-1
2021-01-28,-1,1340,-1,-1
2021-01-30,-1,1608,-1,-1
2021-01-30,-1,1620,-1,-1
2021-02-01,-1,4606,-1,-1
2021-02-02,-1,1050,-1,-1
2021-02-06,-1,1230,-1,-1
2021-02-09,-1,1533,-1,-1
2021-02-12,-1,4373,-1,-1
2021-02-15,-1,378,-1,-1
2021-02-16,-1,3201,-1,-1
2021-02-17,-1,577,-1,-1
2021-02-21,-1,6859,-1,-1
2021-02-23,-1,958,-1,-1
2021-02-27,-1,314,-1,-1
2021-03-02,-1,305,-1,-1
2021-03-09,-1,1400,-1,-1
2021-03-10,-1,680,-1,-1
2021-03-12,-1,3383,-1,-1
2021-03-19,-1,606,-1,-1
2021-03-24,-1,485,-1,-1
2021-03-26,-1,196,-1,-1
2021-03-30,è”¡å¾å¤å½“ä¼—è¡¨æ¼”ç”Ÿå­©å­ï¼Œä¸‰ç§’åæ˜Ÿçˆ·å®åœ¨æ˜¯çœ‹ä¸ä¸‹å»äº†ï¼,16368,http://www.bilibili.com/video/av332373395,332373395
2021-04-06,-1,628,-1,-1
2021-04-08,â€œä½ ç«Ÿç„¶ç®¡å®ƒè¿™å«è‡´æ•¬ç»å…¸ï¼Ÿç®€ç›´æ— è¯­ï¼â€,9848,http://www.bilibili.com/video/av714909243,714909243
2021-04-24,-1,3862,-1,-1
2021-05-12,-1,1275,-1,-1
2021-05-17,-1,634,-1,-1
2021-05-23,-1,122,-1,-1
2021-05-25,-1,723,-1,-1
2021-05-30,âš¡âš¡ç¦»è‚–æˆ˜è¿œä¸€ç‚¹ï¼ï¼ä¸è¦ç¢°å¥¹ï¼ï¼âš¡âš¡,10150,http://www.bilibili.com/video/av673333971,673333971
2021-06-11,å±¡æ¬¡è§¦åŠå›½å®¶åº•çº¿ï¼å¤®åª’å‡ºæ‰‹å°ç¦â€œå¨˜ç‚®â€ç™»å°ï¼Œç¡¬æ±‰å´äº¬æ·±é™·ç½‘æš´é£æ³¢,22277,http://www.bilibili.com/video/av888520186,888520186
2021-06-23,-1,2220,-1,-1
2021-06-25,-1,0,-1,-1
2021-06-26,-1,434,-1,-1
2021-06-30,-1,804,-1,-1
2021-07-03,-1,31,-1,-1
2021-07-06,-1,1591,-1,-1
2021-07-15,-1,837,-1,-1
2021-07-19,-1,488,-1,-1
2021-07-20,-1,1452,-1,-1
2021-07-23,-1,1320,-1,-1
2021-07-23,-1,4012,-1,-1
2021-07-30,-1,723,-1,-1
2021-08-03,-1,430,-1,-1
2021-08-10,é¸¡ ä½  å¤ª è¸Š,21595,http://www.bilibili.com/video/av717173685,717173685
2021-08-10,-1,98,-1,-1
2021-08-12,-1,5095,-1,-1
2021-08-18,-1,34,-1,-1
2021-08-29,-1,693,-1,-1
2021-08-31,å¬äº†è”¡å¾å¤æ–°æ­Œï¼Œæˆ‘å‚»äº†,25698,http://www.bilibili.com/video/av462639907,462639907
2021-09-02,-1,3456,-1,-1
2021-09-04,-1,1272,-1,-1
2021-09-05,-1,5792,-1,-1
2021-09-06,-1,5406,-1,-1
2021-09-11,-1,1856,-1,-1
2021-09-20,-1,280,-1,-1
2021-09-20,-1,758,-1,-1
2021-09-20,-1,3229,-1,-1
2021-09-25,-1,1301,-1,-1
2021-10-06,-1,942,-1,-1
2021-10-13,-1,991,-1,-1
2021-10-23,-1,223,-1,-1
2021-10-23,-1,788,-1,-1
2021-10-27,-1,134,-1,-1
2021-11-03,-1,225,-1,-1
2021-11-06,-1,210,-1,-1
2021-11-10,-1,79,-1,-1
2021-11-13,-1,206,-1,-1
2021-11-14,-1,29,-1,-1
2021-11-15,-1,282,-1,-1
2021-11-23,-1,867,-1,-1
2021-11-24,-1,2080,-1,-1
2021-11-27,-1,319,-1,-1
2021-12-01,-1,639,-1,-1
2021-12-13,-1,127,-1,-1
2021-12-22,-1,493,-1,-1
2021-12-29,-1,4208,-1,-1
2021-12-31,è”¡å¾å¤ä½ è¿˜æœ‰ä»€ä¹ˆæ˜¯çœŸçš„ï¼Ÿç™¾ä¸‡æ¶ˆéŸ³è§†é¢‘æ˜¯å‡å”±|è”¡å¾å¤ã€Šæˆ‘å’Œæˆ‘çš„ç¥–å›½ã€‹ã€Šé»˜ç‰‡ã€‹æ¶ˆéŸ³,8371,http://www.bilibili.com/video/av635309928,635309928
2022-01-10,-1,709,-1,-1
2022-01-13,-1,736,-1,-1
2022-01-16,-1,926,-1,-1
2022-01-16,-1,503,-1,-1
2022-01-17,-1,6836,-1,-1
2022-01-19,-1,1773,-1,-1
2022-01-20,-1,2697,-1,-1
2022-01-22,-1,521,-1,-1
2022-01-27,-1,902,-1,-1
2022-02-05,-1,2066,-1,-1
2022-02-07,-1,297,-1,-1
2022-02-08,-1,671,-1,-1
2022-02-11,-1,922,-1,-1
2022-02-17,-1,1503,-1,-1
2022-02-19,-1,330,-1,-1
2022-02-20,-1,439,-1,-1
2022-02-22,-1,1252,-1,-1
2022-02-23,-1,4563,-1,-1
2022-03-02,-1,62,-1,-1
2022-03-02,-1,297,-1,-1
2022-03-03,-1,3736,-1,-1
2022-03-11,-1,372,-1,-1
2022-03-13,-1,2584,-1,-1
2022-03-19,-1,1833,-1,-1
2022-03-20,-1,1391,-1,-1
2022-03-21,-1,224,-1,-1
2022-03-22,-1,420,-1,-1
2022-03-23,-1,3500,-1,-1
2022-03-24,-1,2349,-1,-1
2022-03-25,-1,3514,-1,-1
2022-03-26,-1,1030,-1,-1
2022-04-05,-1,385,-1,-1
2022-04-05,-1,803,-1,-1
2022-04-05,-1,30,-1,-1
2022-04-05,-1,389,-1,-1
2022-04-09,-1,2970,-1,-1
2022-04-09,-1,79,-1,-1
2022-04-10,-1,435,-1,-1
2022-04-10,-1,3169,-1,-1
2022-04-12,-1,1726,-1,-1
2022-04-13,-1,2460,-1,-1
2022-04-13,-1,631,-1,-1
2022-04-13,-1,57,-1,-1
2022-04-14,-1,2005,-1,-1
2022-04-14,-1,4193,-1,-1
2022-04-14,-1,1033,-1,-1
2022-04-16,-1,1713,-1,-1
2022-04-16,-1,60,-1,-1
2022-04-17,-1,1834,-1,-1
2022-04-22,-1,1842,-1,-1
2022-04-23,-1,1337,-1,-1
2022-04-23,-1,1374,-1,-1
2022-04-24,-1,474,-1,-1
2022-04-26,-1,3309,-1,-1
2022-04-27,-1,192,-1,-1
2022-04-29,-1,3004,-1,-1
2022-04-29,-1,2498,-1,-1
2022-04-30,-1,557,-1,-1
2022-04-30,-1,1100,-1,-1
2022-05-03,-1,2766,-1,-1
2022-05-05,-1,562,-1,-1
2022-05-05,-1,1274,-1,-1
2022-05-06,-1,506,-1,-1
2022-05-06,-1,2303,-1,-1
2022-05-06,-1,648,-1,-1
2022-05-06,-1,460,-1,-1
2022-05-06,-1,1809,-1,-1
2022-05-07,-1,1617,-1,-1
2022-05-07,-1,938,-1,-1
2022-05-07,-1,1830,-1,-1
2022-05-08,-1,4681,-1,-1
2022-05-09,-1,580,-1,-1
2022-05-10,-1,2738,-1,-1
2022-05-10,-1,1413,-1,-1
2022-05-12,-1,3613,-1,-1
2022-05-12,-1,1058,-1,-1
2022-05-14,-1,1090,-1,-1
2022-05-15,-1,4543,-1,-1
2022-05-15,-1,1065,-1,-1
2022-05-16,-1,3388,-1,-1
2022-05-16,-1,790,-1,-1
2022-05-17,-1,1801,-1,-1
2022-05-17,-1,5953,-1,-1
2022-05-17,-1,1791,-1,-1
2022-05-18,-1,2275,-1,-1
2022-05-18,-1,464,-1,-1
2022-05-19,-1,1672,-1,-1
2022-05-19,-1,2150,-1,-1
2022-05-20,æˆ‘ æ˜¯ å…» é¸¡ çš„,15043,http://www.bilibili.com/video/av511688860,511688860
2022-05-22,-1,1066,-1,-1
2022-05-22,-1,904,-1,-1
2022-05-23,-1,2143,-1,-1
2022-05-23,-1,365,-1,-1
2022-05-24,-1,114,-1,-1
2022-05-24,-1,3952,-1,-1
2022-05-24,-1,1230,-1,-1
2022-05-25,-1,1820,-1,-1
2022-05-25,-1,5053,-1,-1
2022-05-26,-1,1246,-1,-1
2022-05-27,-1,555,-1,-1
2022-05-27,-1,2214,-1,-1
2022-05-28,-1,1246,-1,-1
2022-05-29,-1,325,-1,-1
2022-05-29,-1,614,-1,-1
2022-05-29,-1,1794,-1,-1
2022-05-29,-1,1291,-1,-1
2022-05-29,-1,1347,-1,-1
2022-05-29,-1,2409,-1,-1
2022-05-30,-1,2233,-1,-1
2022-05-30,-1,1015,-1,-1
2022-06-01,-1,2490,-1,-1
2022-06-01,-1,1251,-1,-1
2022-06-02,-1,1840,-1,-1
2022-06-03,-1,2308,-1,-1
2022-06-03,-1,993,-1,-1
2022-06-03,-1,1665,-1,-1
2022-06-04,-1,1253,-1,-1
2022-06-04,-1,260,-1,-1
2022-06-04,-1,619,-1,-1
2022-06-05,-1,1733,-1,-1
2022-06-05,-1,712,-1,-1
2022-06-06,-1,3277,-1,-1
2022-06-07,-1,2230,-1,-1
2022-06-07,-1,305,-1,-1
2022-06-08,-1,1211,-1,-1
2022-06-08,-1,1295,-1,-1
2022-06-09,-1,1408,-1,-1
2022-06-09,é»‘ç²‰æ»šï¼Œikunå’Œichickenè¿›ã€‚,9604,http://www.bilibili.com/video/av554803744,554803744
2022-06-10,-1,1018,-1,-1
2022-06-10,-1,81,-1,-1
2022-06-11,-1,5185,-1,-1
2022-06-11,-1,981,-1,-1
2022-06-11,-1,329,-1,-1
2022-06-11,-1,6600,-1,-1
2022-06-11,-1,1227,-1,-1
2022-06-12,-1,466,-1,-1
2022-06-13,-1,1175,-1,-1
2022-06-13,-1,1490,-1,-1
2022-06-14,-1,1710,-1,-1
2022-06-14,-1,279,-1,-1
2022-06-14,-1,2070,-1,-1
2022-06-15,-1,2855,-1,-1
2022-06-15,çœŸçš„æ²¡å¿…è¦ä¸€ç›´é»‘ä¸‹å»ï¼Œä»–çœŸçš„å¾ˆä¼˜ç§€ï¼,19052,http://www.bilibili.com/video/av600072609,600072609
2022-06-16,-1,7099,-1,-1
2022-06-16,-1,1581,-1,-1
2022-06-16,-1,1860,-1,-1
2022-06-16,-1,707,-1,-1
2022-06-17,-1,1830,-1,-1
2022-06-17,-1,367,-1,-1
2022-06-17,-1,1755,-1,-1
2022-06-17,-1,982,-1,-1
2022-06-17,-1,640,-1,-1
2022-06-17,-1,2991,-1,-1
2022-06-17,-1,1289,-1,-1
2022-06-18,-1,1532,-1,-1
2022-06-18,-1,362,-1,-1
2022-06-18,-1,4982,-1,-1
2022-06-19,-1,2138,-1,-1
2022-06-19,-1,1229,-1,-1
2022-06-20,-1,3753,-1,-1
2022-06-20,-1,3883,-1,-1
2022-06-20,-1,1158,-1,-1
2022-06-21,-1,251,-1,-1
2022-06-21,-1,5039,-1,-1
2022-06-21,-1,701,-1,-1
2022-06-21,-1,5396,-1,-1
2022-06-21,-1,732,-1,-1
2022-06-21,-1,1134,-1,-1
2022-06-21,-1,2660,-1,-1
2022-06-22,-1,2429,-1,-1
2022-06-22,-1,1786,-1,-1
2022-06-22,-1,2297,-1,-1
2022-06-22,-1,2370,-1,-1
2022-06-23,-1,1179,-1,-1
2022-06-23,-1,1989,-1,-1
2022-06-23,-1,86,-1,-1
2022-06-24,-1,1476,-1,-1
2022-06-24,-1,727,-1,-1
2022-06-24,-1,3408,-1,-1
2022-06-24,-1,3952,-1,-1
2022-06-24,-1,1211,-1,-1
2022-06-24,-1,1647,-1,-1
2022-06-24,-1,2409,-1,-1
2022-06-24,-1,1700,-1,-1
2022-06-24,-1,348,-1,-1
2022-06-25,-1,463,-1,-1
2022-06-25,-1,413,-1,-1
2022-06-25,-1,2646,-1,-1
2022-06-25,-1,4035,-1,-1
2022-06-25,-1,1098,-1,-1
2022-06-26,-1,1278,-1,-1
2022-06-26,-1,490,-1,-1
2022-06-27,-1,4589,-1,-1
2022-06-27,-1,1205,-1,-1
2022-06-27,-1,1221,-1,-1
2022-06-27,?é¸¡ä½ å¤ªç¾ï¼Œä½†æ˜¯äºŒæ¬¡å…ƒ?,32816,http://www.bilibili.com/video/av300325493,300325493
2022-06-27,-1,589,-1,-1
2022-06-27,-1,524,-1,-1
2022-06-27,-1,778,-1,-1
2022-06-27,-1,851,-1,-1
2022-06-27,-1,511,-1,-1
2022-06-27,-1,1335,-1,-1
2022-06-28,-1,4823,-1,-1
2022-06-28,-1,4409,-1,-1
2022-06-28,-1,3489,-1,-1
2022-06-28,-1,442,-1,-1
2022-06-28,-1,1880,-1,-1
2022-06-28,-1,1773,-1,-1
2022-06-28,-1,130,-1,-1
2022-06-28,-1,520,-1,-1
2022-06-28,-1,785,-1,-1
2022-06-29,-1,2568,-1,-1
2022-06-29,-1,1126,-1,-1
2022-06-29,-1,460,-1,-1
2022-06-29,-1,983,-1,-1
2022-06-29,â€œè¿™æ˜¯å±äºä»–çš„æ—¶ä»£ã€‚â€,7940,http://www.bilibili.com/video/av215400521,215400521
2022-06-29,åªå› ä½ å¤ªç¾åˆ†è§£æ•™å­¦ï¼Œ5åˆ†é’Ÿé€Ÿæˆèµ„æ·±IKUN,17196,http://www.bilibili.com/video/av897884618,897884618
2022-06-30,-1,788,-1,-1
2022-06-30,-1,9,-1,-1
2022-06-30,-1,1376,-1,-1
2022-06-30,-1,987,-1,-1
2022-06-30,-1,611,-1,-1
2022-06-30,-1,4608,-1,-1
2022-07-01,-1,1754,-1,-1
2022-07-01,-1,962,-1,-1
2022-07-01,-1,2405,-1,-1
2022-07-01,-1,5217,-1,-1
2022-07-01,-1,1296,-1,-1
2022-07-01,-1,326,-1,-1
2022-07-01,-1,6346,-1,-1
2022-07-01,-1,1388,-1,-1
2022-07-02,-1,5527,-1,-1
2022-07-02,-1,1859,-1,-1
2022-07-02,-1,715,-1,-1
2022-07-02,-1,48,-1,-1
2022-07-02,-1,2714,-1,-1
2022-07-02,-1,1637,-1,-1
2022-07-02,-1,2915,-1,-1
2022-07-02,-1,1610,-1,-1
2022-07-02,-1,3426,-1,-1
2022-07-02,-1,5625,-1,-1
2022-07-03,-1,4125,-1,-1
2022-07-03,-1,2001,-1,-1
2022-07-03,-1,2300,-1,-1
2022-07-03,-1,3430,-1,-1
2022-07-03,-1,1304,-1,-1
2022-07-03,-1,3286,-1,-1
2022-07-03,-1,1173,-1,-1
2022-07-03,-1,703,-1,-1
2022-07-03,-1,882,-1,-1
2022-07-03,-1,1437,-1,-1
2022-07-03,-1,473,-1,-1
2022-07-03,-1,220,-1,-1
2022-07-04,-1,3952,-1,-1
2022-07-04,-1,1695,-1,-1
2022-07-04,-1,1324,-1,-1
2022-07-04,-1,3381,-1,-1
2022-07-04,é¸¡ä½ å¤ªç¾Remixï¼Œä½†æ˜¯çœŸikun,21784,http://www.bilibili.com/video/av813062682,813062682
2022-07-04,-1,2490,-1,-1
2022-07-05,-1,1894,-1,-1
2022-07-05,-1,57,-1,-1
2022-07-05,-1,1864,-1,-1
2022-07-05,-1,644,-1,-1
2022-07-05,-1,895,-1,-1
2022-07-05,-1,6090,-1,-1
2022-07-05,-1,941,-1,-1
2022-07-05,-1,1079,-1,-1
2022-07-06,-1,806,-1,-1
2022-07-06,-1,649,-1,-1
2022-07-06,-1,1273,-1,-1
2022-07-06,-1,1342,-1,-1
2022-07-06,-1,370,-1,-1
2022-07-06,-1,815,-1,-1
2022-07-07,-1,1103,-1,-1
2022-07-07,-1,2149,-1,-1
2022-07-07,-1,1197,-1,-1
2022-07-07,-1,2067,-1,-1
2022-07-07,-1,941,-1,-1
2022-07-08,-1,737,-1,-1
2022-07-08,-1,5757,-1,-1
2022-07-08,-1,2530,-1,-1
2022-07-08,-1,1528,-1,-1
2022-07-08,-1,1246,-1,-1
2022-07-08,-1,1100,-1,-1
2022-07-08,-1,2077,-1,-1
2022-07-08,-1,11,-1,-1
2022-07-09,-1,1521,-1,-1
2022-07-09,-1,1790,-1,-1
2022-07-09,-1,1861,-1,-1
2022-07-09,-1,157,-1,-1
2022-07-10,-1,1142,-1,-1
2022-07-10,-1,1430,-1,-1
2022-07-10,-1,1286,-1,-1
2022-07-10,-1,1033,-1,-1
2022-07-10,-1,1375,-1,-1
2022-07-10,å¤ å¤ å¤§ æˆ˜ ä¸‰ æµ¦,8953,http://www.bilibili.com/video/av343323510,343323510
2022-07-11,-1,374,-1,-1
2022-07-11,-1,1276,-1,-1
2022-07-11,-1,981,-1,-1
2022-07-11,-1,4384,-1,-1
2022-07-11,-1,2047,-1,-1
2022-07-11,-1,1916,-1,-1
2022-07-11,-1,396,-1,-1
2022-07-12,-1,418,-1,-1
2022-07-12,-1,584,-1,-1
2022-07-12,-1,338,-1,-1
2022-07-12,-1,3456,-1,-1
2022-07-12,-1,585,-1,-1
2022-07-13,-1,515,-1,-1
2022-07-13,-1,4980,-1,-1
2022-07-13,-1,870,-1,-1
2022-07-13,-1,532,-1,-1
2022-07-13,-1,1071,-1,-1
2022-07-13,-1,724,-1,-1
2022-07-14,-1,300,-1,-1
2022-07-14,-1,3316,-1,-1
2022-07-15,ç©¶ç«Ÿç½‘ç»œæš´åŠ›å¸¦æ¥äº†ä»€ä¹ˆï¼Ÿ,14275,http://www.bilibili.com/video/av385907876,385907876
2022-07-15,éšè´è¶ä¸€èµ·æ¶ˆæ•£å§ï¼Œæ—§æ—¥çš„æ¨¡å‹,14275,http://www.bilibili.com/video/av617528054,617528054
2022-07-15,-1,1913,-1,-1
2022-07-15,-1,2585,-1,-1
2022-07-15,-1,192,-1,-1
2022-07-15,-1,2816,-1,-1
2022-07-15,-1,2377,-1,-1
2022-07-15,-1,217,-1,-1
2022-07-15,-1,1797,-1,-1
2022-07-15,-1,551,-1,-1
2022-07-15,-1,257,-1,-1
2022-07-15,-1,1137,-1,-1
2022-07-15,-1,510,-1,-1
2022-07-16,-1,702,-1,-1
2022-07-16,-1,302,-1,-1
2022-07-16,å½“ ğŸ” è€ äº†,12213,http://www.bilibili.com/video/av601116121,601116121
2022-07-16,-1,692,-1,-1
2022-07-16,-1,1494,-1,-1
2022-07-16,-1,785,-1,-1
2022-07-16,-1,823,-1,-1
2022-07-16,-1,1294,-1,-1
2022-07-16,-1,1452,-1,-1
2022-07-16,-1,609,-1,-1
2022-07-17,-1,206,-1,-1
2022-07-17,-1,838,-1,-1
2022-07-17,-1,2642,-1,-1
2022-07-17,-1,1965,-1,-1
2022-07-17,-1,1081,-1,-1
2022-07-17,-1,1267,-1,-1
2022-07-17,-1,2972,-1,-1
2022-07-17,-1,2062,-1,-1
2022-07-17,?é¸¡ä½ å¤ªç¾ï¼Œä½†æ˜¯æ¯é¸¡?,13464,http://www.bilibili.com/video/av983574668,983574668
2022-07-17,-1,341,-1,-1
2022-07-17,-1,1420,-1,-1
2022-07-18,-1,1085,-1,-1
2022-07-18,-1,3726,-1,-1
2022-07-18,-1,1082,-1,-1
2022-07-18,-1,1290,-1,-1
2022-07-18,-1,782,-1,-1
2022-07-18,-1,683,-1,-1
2022-07-18,-1,1240,-1,-1
2022-07-19,-1,2698,-1,-1
2022-07-19,-1,756,-1,-1
2022-07-19,-1,602,-1,-1
2022-07-19,-1,1566,-1,-1
2022-07-19,-1,1584,-1,-1
2022-07-19,-1,3584,-1,-1
2022-07-19,-1,1590,-1,-1
2022-07-20,-1,541,-1,-1
2022-07-20,-1,1865,-1,-1
2022-07-20,-1,1247,-1,-1
2022-07-20,-1,509,-1,-1
2022-07-20,-1,1713,-1,-1
2022-07-20,-1,3184,-1,-1
2022-07-20,-1,921,-1,-1
2022-07-20,-1,1718,-1,-1
2022-07-20,-1,1565,-1,-1
2022-07-20,-1,4502,-1,-1
2022-07-20,-1,457,-1,-1
2022-07-21,-1,1041,-1,-1
2022-07-21,-1,383,-1,-1
2022-07-21,-1,4062,-1,-1
2022-07-21,-1,4233,-1,-1
2022-07-21,-1,831,-1,-1
2022-07-21,-1,1438,-1,-1
2022-07-21,-1,602,-1,-1
2022-07-21,-1,4453,-1,-1
2022-07-21,-1,1330,-1,-1
2022-07-21,-1,1187,-1,-1
2022-07-21,-1,1114,-1,-1
2022-07-21,-1,1633,-1,-1
2022-07-21,-1,729,-1,-1
2022-07-22,-1,736,-1,-1
2022-07-22,-1,5116,-1,-1
2022-07-22,-1,594,-1,-1
2022-07-22,-1,240,-1,-1
2022-07-22,-1,741,-1,-1
2022-07-22,-1,634,-1,-1
2022-07-22,-1,2211,-1,-1
2022-07-22,-1,653,-1,-1
2022-07-22,-1,130,-1,-1
2022-07-22,-1,9,-1,-1
2022-07-22,?é¸¡ä½ å¤ªç¾ï¼Œä½†æ˜¯å·²é»‘åŒ–?,11577,http://www.bilibili.com/video/av428661801,428661801
2022-07-23,-1,1431,-1,-1
2022-07-23,-1,4932,-1,-1
2022-07-23,-1,7208,-1,-1
2022-07-23,-1,649,-1,-1
2022-07-23,-1,1159,-1,-1
2022-07-23,-1,2034,-1,-1
2022-07-23,-1,191,-1,-1
2022-07-23,-1,1970,-1,-1
2022-07-23,-1,2474,-1,-1
2022-07-24,-1,2025,-1,-1
2022-07-24,-1,359,-1,-1
2022-07-24,-1,706,-1,-1
2022-07-24,-1,3164,-1,-1
2022-07-24,-1,946,-1,-1
2022-07-24,-1,301,-1,-1
2022-07-25,-1,2308,-1,-1
2022-07-25,-1,2216,-1,-1
2022-07-25,-1,2263,-1,-1
2022-07-25,-1,3960,-1,-1
2022-07-25,-1,1000,-1,-1
2022-07-25,-1,1687,-1,-1
2022-07-25,-1,1631,-1,-1
2022-07-25,-1,2113,-1,-1
2022-07-25,-1,563,-1,-1
2022-07-25,-1,1821,-1,-1
2022-07-25,-1,1221,-1,-1
2022-07-25,åè¯­é‡‘æ›²å¥–Remixï¼ŒçœŸikunç‰ˆæœ¬,9041,http://www.bilibili.com/video/av601331368,601331368
2022-07-26,-1,5876,-1,-1
2022-07-26,-1,483,-1,-1
2022-07-26,-1,5823,-1,-1
2022-07-26,-1,2407,-1,-1
2022-07-26,-1,468,-1,-1
2022-07-26,-1,6698,-1,-1
2022-07-26,-1,95,-1,-1
2022-07-26,-1,6311,-1,-1
2022-07-26,-1,298,-1,-1
2022-07-26,-1,876,-1,-1
2022-07-26,-1,1419,-1,-1
2022-07-26,-1,472,-1,-1
2022-07-26,-1,1743,-1,-1
2022-07-26,-1,1831,-1,-1
2022-07-26,-1,1942,-1,-1
2022-07-27,-1,578,-1,-1
2022-07-27,-1,4338,-1,-1
2022-07-27,-1,6656,-1,-1
2022-07-27,-1,729,-1,-1
2022-07-27,-1,3194,-1,-1
2022-07-27,-1,1897,-1,-1
2022-07-27,-1,2456,-1,-1
2022-07-27,-1,179,-1,-1
2022-07-27,-1,1889,-1,-1
2022-07-27,-1,4110,-1,-1
2022-07-27,-1,2474,-1,-1
2022-07-27,-1,500,-1,-1
2022-07-27,-1,1431,-1,-1
2022-07-28,-1,1416,-1,-1
2022-07-28,-1,448,-1,-1
2022-07-28,-1,356,-1,-1
2022-07-28,-1,540,-1,-1
2022-07-28,-1,658,-1,-1
2022-07-28,-1,904,-1,-1
2022-07-28,-1,5122,-1,-1
2022-07-29,-1,3198,-1,-1
2022-07-29,-1,306,-1,-1
2022-07-29,-1,651,-1,-1
2022-07-29,-1,5256,-1,-1
2022-07-29,-1,2940,-1,-1
2022-07-29,-1,184,-1,-1
2022-07-29,-1,18,-1,-1
2022-07-29,-1,497,-1,-1
2022-07-29,-1,294,-1,-1
2022-07-30,-1,2165,-1,-1
2022-07-30,-1,1124,-1,-1
2022-07-30,-1,855,-1,-1
2022-07-30,-1,800,-1,-1
2022-07-30,-1,353,-1,-1
2022-07-30,-1,913,-1,-1
2022-07-30,-1,2153,-1,-1
2022-07-30,-1,1016,-1,-1
2022-07-31,-1,426,-1,-1
2022-07-31,-1,638,-1,-1
2022-07-31,-1,768,-1,-1
2022-07-31,-1,969,-1,-1
2022-07-31,-1,221,-1,-1
2022-07-31,-1,2265,-1,-1
2022-07-31,-1,1419,-1,-1
2022-07-31,-1,1373,-1,-1
2022-08-01,-1,257,-1,-1
2022-08-01,-1,480,-1,-1
2022-08-01,-1,2122,-1,-1
2022-08-01,-1,205,-1,-1
2022-08-01,-1,1133,-1,-1
2022-08-01,-1,462,-1,-1
2022-08-01,-1,912,-1,-1
2022-08-01,-1,3702,-1,-1
2022-08-01,-1,5625,-1,-1
2022-08-02,-1,702,-1,-1
2022-08-02,-1,1367,-1,-1
2022-08-02,-1,481,-1,-1
2022-08-02,-1,747,-1,-1
2022-08-02,-1,3225,-1,-1
2022-08-02,-1,466,-1,-1
2022-08-02,-1,1007,-1,-1
2022-08-02,-1,2921,-1,-1
2022-08-02,-1,882,-1,-1
2022-08-02,-1,332,-1,-1
2022-08-03,-1,868,-1,-1
2022-08-03,-1,507,-1,-1
2022-08-03,-1,14,-1,-1
2022-08-03,-1,1123,-1,-1
2022-08-03,-1,237,-1,-1
2022-08-03,-1,1913,-1,-1
2022-08-03,-1,1260,-1,-1
2022-08-04,-1,148,-1,-1
2022-08-04,-1,948,-1,-1
2022-08-04,-1,1171,-1,-1
2022-08-05,-1,684,-1,-1
2022-08-05,-1,907,-1,-1
2022-08-05,-1,2436,-1,-1
2022-08-05,-1,4820,-1,-1
2022-08-05,-1,3536,-1,-1
2022-08-05,-1,137,-1,-1
2022-08-05,-1,2399,-1,-1
2022-08-05,-1,483,-1,-1
2022-08-05,-1,628,-1,-1
2022-08-06,-1,1777,-1,-1
2022-08-06,-1,247,-1,-1
2022-08-06,-1,906,-1,-1
2022-08-06,-1,7580,-1,-1
2022-08-06,-1,1321,-1,-1
2022-08-06,-1,379,-1,-1
2022-08-06,-1,1159,-1,-1
2022-08-06,-1,588,-1,-1
2022-08-06,-1,748,-1,-1
2022-08-06,-1,1744,-1,-1
2022-08-06,-1,267,-1,-1
2022-08-06,ç½‘ æš´ å ç»­ 3.0,9797,http://www.bilibili.com/video/av386670894,386670894
2022-08-07,-1,2507,-1,-1
2022-08-07,-1,2129,-1,-1
2022-08-07,-1,1163,-1,-1
2022-08-07,-1,14,-1,-1
2022-08-07,-1,1331,-1,-1
2022-08-07,-1,286,-1,-1
2022-08-07,-1,2458,-1,-1
2022-08-07,-1,660,-1,-1
2022-08-07,-1,727,-1,-1
2022-08-07,-1,374,-1,-1
2022-08-07,-1,1247,-1,-1
2022-08-07,-1,1445,-1,-1
2022-08-07,-1,1120,-1,-1
2022-08-08,-1,1293,-1,-1
2022-08-08,-1,1539,-1,-1
2022-08-08,-1,517,-1,-1
2022-08-08,-1,565,-1,-1
2022-08-08,-1,112,-1,-1
2022-08-08,-1,1362,-1,-1
2022-08-08,-1,484,-1,-1
2022-08-08,-1,336,-1,-1
2022-08-08,-1,2753,-1,-1
2022-08-08,-1,796,-1,-1
2022-08-09,-1,2364,-1,-1
2022-08-09,-1,683,-1,-1
2022-08-09,-1,1213,-1,-1
2022-08-09,-1,366,-1,-1
2022-08-09,-1,1580,-1,-1
2022-08-09,-1,830,-1,-1
2022-08-09,-1,565,-1,-1
2022-08-09,-1,1183,-1,-1
2022-08-09,-1,623,-1,-1
2022-08-09,-1,1869,-1,-1
2022-08-10,-1,10,-1,-1
2022-08-10,-1,1114,-1,-1
2022-08-10,-1,1264,-1,-1
2022-08-10,-1,325,-1,-1
2022-08-10,-1,434,-1,-1
2022-08-10,-1,1017,-1,-1
2022-08-10,-1,838,-1,-1
2022-08-10,-1,1057,-1,-1
2022-08-10,-1,210,-1,-1
2022-08-10,-1,1081,-1,-1
2022-08-11,-1,804,-1,-1
2022-08-11,-1,500,-1,-1
2022-08-11,-1,436,-1,-1
2022-08-11,-1,262,-1,-1
2022-08-11,-1,97,-1,-1
2022-08-11,-1,47,-1,-1
2022-08-11,-1,2530,-1,-1
2022-08-11,-1,2079,-1,-1
2022-08-12,-1,2469,-1,-1
2022-08-12,-1,2258,-1,-1
2022-08-12,-1,2645,-1,-1
2022-08-12,-1,428,-1,-1
2022-08-13,-1,1234,-1,-1
2022-08-13,-1,6975,-1,-1
2022-08-13,-1,28,-1,-1
2022-08-13,-1,1164,-1,-1
2022-08-13,-1,2171,-1,-1
2022-08-13,-1,1694,-1,-1
2022-08-13,-1,1319,-1,-1
2022-08-13,-1,807,-1,-1
2022-08-13,-1,351,-1,-1
2022-08-13,-1,259,-1,-1
2022-08-13,è”¡å¾å¤è¶…è¯è¢«å é¢†ï¼Ÿè¿™ä¸‹è°æ‰æ˜¯å°é»‘å­ä¸ç”¨æˆ‘å¤šè¯´äº†å§ï¼ã€é‰´å®šç½‘ç»œçƒ­é—¨æ„šäººæ„šäº‹ã€‘,9308,http://www.bilibili.com/video/av556973415,556973415
2022-08-14,-1,2625,-1,-1
2022-08-14,-1,1281,-1,-1
2022-08-14,-1,1905,-1,-1
2022-08-14,-1,519,-1,-1
2022-08-14,-1,1772,-1,-1
2022-08-14,-1,2130,-1,-1
2022-08-14,-1,2766,-1,-1
2022-08-14,-1,2190,-1,-1
2022-08-14,-1,1494,-1,-1
2022-08-15,-1,1010,-1,-1
2022-08-15,-1,3189,-1,-1
2022-08-15,-1,539,-1,-1
2022-08-15,-1,654,-1,-1
2022-08-15,-1,159,-1,-1
2022-08-15,-1,11,-1,-1
2022-08-15,-1,100,-1,-1
2022-08-15,-1,355,-1,-1
2022-08-16,-1,1551,-1,-1
2022-08-16,-1,514,-1,-1
2022-08-16,-1,2052,-1,-1
2022-08-16,-1,689,-1,-1
2022-08-16,-1,3883,-1,-1
2022-08-16,-1,1249,-1,-1
2022-08-17,-1,523,-1,-1
2022-08-17,-1,2252,-1,-1
2022-08-17,-1,1591,-1,-1
2022-08-17,-1,1146,-1,-1
2022-08-17,-1,5320,-1,-1
2022-08-17,-1,18,-1,-1
2022-08-17,-1,5,-1,-1
2022-08-18,-1,4237,-1,-1
2022-08-18,-1,1749,-1,-1
2022-08-18,-1,702,-1,-1
2022-08-18,-1,1506,-1,-1
2022-08-18,-1,1290,-1,-1
2022-08-18,-1,5774,-1,-1
2022-08-18,-1,1967,-1,-1
2022-08-18,-1,2267,-1,-1
2022-08-18,-1,5020,-1,-1
2022-08-18,-1,3632,-1,-1
2022-08-18,-1,237,-1,-1
2022-08-18,-1,141,-1,-1
2022-08-19,-1,678,-1,-1
2022-08-19,-1,157,-1,-1
2022-08-19,-1,732,-1,-1
2022-08-19,-1,127,-1,-1
2022-08-19,-1,2295,-1,-1
2022-08-19,-1,820,-1,-1
2022-08-19,-1,146,-1,-1
2022-08-19,-1,1254,-1,-1
2022-08-19,-1,755,-1,-1
2022-08-19,-1,843,-1,-1
2022-08-19,-1,1733,-1,-1
2022-08-20,-1,208,-1,-1
2022-08-20,-1,739,-1,-1
2022-08-20,-1,260,-1,-1
2022-08-20,-1,765,-1,-1
2022-08-20,-1,1158,-1,-1
2022-08-20,-1,877,-1,-1
2022-08-20,-1,723,-1,-1
2022-08-20,-1,1845,-1,-1
2022-08-20,-1,781,-1,-1
2022-08-21,-1,1096,-1,-1
2022-08-21,-1,933,-1,-1
2022-08-21,-1,609,-1,-1
2022-08-21,-1,4952,-1,-1
2022-08-21,-1,3690,-1,-1
2022-08-21,-1,549,-1,-1
2022-08-21,-1,727,-1,-1
2022-08-21,-1,23,-1,-1
2022-08-21,-1,770,-1,-1
2022-08-21,-1,2926,-1,-1
2022-08-21,-1,2531,-1,-1
2022-08-21,-1,206,-1,-1
2022-08-21,-1,4354,-1,-1
2022-08-21,-1,943,-1,-1
2022-08-21,-1,571,-1,-1
2022-08-22,-1,752,-1,-1
2022-08-22,-1,900,-1,-1
2022-08-22,-1,263,-1,-1
2022-08-22,-1,450,-1,-1
2022-08-22,-1,491,-1,-1
2022-08-22,-1,251,-1,-1
2022-08-23,-1,3876,-1,-1
2022-08-23,-1,607,-1,-1
2022-08-23,-1,1092,-1,-1
2022-08-23,-1,2584,-1,-1
2022-08-23,-1,2236,-1,-1
2022-08-23,-1,198,-1,-1
2022-08-23,-1,1323,-1,-1
2022-08-23,-1,418,-1,-1
2022-08-23,-1,818,-1,-1
2022-08-24,-1,307,-1,-1
2022-08-24,-1,1323,-1,-1
2022-08-24,-1,2602,-1,-1
2022-08-24,-1,139,-1,-1
2022-08-24,-1,1584,-1,-1
2022-08-24,-1,2110,-1,-1
2022-08-24,-1,1326,-1,-1
2022-08-24,-1,422,-1,-1
2022-08-24,-1,891,-1,-1
2022-08-25,-1,2068,-1,-1
2022-08-25,-1,986,-1,-1
2022-08-25,-1,2876,-1,-1
2022-08-25,-1,1216,-1,-1
2022-08-25,-1,1975,-1,-1
2022-08-25,-1,2037,-1,-1
2022-08-25,-1,540,-1,-1
2022-08-25,-1,233,-1,-1
2022-08-25,-1,1321,-1,-1
2022-08-26,-1,624,-1,-1
2022-08-26,-1,2607,-1,-1
2022-08-26,-1,846,-1,-1
2022-08-26,-1,5232,-1,-1
2022-08-26,-1,954,-1,-1
2022-08-26,-1,1193,-1,-1
2022-08-26,-1,716,-1,-1
2022-08-26,-1,1277,-1,-1
2022-08-26,-1,839,-1,-1
2022-08-27,-1,667,-1,-1
2022-08-27,-1,3551,-1,-1
2022-08-27,-1,561,-1,-1
2022-08-27,-1,4986,-1,-1
2022-08-27,-1,1955,-1,-1
2022-08-27,-1,716,-1,-1
2022-08-27,-1,1024,-1,-1
2022-08-27,-1,838,-1,-1
2022-08-27,-1,1771,-1,-1
2022-08-27,-1,215,-1,-1
2022-08-27,-1,494,-1,-1
2022-08-28,-1,867,-1,-1
2022-08-28,-1,1047,-1,-1
2022-08-28,-1,198,-1,-1
2022-08-28,-1,3694,-1,-1
2022-08-28,-1,657,-1,-1
2022-08-28,-1,887,-1,-1
2022-08-28,-1,803,-1,-1
2022-08-28,-1,347,-1,-1
2022-08-28,-1,837,-1,-1
2022-08-28,-1,3744,-1,-1
2022-08-28,-1,4025,-1,-1
2022-08-28,-1,1772,-1,-1
2022-08-28,-1,1933,-1,-1
2022-08-29,-1,794,-1,-1
2022-08-29,-1,137,-1,-1
2022-08-30,-1,3672,-1,-1
2022-08-30,-1,864,-1,-1
2022-08-30,-1,195,-1,-1
2022-08-30,-1,2963,-1,-1
2022-08-31,-1,1395,-1,-1
2022-08-31,-1,800,-1,-1
2022-08-31,-1,1241,-1,-1
2022-08-31,-1,411,-1,-1
2022-08-31,-1,3023,-1,-1
2022-08-31,-1,504,-1,-1
2022-08-31,-1,957,-1,-1
2022-08-31,-1,428,-1,-1
2022-08-31,-1,9,-1,-1
2022-09-01,-1,603,-1,-1
2022-09-01,-1,891,-1,-1
2022-09-01,-1,415,-1,-1
2022-09-01,-1,2452,-1,-1
2022-09-01,-1,323,-1,-1
2022-09-01,-1,869,-1,-1
2022-09-01,-1,723,-1,-1
2022-09-02,-1,973,-1,-1
2022-09-02,-1,2079,-1,-1
2022-09-02,-1,824,-1,-1
2022-09-02,-1,4153,-1,-1
2022-09-02,-1,340,-1,-1
2022-09-02,-1,597,-1,-1
2022-09-02,-1,1028,-1,-1
2022-09-03,-1,282,-1,-1
2022-09-03,-1,3072,-1,-1
2022-09-03,-1,354,-1,-1
2022-09-03,-1,912,-1,-1
2022-09-03,-1,2297,-1,-1
2022-09-03,-1,470,-1,-1
2022-09-04,-1,457,-1,-1
2022-09-04,-1,397,-1,-1
2022-09-04,-1,1996,-1,-1
2022-09-04,-1,3027,-1,-1
2022-09-04,-1,861,-1,-1
2022-09-04,-1,659,-1,-1
2022-09-04,-1,306,-1,-1
2022-09-04,-1,476,-1,-1
2022-09-04,-1,1571,-1,-1
2022-09-04,-1,467,-1,-1
2022-09-04,-1,87,-1,-1
2022-09-04,ä¸€å®¶åªæ‹›å¾…IKUNçš„é¤å…,8509,http://www.bilibili.com/video/av387668517,387668517
2022-09-05,-1,809,-1,-1
2022-09-05,-1,933,-1,-1
2022-09-05,-1,615,-1,-1
2022-09-05,-1,618,-1,-1
2022-09-05,-1,294,-1,-1
2022-09-05,-1,185,-1,-1
2022-09-05,-1,1980,-1,-1
2022-09-06,-1,30,-1,-1
2022-09-06,-1,2803,-1,-1
2022-09-07,-1,599,-1,-1
2022-09-07,-1,723,-1,-1
2022-09-07,-1,645,-1,-1
2022-09-08,-1,728,-1,-1
2022-09-08,-1,612,-1,-1
2022-09-08,-1,1278,-1,-1
2022-09-08,-1,554,-1,-1
2022-09-08,-1,254,-1,-1
2022-09-08,-1,477,-1,-1
2022-09-08,-1,1133,-1,-1
2022-09-09,-1,553,-1,-1
2022-09-09,-1,386,-1,-1
2022-09-09,-1,245,-1,-1
2022-09-09,-1,390,-1,-1
2022-09-09,-1,436,-1,-1
2022-09-09,-1,1352,-1,-1
2022-09-09,-1,688,-1,-1
2022-09-09,-1,280,-1,-1
2022-09-09,-1,6528,-1,-1
2022-09-09,-1,267,-1,-1
2022-09-10,-1,260,-1,-1
2022-09-10,-1,1942,-1,-1
2022-09-10,-1,156,-1,-1
2022-09-10,-1,680,-1,-1
2022-09-10,-1,5077,-1,-1
2022-09-10,-1,31,-1,-1
2022-09-10,-1,1580,-1,-1
2022-09-10,-1,180,-1,-1
2022-09-10,-1,203,-1,-1
2022-09-10,-1,588,-1,-1
2022-09-10,-1,2419,-1,-1
2022-09-10,-1,6499,-1,-1
2022-09-10,-1,501,-1,-1
2022-09-10,-1,4662,-1,-1
2022-09-10,-1,2192,-1,-1
2022-09-10,-1,1185,-1,-1
2022-09-10,-1,139,-1,-1
2022-09-11,-1,708,-1,-1
2022-09-11,-1,1134,-1,-1
2022-09-11,-1,2746,-1,-1
2022-09-11,-1,33,-1,-1
2022-09-12,-1,2536,-1,-1
2022-09-12,-1,1396,-1,-1
2022-09-12,-1,207,-1,-1
2022-09-12,-1,477,-1,-1
2022-09-12,-1,1204,-1,-1
2022-09-12,-1,627,-1,-1
2022-09-12,-1,2046,-1,-1
2022-09-12,-1,1646,-1,-1
2022-09-12,-1,1054,-1,-1
2022-09-13,-1,1088,-1,-1
2022-09-13,-1,1031,-1,-1
2022-09-13,-1,1035,-1,-1
2022-09-14,-1,4832,-1,-1
2022-09-14,-1,360,-1,-1
2022-09-14,-1,1406,-1,-1
2022-09-14,-1,981,-1,-1
2022-09-14,-1,1010,-1,-1
2022-09-14,-1,857,-1,-1
2022-09-14,-1,4113,-1,-1
2022-09-14,-1,636,-1,-1
2022-09-14,-1,20,-1,-1
2022-09-14,-1,2519,-1,-1
2022-09-15,-1,2559,-1,-1
2022-09-15,-1,174,-1,-1
2022-09-15,-1,1382,-1,-1
2022-09-15,-1,448,-1,-1
2022-09-15,-1,541,-1,-1
2022-09-16,-1,287,-1,-1
2022-09-16,-1,2891,-1,-1
2022-09-16,-1,428,-1,-1
2022-09-16,-1,157,-1,-1
2022-09-16,-1,666,-1,-1
2022-09-16,-1,65,-1,-1
2022-09-16,-1,1460,-1,-1
2022-09-16,-1,2043,-1,-1
2022-09-17,-1,1959,-1,-1
2022-09-17,-1,3025,-1,-1
2022-09-17,-1,421,-1,-1
2022-09-17,-1,967,-1,-1
2022-09-17,-1,918,-1,-1
2022-09-17,-1,204,-1,-1
2022-09-17,-1,1672,-1,-1
2022-09-17,-1,831,-1,-1
2022-09-17,-1,1302,-1,-1
2022-09-18,-1,1075,-1,-1
2022-09-18,-1,4353,-1,-1
2022-09-18,-1,747,-1,-1
2022-09-18,-1,1461,-1,-1
2022-09-18,-1,543,-1,-1
2022-09-18,-1,1234,-1,-1
2022-09-19,-1,1189,-1,-1
2022-09-19,-1,734,-1,-1
2022-09-19,-1,953,-1,-1
2022-09-19,-1,934,-1,-1
2022-09-19,-1,2102,-1,-1
2022-09-19,-1,728,-1,-1
2022-09-19,-1,969,-1,-1
2022-09-20,-1,5106,-1,-1
2022-09-20,-1,977,-1,-1
2022-09-20,-1,1,-1,-1
2022-09-21,-1,4853,-1,-1
2022-09-21,-1,1426,-1,-1
2022-09-21,-1,133,-1,-1
2022-09-21,-1,314,-1,-1
2022-09-22,-1,815,-1,-1
2022-09-22,-1,1943,-1,-1
2022-09-22,-1,898,-1,-1
2022-09-22,-1,1119,-1,-1
2022-09-22,-1,1614,-1,-1
2022-09-22,-1,1738,-1,-1
2022-09-22,-1,291,-1,-1
2022-09-22,-1,509,-1,-1
2022-09-23,-1,2894,-1,-1
2022-09-23,-1,3989,-1,-1
2022-09-23,-1,556,-1,-1
2022-09-23,-1,3981,-1,-1
2022-09-23,-1,628,-1,-1
2022-09-23,-1,182,-1,-1
2022-09-23,-1,282,-1,-1
2022-09-23,-1,666,-1,-1
2022-09-24,-1,1895,-1,-1
2022-09-24,-1,21,-1,-1
2022-09-24,-1,348,-1,-1
2022-09-24,-1,167,-1,-1
2022-09-24,-1,1213,-1,-1
2022-09-24,-1,1497,-1,-1
2022-09-24,-1,1214,-1,-1
2022-09-24,-1,223,-1,-1
2022-09-24,-1,203,-1,-1
2022-09-24,-1,1191,-1,-1
2022-09-24,-1,165,-1,-1
2022-09-24,-1,48,-1,-1
2022-09-25,-1,2337,-1,-1
2022-09-25,-1,941,-1,-1
2022-09-26,-1,1051,-1,-1
2022-09-26,-1,2026,-1,-1
2022-09-26,-1,122,-1,-1
2022-09-26,-1,346,-1,-1
2022-09-26,-1,807,-1,-1
2022-09-27,-1,750,-1,-1
2022-09-27,-1,222,-1,-1
2022-09-27,-1,596,-1,-1
2022-09-27,-1,827,-1,-1
2022-09-27,-1,559,-1,-1
2022-09-27,-1,976,-1,-1
2022-09-27,-1,1332,-1,-1
2022-09-27,-1,257,-1,-1
2022-09-27,-1,1064,-1,-1
2022-09-28,-1,1204,-1,-1
2022-09-28,-1,546,-1,-1
2022-09-28,-1,1362,-1,-1
2022-09-28,-1,455,-1,-1
2022-09-28,-1,509,-1,-1
2022-09-28,-1,216,-1,-1
2022-09-28,-1,2192,-1,-1
2022-09-28,-1,6343,-1,-1
2022-09-28,-1,837,-1,-1
2022-09-29,-1,142,-1,-1
2022-09-29,-1,5,-1,-1
2022-09-29,-1,510,-1,-1
2022-09-29,-1,946,-1,-1
2022-09-29,-1,974,-1,-1
2022-09-29,-1,1723,-1,-1
2022-09-29,-1,624,-1,-1
2022-09-29,-1,1238,-1,-1
2022-09-29,-1,549,-1,-1
2022-09-29,-1,627,-1,-1
2022-09-29,-1,941,-1,-1
2022-09-29,-1,460,-1,-1
2022-09-30,-1,1370,-1,-1
2022-09-30,-1,631,-1,-1
2022-09-30,-1,1206,-1,-1
2022-09-30,-1,474,-1,-1
2022-09-30,-1,2213,-1,-1
2022-09-30,-1,3721,-1,-1
2022-09-30,-1,1636,-1,-1
2022-09-30,-1,950,-1,-1
2022-09-30,-1,18,-1,-1
2022-09-30,-1,1028,-1,-1
2022-09-30,-1,590,-1,-1
2022-10-01,-1,748,-1,-1
2022-10-01,-1,583,-1,-1
2022-10-01,-1,1498,-1,-1
2022-10-01,-1,5099,-1,-1
2022-10-01,-1,1237,-1,-1
2022-10-01,-1,1070,-1,-1
2022-10-01,-1,395,-1,-1
2022-10-01,-1,7311,-1,-1
2022-10-01,-1,370,-1,-1
2022-10-02,-1,847,-1,-1
2022-10-02,-1,536,-1,-1
2022-10-02,-1,583,-1,-1
2022-10-02,-1,1139,-1,-1
2022-10-02,-1,49,-1,-1
2022-10-02,-1,3822,-1,-1
2022-10-02,-1,207,-1,-1
2022-10-02,-1,602,-1,-1
2022-10-03,-1,177,-1,-1
2022-10-03,-1,1374,-1,-1
2022-10-03,-1,348,-1,-1
2022-10-03,-1,1097,-1,-1
2022-10-03,-1,2162,-1,-1
2022-10-03,-1,4,-1,-1
2022-10-03,-1,512,-1,-1
2022-10-03,-1,1322,-1,-1
2022-10-03,-1,2859,-1,-1
2022-10-03,-1,118,-1,-1
2022-10-03,-1,1196,-1,-1
2022-10-04,-1,1797,-1,-1
2022-10-04,-1,983,-1,-1
2022-10-04,-1,225,-1,-1
2022-10-04,-1,340,-1,-1
2022-10-04,-1,282,-1,-1
2022-10-04,-1,1334,-1,-1
2022-10-04,-1,387,-1,-1
2022-10-04,-1,233,-1,-1
2022-10-04,-1,480,-1,-1
2022-10-04,-1,1005,-1,-1
2022-10-05,-1,242,-1,-1
2022-10-05,-1,83,-1,-1
2022-10-05,-1,59,-1,-1
2022-10-05,-1,1,-1,-1
2022-10-05,-1,1889,-1,-1
2022-10-05,-1,8,-1,-1
2022-10-05,-1,2116,-1,-1
2022-10-06,-1,229,-1,-1
2022-10-06,-1,763,-1,-1
2022-10-06,-1,1272,-1,-1
2022-10-06,-1,265,-1,-1
2022-10-06,-1,291,-1,-1
2022-10-06,-1,2,-1,-1
2022-10-06,-1,3231,-1,-1
2022-10-06,-1,1307,-1,-1
2022-10-06,-1,663,-1,-1
2022-10-07,-1,462,-1,-1
2022-10-07,-1,167,-1,-1
2022-10-07,-1,1564,-1,-1
2022-10-07,-1,910,-1,-1
2022-10-07,-1,74,-1,-1
2022-10-08,-1,1036,-1,-1
2022-10-08,-1,344,-1,-1
2022-10-08,-1,465,-1,-1
2022-10-08,-1,532,-1,-1
2022-10-08,-1,917,-1,-1
2022-10-08,-1,232,-1,-1
2022-10-09,-1,2703,-1,-1
2022-10-09,-1,529,-1,-1
2022-10-09,-1,15,-1,-1
2022-10-09,-1,1743,-1,-1
2022-10-09,-1,439,-1,-1
2022-10-10,-1,2841,-1,-1
2022-10-10,-1,1672,-1,-1
2022-10-10,-1,22,-1,-1
2022-10-10,-1,1625,-1,-1
2022-10-10,-1,1678,-1,-1
2022-10-10,-1,262,-1,-1
2022-10-10,-1,2364,-1,-1
2022-10-11,-1,855,-1,-1
2022-10-11,-1,433,-1,-1
2022-10-11,-1,543,-1,-1
2022-10-11,-1,74,-1,-1
2022-10-11,-1,1787,-1,-1
2022-10-11,-1,2113,-1,-1
2022-10-11,-1,1079,-1,-1
2022-10-11,-1,2986,-1,-1
2022-10-12,-1,738,-1,-1
2022-10-12,-1,422,-1,-1
2022-10-12,-1,582,-1,-1
2022-10-12,-1,397,-1,-1
2022-10-12,-1,239,-1,-1
2022-10-12,-1,124,-1,-1
2022-10-12,-1,2486,-1,-1
2022-10-12,-1,376,-1,-1
2022-10-12,-1,512,-1,-1
2022-10-13,-1,892,-1,-1
2022-10-13,-1,1016,-1,-1
2022-10-13,-1,1878,-1,-1
2022-10-13,-1,426,-1,-1
2022-10-14,-1,3602,-1,-1
2022-10-14,-1,511,-1,-1
2022-10-14,-1,303,-1,-1
2022-10-14,-1,421,-1,-1
2022-10-14,-1,1248,-1,-1
2022-10-14,-1,805,-1,-1
2022-10-14,-1,900,-1,-1
2022-10-14,-1,585,-1,-1
2022-10-14,-1,1800,-1,-1
2022-10-15,-1,1028,-1,-1
2022-10-15,-1,525,-1,-1
2022-10-15,-1,5617,-1,-1
2022-10-15,-1,842,-1,-1
2022-10-15,-1,2817,-1,-1
2022-10-15,-1,217,-1,-1
2022-10-15,-1,808,-1,-1
2022-10-15,-1,504,-1,-1
2022-10-15,-1,825,-1,-1
2022-10-15,ã€Šå¤§ æ‚² å’’ã€‹ï¼Œä½†æ˜¯å‡»ä½ èƒæ²¡ã€‚,15926,http://www.bilibili.com/video/av986550002,986550002
2022-10-16,-1,841,-1,-1
2022-10-16,-1,1934,-1,-1
2022-10-16,-1,225,-1,-1
2022-10-16,-1,482,-1,-1
2022-10-17,-1,2209,-1,-1
2022-10-17,-1,1861,-1,-1
2022-10-17,-1,172,-1,-1
2022-10-17,-1,2125,-1,-1
2022-10-17,-1,2222,-1,-1
2022-10-18,-1,2600,-1,-1
2022-10-18,-1,567,-1,-1
2022-10-18,-1,616,-1,-1
2022-10-19,-1,577,-1,-1
2022-10-19,-1,1639,-1,-1
2022-10-19,-1,1144,-1,-1
2022-10-19,-1,1002,-1,-1
2022-10-19,-1,525,-1,-1
2022-10-19,-1,119,-1,-1
2022-10-19,-1,830,-1,-1
2022-10-19,-1,1507,-1,-1
2022-10-19,-1,769,-1,-1
2022-10-20,-1,851,-1,-1
2022-10-20,-1,575,-1,-1
2022-10-20,-1,22,-1,-1
2022-10-20,-1,201,-1,-1
2022-10-20,-1,1285,-1,-1
2022-10-20,-1,223,-1,-1
2022-10-20,-1,264,-1,-1
2022-10-20,-1,2343,-1,-1
2022-10-20,-1,1195,-1,-1
2022-10-20,-1,1299,-1,-1
2022-10-21,-1,669,-1,-1
2022-10-22,-1,312,-1,-1
2022-10-22,-1,1905,-1,-1
2022-10-22,-1,1473,-1,-1
2022-10-22,-1,483,-1,-1
2022-10-22,-1,760,-1,-1
2022-10-22,-1,241,-1,-1
2022-10-22,-1,2916,-1,-1
2022-10-23,-1,2442,-1,-1
2022-10-23,-1,2747,-1,-1
2022-10-23,-1,193,-1,-1
2022-10-23,-1,668,-1,-1
2022-10-24,-1,1464,-1,-1
2022-10-24,-1,599,-1,-1
2022-10-24,-1,523,-1,-1
2022-10-24,-1,874,-1,-1
2022-10-24,-1,139,-1,-1
2022-10-24,-1,1938,-1,-1
2022-10-24,-1,733,-1,-1
2022-10-24,-1,435,-1,-1
2022-10-24,-1,1558,-1,-1
2022-10-25,-1,228,-1,-1
2022-10-25,-1,710,-1,-1
2022-10-25,-1,447,-1,-1
2022-10-25,-1,651,-1,-1
2022-10-25,-1,1068,-1,-1
2022-10-25,-1,266,-1,-1
2022-10-26,-1,38,-1,-1
2022-10-26,&quot;ç»˜åˆ¶ä¸¤å¹´åŠ&quot;ã€Šå°é¸¡å­å›¾ã€‹å¤å¤ä¹å¹´åœ¨ä¼šé¸¡å±±ï¼Œè¯·ç½‘å‹é‰´èµ~,18027,http://www.bilibili.com/video/av646978624,646978624
2022-10-26,-1,4343,-1,-1
2022-10-26,-1,1141,-1,-1
2022-10-26,-1,39,-1,-1
2022-10-26,-1,4828,-1,-1
2022-10-26,-1,1719,-1,-1
2022-10-26,-1,740,-1,-1
2022-10-26,-1,0,-1,-1
2022-10-27,-1,689,-1,-1
2022-10-27,-1,1828,-1,-1
2022-10-27,-1,1016,-1,-1
2022-10-27,-1,1298,-1,-1
2022-10-27,-1,78,-1,-1
2022-10-27,-1,1384,-1,-1
2022-10-27,-1,14,-1,-1
2022-10-28,-1,807,-1,-1
2022-10-28,-1,502,-1,-1
2022-10-28,-1,1523,-1,-1
2022-10-28,-1,1637,-1,-1
2022-10-28,-1,1245,-1,-1
2022-10-28,-1,365,-1,-1
2022-10-28,-1,948,-1,-1
2022-10-28,-1,133,-1,-1
2022-10-28,é¸¡ ä½  å¤ª ç¾ å®˜ æ–¹ M V,45665,http://www.bilibili.com/video/av219590518,219590518
2022-10-28,åªå› ä½ å¤ªç¾ï¼Œä½†æ˜¯å›¢ä½“ç‰ˆã€J-wingsã€‘,15839,http://www.bilibili.com/video/av561967543,561967543
2022-10-29,-1,1047,-1,-1
2022-10-29,-1,387,-1,-1
2022-10-30,-1,1259,-1,-1
2022-10-30,-1,1628,-1,-1
2022-10-30,-1,19,-1,-1
2022-10-30,-1,1762,-1,-1
2022-10-30,-1,1275,-1,-1
2022-10-30,-1,294,-1,-1
2022-10-30,-1,2458,-1,-1
2022-10-30,-1,1908,-1,-1
2022-10-31,-1,466,-1,-1
2022-10-31,-1,83,-1,-1
2022-10-31,-1,960,-1,-1
2022-10-31,-1,925,-1,-1
2022-10-31,-1,662,-1,-1
2022-10-31,-1,26,-1,-1
2022-10-31,-1,605,-1,-1
2022-10-31,-1,23,-1,-1
2022-10-31,-1,155,-1,-1
2022-11-01,-1,4449,-1,-1
2022-11-01,-1,479,-1,-1
2022-11-01,-1,1145,-1,-1
2022-11-01,-1,490,-1,-1
2022-11-02,-1,843,-1,-1
2022-11-02,-1,1106,-1,-1
2022-11-03,-1,300,-1,-1
2022-11-03,-1,959,-1,-1
2022-11-03,-1,566,-1,-1
2022-11-03,-1,734,-1,-1
2022-11-04,-1,575,-1,-1
2022-11-04,-1,73,-1,-1
2022-11-04,-1,275,-1,-1
2022-11-04,-1,608,-1,-1
2022-11-04,-1,1967,-1,-1
2022-11-04,-1,956,-1,-1
2022-11-04,-1,711,-1,-1
2022-11-04,-1,41,-1,-1
2022-11-04,-1,193,-1,-1
2022-11-05,-1,1285,-1,-1
2022-11-05,-1,620,-1,-1
2022-11-05,-1,7534,-1,-1
2022-11-05,-1,360,-1,-1
2022-11-05,-1,1713,-1,-1
2022-11-05,-1,473,-1,-1
2022-11-05,-1,345,-1,-1
2022-11-06,-1,923,-1,-1
2022-11-06,-1,2077,-1,-1
2022-11-06,-1,2679,-1,-1
2022-11-07,-1,1154,-1,-1
2022-11-07,-1,576,-1,-1
2022-11-08,-1,1233,-1,-1
2022-11-08,-1,1776,-1,-1
2022-11-09,-1,122,-1,-1
2022-11-09,-1,80,-1,-1
2022-11-09,-1,556,-1,-1
2022-11-09,-1,725,-1,-1
2022-11-09,-1,2403,-1,-1
2022-11-09,-1,7,-1,-1
2022-11-09,-1,608,-1,-1
2022-11-10,-1,336,-1,-1
2022-11-10,-1,985,-1,-1
2022-11-10,-1,394,-1,-1
2022-11-10,-1,155,-1,-1
2022-11-10,-1,238,-1,-1
2022-11-10,-1,1435,-1,-1
2022-11-10,-1,17,-1,-1
2022-11-10,-1,3,-1,-1
2022-11-11,è¿ç»­çœ‹10å°æ—¶é¸¡ä½ å¤ªç¾ğŸ”ç›´åˆ°æ­»äº¡,10195,http://www.bilibili.com/video/av262452093,262452093
2022-11-11,-1,854,-1,-1
2022-11-11,-1,311,-1,-1
2022-11-11,-1,366,-1,-1
2022-11-12,-1,531,-1,-1
2022-11-12,-1,1197,-1,-1
2022-11-12,-1,2625,-1,-1
2022-11-12,-1,466,-1,-1
2022-11-12,-1,2966,-1,-1
2022-11-12,-1,552,-1,-1
2022-11-12,-1,1904,-1,-1
2022-11-12,-1,9,-1,-1
2022-11-12,-1,414,-1,-1
2022-11-12,-1,921,-1,-1
2022-11-12,-1,655,-1,-1
2022-11-12,-1,1289,-1,-1
2022-11-13,-1,634,-1,-1
2022-11-13,-1,310,-1,-1
2022-11-13,-1,1403,-1,-1
2022-11-13,-1,1045,-1,-1
2022-11-13,-1,2028,-1,-1
2022-11-13,-1,11,-1,-1
2022-11-13,-1,1189,-1,-1
2022-11-13,-1,522,-1,-1
2022-11-14,-1,195,-1,-1
2022-11-14,-1,424,-1,-1
2022-11-14,-1,3,-1,-1
2022-11-14,-1,489,-1,-1
2022-11-14,-1,642,-1,-1
2022-11-14,-1,432,-1,-1
2022-11-14,-1,310,-1,-1
2022-11-14,-1,880,-1,-1
2022-11-14,-1,818,-1,-1
2022-11-15,-1,57,-1,-1
2022-11-15,-1,185,-1,-1
2022-11-15,-1,935,-1,-1
2022-11-15,-1,3207,-1,-1
2022-11-15,-1,10,-1,-1
2022-11-15,-1,1587,-1,-1
2022-11-15,-1,45,-1,-1
2022-11-16,-1,2264,-1,-1
2022-11-16,-1,1855,-1,-1
2022-11-16,-1,2303,-1,-1
2022-11-16,-1,1272,-1,-1
2022-11-16,-1,7,-1,-1
2022-11-16,-1,691,-1,-1
2022-11-17,-1,460,-1,-1
2022-11-17,-1,1026,-1,-1
2022-11-17,-1,1164,-1,-1
2022-11-17,-1,74,-1,-1
2022-11-17,-1,282,-1,-1
2022-11-17,-1,661,-1,-1
2022-11-18,-1,1844,-1,-1
2022-11-18,-1,12,-1,-1
2022-11-18,-1,1584,-1,-1
2022-11-18,-1,4129,-1,-1
2022-11-18,-1,798,-1,-1
2022-11-18,-1,572,-1,-1
2022-11-18,-1,249,-1,-1
2022-11-19,-1,2107,-1,-1
2022-11-19,-1,899,-1,-1
2022-11-19,-1,227,-1,-1
2022-11-19,-1,892,-1,-1
2022-11-19,-1,107,-1,-1
2022-11-19,-1,156,-1,-1
2022-11-19,-1,1442,-1,-1
2022-11-20,-1,12,-1,-1
2022-11-20,-1,345,-1,-1
2022-11-20,-1,380,-1,-1
2022-11-20,-1,25,-1,-1
2022-11-20,-1,1311,-1,-1
2022-11-20,-1,358,-1,-1
2022-11-20,-1,48,-1,-1
2022-11-20,-1,1272,-1,-1
2022-11-21,-1,1049,-1,-1
2022-11-21,-1,783,-1,-1
2022-11-21,-1,631,-1,-1
2022-11-21,-1,3856,-1,-1
2022-11-21,-1,2,-1,-1
2022-11-21,-1,5,-1,-1
2022-11-21,-1,128,-1,-1
2022-11-21,-1,1408,-1,-1
2022-11-21,-1,416,-1,-1
2022-11-21,-1,154,-1,-1
2022-11-21,-1,2359,-1,-1
2022-11-21,-1,460,-1,-1
2022-11-22,-1,759,-1,-1
2022-11-22,-1,646,-1,-1
2022-11-22,-1,715,-1,-1
2022-11-23,-1,716,-1,-1
2022-11-23,-1,518,-1,-1
2022-11-23,-1,209,-1,-1
2022-11-23,-1,756,-1,-1
2022-11-23,-1,839,-1,-1
2022-11-23,-1,897,-1,-1
2022-11-23,-1,2089,-1,-1
2022-11-23,-1,831,-1,-1
2022-11-24,-1,571,-1,-1
2022-11-24,-1,3093,-1,-1
2022-11-24,-1,2858,-1,-1
2022-11-24,-1,693,-1,-1
2022-11-24,-1,664,-1,-1
2022-11-24,-1,1060,-1,-1
2022-11-24,-1,477,-1,-1
2022-11-24,-1,114,-1,-1
2022-11-25,-1,70,-1,-1
2022-11-25,-1,14,-1,-1
2022-11-25,-1,251,-1,-1
2022-11-25,-1,512,-1,-1
2022-11-25,-1,469,-1,-1
2022-11-25,-1,1021,-1,-1
2022-11-25,-1,262,-1,-1
2022-11-25,-1,1264,-1,-1
2022-11-25,-1,1178,-1,-1
2022-11-26,-1,633,-1,-1
2022-11-26,-1,325,-1,-1
2022-11-26,-1,4407,-1,-1
2022-11-26,-1,1452,-1,-1
2022-11-26,-1,4273,-1,-1
2022-11-26,-1,716,-1,-1
2022-11-26,-1,438,-1,-1
2022-11-26,-1,424,-1,-1
2022-11-26,-1,893,-1,-1
2022-11-26,-1,73,-1,-1
2022-11-26,-1,796,-1,-1
2022-11-27,-1,290,-1,-1
2022-11-27,-1,655,-1,-1
2022-11-27,-1,78,-1,-1
2022-11-27,-1,68,-1,-1
2022-11-27,-1,2024,-1,-1
2022-11-27,-1,796,-1,-1
2022-11-27,-1,22,-1,-1
2022-11-27,-1,280,-1,-1
2022-11-27,-1,936,-1,-1
2022-11-27,-1,381,-1,-1
2022-11-28,-1,10,-1,-1
2022-11-28,-1,2347,-1,-1
2022-11-28,-1,660,-1,-1
2022-11-28,-1,4304,-1,-1
2022-11-28,-1,79,-1,-1
2022-11-29,-1,932,-1,-1
2022-11-29,-1,1117,-1,-1
2022-11-29,-1,275,-1,-1
2022-11-29,-1,336,-1,-1
2022-11-30,æŠŠä½ çš„å¤´åƒåšæˆæ‰‹åŠä¼šæ€æ ·ï¼Ÿæœ¬æ¥è¿˜æŒºå–œæ¬¢çœ‹æ‰‹å·¥çš„,15837,http://www.bilibili.com/video/av775700626,775700626
2022-11-30,-1,749,-1,-1
2022-11-30,-1,28,-1,-1
2022-11-30,-1,393,-1,-1
2022-11-30,-1,574,-1,-1
2022-11-30,-1,1153,-1,-1
2022-11-30,-1,431,-1,-1
2022-12-01,-1,1196,-1,-1
2022-12-01,-1,168,-1,-1
2022-12-01,-1,102,-1,-1
2022-12-01,-1,688,-1,-1
2022-12-01,-1,560,-1,-1
2022-12-02,-1,1037,-1,-1
2022-12-02,-1,543,-1,-1
2022-12-02,-1,567,-1,-1
2022-12-02,-1,247,-1,-1
2022-12-02,-1,424,-1,-1
2022-12-02,-1,2343,-1,-1
2022-12-02,-1,1648,-1,-1
2022-12-02,-1,17,-1,-1
2022-12-02,-1,248,-1,-1
2022-12-03,-1,646,-1,-1
2022-12-03,-1,2817,-1,-1
2022-12-03,-1,146,-1,-1
2022-12-03,-1,789,-1,-1
2022-12-04,-1,423,-1,-1
2022-12-04,-1,6264,-1,-1
2022-12-04,-1,651,-1,-1
2022-12-04,-1,302,-1,-1
2022-12-04,-1,2106,-1,-1
2022-12-05,-1,731,-1,-1
2022-12-05,-1,324,-1,-1
2022-12-05,-1,349,-1,-1
2022-12-05,-1,907,-1,-1
2022-12-05,-1,271,-1,-1
2022-12-06,-1,1199,-1,-1
2022-12-06,-1,879,-1,-1
2022-12-07,-1,4366,-1,-1
2022-12-07,-1,2384,-1,-1
2022-12-07,-1,1697,-1,-1
2022-12-07,-1,2142,-1,-1
2022-12-07,-1,5853,-1,-1
2022-12-07,-1,342,-1,-1
2022-12-07,-1,1731,-1,-1
2022-12-07,-1,64,-1,-1
2022-12-07,-1,317,-1,-1
2022-12-07,-1,4,-1,-1
2022-12-08,-1,10,-1,-1
2022-12-08,-1,401,-1,-1
2022-12-08,-1,1091,-1,-1
2022-12-08,-1,20,-1,-1
2022-12-08,-1,708,-1,-1
2022-12-08,-1,459,-1,-1
2022-12-08,-1,1298,-1,-1
2022-12-09,-1,1212,-1,-1
2022-12-09,-1,4110,-1,-1
2022-12-09,-1,2340,-1,-1
2022-12-10,-1,1191,-1,-1
2022-12-10,-1,92,-1,-1
2022-12-10,-1,89,-1,-1
2022-12-10,-1,409,-1,-1
2022-12-10,-1,731,-1,-1
2022-12-10,-1,908,-1,-1
2022-12-10,-1,305,-1,-1
2022-12-10,-1,137,-1,-1
2022-12-10,-1,111,-1,-1
2022-12-11,-1,1,-1,-1
2022-12-11,-1,349,-1,-1
2022-12-11,-1,1615,-1,-1
2022-12-11,-1,451,-1,-1
2022-12-11,-1,1166,-1,-1
2022-12-11,-1,922,-1,-1
2022-12-11,-1,1092,-1,-1
2022-12-12,-1,26,-1,-1
2022-12-12,-1,183,-1,-1
2022-12-12,-1,732,-1,-1
2022-12-12,-1,290,-1,-1
2022-12-13,-1,2705,-1,-1
2022-12-13,-1,2852,-1,-1
2022-12-13,-1,369,-1,-1
2022-12-13,-1,1077,-1,-1
2022-12-14,-1,1339,-1,-1
2022-12-14,-1,3302,-1,-1
2022-12-14,-1,1227,-1,-1
2022-12-14,-1,2,-1,-1
2022-12-14,-1,4640,-1,-1
2022-12-14,-1,2067,-1,-1
2022-12-14,-1,2898,-1,-1
2022-12-14,-1,727,-1,-1
2022-12-15,-1,298,-1,-1
2022-12-15,-1,1028,-1,-1
2022-12-15,-1,2662,-1,-1
2022-12-15,-1,713,-1,-1
2022-12-15,-1,503,-1,-1
2022-12-15,-1,1081,-1,-1
2022-12-16,-1,2106,-1,-1
2022-12-16,-1,1065,-1,-1
2022-12-16,-1,4364,-1,-1
2022-12-16,-1,1478,-1,-1
2022-12-16,-1,916,-1,-1
2022-12-16,-1,51,-1,-1
2022-12-16,-1,652,-1,-1
2022-12-16,-1,227,-1,-1
2022-12-17,-1,60,-1,-1
2022-12-17,-1,2390,-1,-1
2022-12-17,-1,279,-1,-1
2022-12-17,-1,1360,-1,-1
2022-12-18,-1,226,-1,-1
2022-12-18,-1,3044,-1,-1
2022-12-18,-1,130,-1,-1
2022-12-19,-1,887,-1,-1
2022-12-19,-1,2164,-1,-1
2022-12-19,-1,1099,-1,-1
2022-12-19,-1,690,-1,-1
2022-12-19,-1,869,-1,-1
2022-12-19,-1,251,-1,-1
2022-12-20,-1,1356,-1,-1
2022-12-20,-1,294,-1,-1
2022-12-20,-1,271,-1,-1
2022-12-20,-1,793,-1,-1
2022-12-20,-1,442,-1,-1
2022-12-20,-1,2190,-1,-1
2022-12-20,-1,860,-1,-1
2022-12-21,-1,601,-1,-1
2022-12-21,-1,674,-1,-1
2022-12-21,-1,2,-1,-1
2022-12-21,-1,317,-1,-1
2022-12-21,-1,266,-1,-1
2022-12-22,-1,1199,-1,-1
2022-12-22,-1,2,-1,-1
2022-12-22,-1,180,-1,-1
2022-12-22,-1,998,-1,-1
2022-12-22,-1,331,-1,-1
2022-12-22,-1,1808,-1,-1
2022-12-22,-1,768,-1,-1
2022-12-22,-1,1,-1,-1
2022-12-23,-1,1079,-1,-1
2022-12-23,-1,54,-1,-1
2022-12-23,-1,3739,-1,-1
2022-12-23,â€œèµæˆ‘ï¼Œä¸€ä¸ªåå¹´å‰çš„é¬¼ç•œåŒºâ€,13288,http://www.bilibili.com/video/av649005440,649005440
2022-12-23,-1,902,-1,-1
2022-12-23,-1,81,-1,-1
2022-12-23,-1,2018,-1,-1
2022-12-24,-1,470,-1,-1
2022-12-24,-1,214,-1,-1
2022-12-24,-1,2189,-1,-1
2022-12-24,-1,9,-1,-1
2022-12-24,-1,32,-1,-1
2022-12-24,-1,3475,-1,-1
2022-12-25,-1,292,-1,-1
2022-12-25,-1,781,-1,-1
2022-12-25,-1,1178,-1,-1
2022-12-25,-1,10,-1,-1
2022-12-26,-1,3255,-1,-1
2022-12-26,-1,478,-1,-1
2022-12-26,-1,310,-1,-1
2022-12-27,-1,24,-1,-1
2022-12-27,-1,794,-1,-1
2022-12-27,-1,1386,-1,-1
2022-12-27,-1,695,-1,-1
2022-12-27,-1,828,-1,-1
2022-12-27,-1,432,-1,-1
2022-12-28,-1,30,-1,-1
2022-12-28,-1,2258,-1,-1
2022-12-28,-1,77,-1,-1
2022-12-28,-1,1675,-1,-1
2022-12-28,-1,7204,-1,-1
2022-12-28,-1,604,-1,-1
2022-12-29,-1,843,-1,-1
2022-12-29,-1,1511,-1,-1
2022-12-29,-1,1209,-1,-1
2022-12-29,-1,750,-1,-1
2022-12-29,-1,1369,-1,-1
2022-12-29,-1,38,-1,-1
2022-12-30,-1,4950,-1,-1
2022-12-30,-1,1493,-1,-1
2022-12-30,-1,2362,-1,-1
2022-12-30,-1,611,-1,-1
2022-12-30,-1,20,-1,-1
2022-12-31,-1,2040,-1,-1
2022-12-31,-1,621,-1,-1
2022-12-31,-1,1623,-1,-1
2022-12-31,-1,2494,-1,-1
2022-12-31,-1,2964,-1,-1
2022-12-31,-1,404,-1,-1
2022-12-31,-1,451,-1,-1
2022-12-31,-1,1637,-1,-1
2022-12-31,-1,1879,-1,-1
2022-12-31,-1,23,-1,-1
2023-01-01,-1,638,-1,-1
2023-01-01,-1,318,-1,-1
2023-01-01,-1,761,-1,-1
2023-01-01,-1,1450,-1,-1
2023-01-01,-1,1610,-1,-1
2023-01-01,-1,3682,-1,-1
2023-01-01,-1,3597,-1,-1
2023-01-01,-1,3497,-1,-1
2023-01-02,-1,1297,-1,-1
2023-01-03,-1,824,-1,-1
2023-01-03,-1,5858,-1,-1
2023-01-03,-1,3017,-1,-1
2023-01-03,-1,26,-1,-1
2023-01-04,-1,1988,-1,-1
2023-01-04,-1,101,-1,-1
2023-01-04,-1,41,-1,-1
2023-01-04,-1,21,-1,-1
2023-01-04,-1,601,-1,-1
2023-01-05,-1,730,-1,-1
2023-01-05,-1,1158,-1,-1
2023-01-05,-1,509,-1,-1
2023-01-05,-1,1776,-1,-1
2023-01-05,-1,855,-1,-1
2023-01-05,-1,142,-1,-1
2023-01-05,-1,999,-1,-1
2023-01-06,-1,3463,-1,-1
2023-01-06,-1,937,-1,-1
2023-01-06,-1,301,-1,-1
2023-01-06,-1,7201,-1,-1
2023-01-06,æœ¬æ¥æŒºå–œæ¬¢å¤©çº¿å®å®çš„...,7887,http://www.bilibili.com/video/av222345144,222345144
2023-01-07,-1,3294,-1,-1
2023-01-07,-1,1576,-1,-1
2023-01-07,-1,1723,-1,-1
2023-01-07,-1,194,-1,-1
2023-01-07,-1,681,-1,-1
2023-01-07,-1,979,-1,-1
2023-01-07,-1,904,-1,-1
2023-01-07,-1,766,-1,-1
2023-01-07,-1,460,-1,-1
2023-01-07,-1,2110,-1,-1
2023-01-08,-1,270,-1,-1
2023-01-08,-1,1055,-1,-1
2023-01-08,-1,169,-1,-1
2023-01-08,-1,3494,-1,-1
2023-01-08,-1,387,-1,-1
2023-01-08,-1,435,-1,-1
2023-01-08,-1,1601,-1,-1
2023-01-08,-1,1153,-1,-1
2023-01-08,-1,2276,-1,-1
2023-01-08,-1,800,-1,-1
2023-01-09,-1,276,-1,-1
2023-01-09,-1,6775,-1,-1
2023-01-09,-1,106,-1,-1
2023-01-09,-1,371,-1,-1
2023-01-09,-1,939,-1,-1
2023-01-09,-1,2,-1,-1
2023-01-10,-1,2623,-1,-1
2023-01-10,-1,3116,-1,-1
2023-01-10,-1,417,-1,-1
2023-01-10,-1,1997,-1,-1
2023-01-10,-1,1346,-1,-1
2023-01-10,-1,696,-1,-1
2023-01-10,-1,345,-1,-1
2023-01-10,-1,1296,-1,-1
2023-01-11,-1,20,-1,-1
2023-01-11,-1,1222,-1,-1
2023-01-11,-1,387,-1,-1
2023-01-11,-1,604,-1,-1
2023-01-11,-1,342,-1,-1
2023-01-12,-1,589,-1,-1
2023-01-12,-1,1184,-1,-1
2023-01-12,-1,785,-1,-1
2023-01-12,-1,1965,-1,-1
2023-01-12,-1,1504,-1,-1
2023-01-12,-1,97,-1,-1
2023-01-12,-1,282,-1,-1
2023-01-13,-1,432,-1,-1
2023-01-13,-1,1947,-1,-1
2023-01-13,-1,593,-1,-1
2023-01-13,-1,1141,-1,-1
2023-01-13,-1,11,-1,-1
2023-01-13,-1,1601,-1,-1
2023-01-14,-1,1484,-1,-1
2023-01-14,-1,2913,-1,-1
2023-01-14,-1,134,-1,-1
2023-01-14,-1,111,-1,-1
2023-01-14,-1,467,-1,-1
2023-01-14,ç›®ä¸­æ— äººï¼Œç‹‚è€å¤§ç‰Œï¼Œé¢ å€’é»‘ç™½ï¼Œå®˜åª’ç‚¹åã€‚ç›˜ç‚¹è¿‘æœŸç¿»è½¦çš„é«˜è´µè‰ºäººã€‚,11928,http://www.bilibili.com/video/av392866943,392866943
2023-01-14,-1,492,-1,-1
2023-01-14,-1,2152,-1,-1
2023-01-14,-1,1364,-1,-1
2023-01-15,-1,2304,-1,-1
2023-01-15,-1,176,-1,-1
2023-01-15,-1,971,-1,-1
2023-01-15,-1,1578,-1,-1
2023-01-15,-1,504,-1,-1
2023-01-16,-1,860,-1,-1
2023-01-16,-1,38,-1,-1
2023-01-16,-1,6234,-1,-1
2023-01-16,-1,639,-1,-1
2023-01-16,-1,532,-1,-1
2023-01-16,-1,1188,-1,-1
2023-01-16,-1,666,-1,-1
2023-01-17,-1,506,-1,-1
2023-01-17,-1,1157,-1,-1
2023-01-17,-1,643,-1,-1
2023-01-17,-1,1502,-1,-1
2023-01-17,-1,1663,-1,-1
2023-01-17,-1,5511,-1,-1
2023-01-17,-1,2458,-1,-1
2023-01-18,-1,1624,-1,-1
2023-01-18,-1,698,-1,-1
2023-01-18,-1,348,-1,-1
2023-01-18,-1,1031,-1,-1
2023-01-18,-1,1680,-1,-1
2023-01-18,è¿™å°±æ˜¯ä¸åˆ†åœºåˆåˆ·çƒ‚æ¢—çš„ä¸‹åœº,13125,http://www.bilibili.com/video/av307926863,307926863
2023-01-18,-1,689,-1,-1
2023-01-19,-1,115,-1,-1
2023-01-19,-1,1044,-1,-1
2023-01-19,-1,303,-1,-1
2023-01-19,-1,1292,-1,-1
2023-01-19,-1,195,-1,-1
2023-01-19,-1,522,-1,-1
2023-01-19,-1,2611,-1,-1
2023-01-20,-1,333,-1,-1
2023-01-20,-1,1274,-1,-1
2023-01-20,-1,3263,-1,-1
2023-01-20,-1,2258,-1,-1
2023-01-20,-1,1108,-1,-1
2023-01-21,-1,1185,-1,-1
2023-01-21,-1,70,-1,-1
2023-01-21,-1,652,-1,-1
2023-01-21,-1,21,-1,-1
2023-01-21,-1,642,-1,-1
2023-01-21,-1,1908,-1,-1
2023-01-21,-1,2498,-1,-1
2023-01-21,-1,3174,-1,-1
2023-01-21,-1,414,-1,-1
2023-01-22,-1,201,-1,-1
2023-01-22,-1,3081,-1,-1
2023-01-22,-1,1681,-1,-1
2023-01-22,-1,178,-1,-1
2023-01-22,-1,3381,-1,-1
2023-01-22,-1,24,-1,-1
2023-01-22,-1,1657,-1,-1
2023-01-22,-1,663,-1,-1
2023-01-23,-1,29,-1,-1
2023-01-24,-1,1908,-1,-1
2023-01-24,-1,1820,-1,-1
2023-01-24,-1,3350,-1,-1
2023-01-24,-1,265,-1,-1
2023-01-24,-1,807,-1,-1
2023-01-24,-1,203,-1,-1
2023-01-24,-1,712,-1,-1
2023-01-24,-1,282,-1,-1
2023-01-25,-1,714,-1,-1
2023-01-25,-1,435,-1,-1
2023-01-25,-1,15,-1,-1
2023-01-25,-1,1094,-1,-1
2023-01-25,-1,264,-1,-1
2023-01-25,-1,168,-1,-1
2023-01-25,-1,1052,-1,-1
2023-01-26,-1,114,-1,-1
2023-01-26,-1,1917,-1,-1
2023-01-26,-1,60,-1,-1
2023-01-26,-1,398,-1,-1
2023-01-26,-1,116,-1,-1
2023-01-26,-1,1841,-1,-1
2023-01-26,-1,1560,-1,-1
2023-01-26,-1,193,-1,-1
2023-01-27,-1,1200,-1,-1
2023-01-27,-1,730,-1,-1
2023-01-27,-1,491,-1,-1
2023-01-27,-1,1643,-1,-1
2023-01-27,-1,5640,-1,-1
2023-01-27,-1,2141,-1,-1
2023-01-27,-1,13,-1,-1
2023-01-28,-1,1848,-1,-1
2023-01-28,-1,28,-1,-1
2023-01-28,-1,483,-1,-1
2023-01-28,-1,967,-1,-1
2023-01-28,-1,1523,-1,-1
2023-01-29,-1,153,-1,-1
2023-01-29,-1,328,-1,-1
2023-01-29,-1,705,-1,-1
2023-01-29,-1,604,-1,-1
2023-01-29,-1,645,-1,-1
2023-01-29,-1,678,-1,-1
2023-01-29,-1,139,-1,-1
2023-01-29,-1,1056,-1,-1
2023-01-30,-1,2853,-1,-1
2023-01-30,-1,1818,-1,-1
2023-01-30,-1,587,-1,-1
2023-01-30,-1,612,-1,-1
2023-01-30,-1,74,-1,-1
2023-01-31,-1,1815,-1,-1
2023-01-31,-1,13,-1,-1
2023-01-31,-1,18,-1,-1
2023-01-31,-1,20,-1,-1
2023-01-31,-1,363,-1,-1
2023-01-31,-1,238,-1,-1
2023-01-31,-1,471,-1,-1
2023-02-01,-1,484,-1,-1
2023-02-01,-1,1176,-1,-1
2023-02-01,-1,743,-1,-1
2023-02-01,-1,86,-1,-1
2023-02-01,-1,406,-1,-1
2023-02-01,-1,35,-1,-1
2023-02-01,-1,608,-1,-1
2023-02-02,-1,193,-1,-1
2023-02-02,-1,2029,-1,-1
2023-02-02,-1,869,-1,-1
2023-02-02,-1,2487,-1,-1
2023-02-02,-1,148,-1,-1
2023-02-02,-1,968,-1,-1
2023-02-02,-1,601,-1,-1
2023-02-02,-1,294,-1,-1
2023-02-02,-1,619,-1,-1
2023-02-02,-1,646,-1,-1
2023-02-02,-1,947,-1,-1
2023-02-02,-1,359,-1,-1
2023-02-03,-1,328,-1,-1
2023-02-03,-1,951,-1,-1
2023-02-03,-1,297,-1,-1
2023-02-03,-1,436,-1,-1
2023-02-03,-1,605,-1,-1
2023-02-03,-1,311,-1,-1
2023-02-03,-1,2121,-1,-1
2023-02-03,-1,2595,-1,-1
2023-02-03,-1,1311,-1,-1
2023-02-03,-1,199,-1,-1
2023-02-03,-1,843,-1,-1
2023-02-04,-1,2245,-1,-1
2023-02-04,-1,2618,-1,-1
2023-02-04,-1,516,-1,-1
2023-02-04,-1,426,-1,-1
2023-02-04,-1,1810,-1,-1
2023-02-04,-1,6106,-1,-1
2023-02-04,-1,185,-1,-1
2023-02-05,-1,1239,-1,-1
2023-02-05,-1,2032,-1,-1
2023-02-05,-1,1990,-1,-1
2023-02-05,-1,1064,-1,-1
2023-02-05,-1,982,-1,-1
2023-02-05,-1,1819,-1,-1
2023-02-05,-1,208,-1,-1
2023-02-05,-1,1241,-1,-1
2023-02-05,-1,70,-1,-1
2023-02-07,-1,1469,-1,-1
2023-02-07,-1,49,-1,-1
2023-02-08,-1,2358,-1,-1
2023-02-08,-1,1155,-1,-1
2023-02-08,-1,470,-1,-1
2023-02-08,-1,1,-1,-1
2023-02-08,-1,647,-1,-1
2023-02-08,-1,966,-1,-1
2023-02-08,-1,1097,-1,-1
2023-02-09,-1,2447,-1,-1
2023-02-09,-1,4208,-1,-1
2023-02-09,-1,1289,-1,-1
2023-02-09,-1,501,-1,-1
2023-02-09,-1,463,-1,-1
2023-02-10,-1,940,-1,-1
2023-02-10,-1,393,-1,-1
2023-02-10,-1,544,-1,-1
2023-02-10,-1,164,-1,-1
2023-02-10,-1,341,-1,-1
2023-02-10,-1,0,-1,-1
2023-02-11,-1,769,-1,-1
2023-02-11,-1,40,-1,-1
2023-02-11,-1,678,-1,-1
2023-02-12,-1,4,-1,-1
2023-02-12,-1,1182,-1,-1
2023-02-12,-1,8,-1,-1
2023-02-12,-1,26,-1,-1
2023-02-12,-1,11,-1,-1
2023-02-12,-1,34,-1,-1
2023-02-12,-1,9,-1,-1
2023-02-13,-1,492,-1,-1
2023-02-13,-1,5079,-1,-1
2023-02-13,-1,653,-1,-1
2023-02-14,-1,1715,-1,-1
2023-02-14,-1,64,-1,-1
2023-02-14,-1,1497,-1,-1
2023-02-14,-1,6655,-1,-1
2023-02-14,-1,460,-1,-1
2023-02-16,-1,2386,-1,-1
2023-02-16,-1,2019,-1,-1
2023-02-16,-1,664,-1,-1
2023-02-16,-1,1330,-1,-1
2023-02-16,-1,1447,-1,-1
2023-02-16,-1,708,-1,-1
2023-02-17,-1,1029,-1,-1
2023-02-17,-1,624,-1,-1
2023-02-18,-1,1084,-1,-1
2023-02-18,-1,546,-1,-1
2023-02-18,-1,355,-1,-1
2023-02-18,-1,1879,-1,-1
2023-02-18,-1,32,-1,-1
2023-02-18,-1,2651,-1,-1
2023-02-18,-1,579,-1,-1
2023-02-19,-1,751,-1,-1
2023-02-19,-1,16,-1,-1
2023-02-19,-1,700,-1,-1
2023-02-19,-1,629,-1,-1
2023-02-19,-1,326,-1,-1
2023-02-19,-1,464,-1,-1
2023-02-20,-1,1318,-1,-1
2023-02-20,-1,2193,-1,-1
2023-02-21,-1,49,-1,-1
2023-02-21,-1,3028,-1,-1
2023-02-21,-1,773,-1,-1
2023-02-21,-1,951,-1,-1
2023-02-21,-1,1110,-1,-1
2023-02-21,-1,67,-1,-1
2023-02-22,-1,368,-1,-1
2023-02-22,-1,5285,-1,-1
2023-02-22,-1,3120,-1,-1
2023-02-23,-1,1335,-1,-1
2023-02-23,-1,1476,-1,-1
2023-02-23,-1,2150,-1,-1
2023-02-23,-1,483,-1,-1
2023-02-23,-1,573,-1,-1
2023-02-23,-1,3,-1,-1
2023-02-23,-1,537,-1,-1
2023-02-24,-1,825,-1,-1
2023-02-24,-1,141,-1,-1
2023-02-24,-1,38,-1,-1
2023-02-24,-1,481,-1,-1
2023-02-25,-1,217,-1,-1
2023-02-25,-1,827,-1,-1
2023-02-26,-1,1189,-1,-1
2023-02-26,-1,153,-1,-1
2023-02-26,-1,522,-1,-1
2023-02-27,-1,59,-1,-1
2023-02-28,-1,697,-1,-1
2023-02-28,-1,667,-1,-1
2023-03-01,-1,893,-1,-1
2023-03-01,-1,38,-1,-1
2023-03-01,-1,3511,-1,-1
2023-03-01,-1,618,-1,-1
2023-03-02,-1,396,-1,-1
2023-03-02,-1,648,-1,-1
2023-03-02,-1,461,-1,-1
2023-03-02,-1,1099,-1,-1
2023-03-03,-1,547,-1,-1
2023-03-03,-1,24,-1,-1
2023-03-03,-1,5669,-1,-1
2023-03-03,-1,705,-1,-1
2023-03-03,-1,6333,-1,-1
2023-03-03,-1,1129,-1,-1
2023-03-03,-1,676,-1,-1
2023-03-03,-1,400,-1,-1
2023-03-04,-1,881,-1,-1
2023-03-04,-1,3816,-1,-1
2023-03-04,-1,103,-1,-1
2023-03-04,-1,1389,-1,-1
2023-03-04,-1,333,-1,-1
2023-03-05,-1,276,-1,-1
2023-03-05,-1,309,-1,-1
2023-03-05,-1,1003,-1,-1
2023-03-05,-1,172,-1,-1
2023-03-05,-1,732,-1,-1
2023-03-06,æˆ‘æŠŠå¤å¤æŠ•å±åˆ°äº†çº½çº¦æ—¶ä»£å¹¿åœºçš„å¤§å±å¹•ä¸Šï¼,11502,http://www.bilibili.com/video/av780619136,780619136
2023-03-06,-1,1690,-1,-1
2023-03-06,-1,5477,-1,-1
2023-03-07,-1,244,-1,-1
2023-03-07,-1,696,-1,-1
2023-03-07,-1,2393,-1,-1
2023-03-07,-1,1638,-1,-1
2023-03-07,-1,869,-1,-1
2023-03-08,-1,1652,-1,-1
2023-03-08,-1,572,-1,-1
2023-03-08,-1,45,-1,-1
2023-03-08,-1,189,-1,-1
2023-03-08,-1,384,-1,-1
2023-03-09,-1,4028,-1,-1
2023-03-09,-1,656,-1,-1
2023-03-09,-1,669,-1,-1
2023-03-09,-1,381,-1,-1
2023-03-09,-1,1384,-1,-1
2023-03-09,-1,1006,-1,-1
2023-03-10,-1,964,-1,-1
2023-03-10,-1,1302,-1,-1
2023-03-10,-1,687,-1,-1
2023-03-11,-1,117,-1,-1
2023-03-11,-1,1066,-1,-1
2023-03-11,-1,5118,-1,-1
2023-03-11,-1,339,-1,-1
2023-03-11,-1,620,-1,-1
2023-03-11,-1,4526,-1,-1
2023-03-11,-1,2,-1,-1
2023-03-12,-1,742,-1,-1
2023-03-12,-1,475,-1,-1
2023-03-12,-1,1,-1,-1
2023-03-12,-1,887,-1,-1
2023-03-12,-1,1170,-1,-1
2023-03-12,-1,663,-1,-1
2023-03-12,-1,432,-1,-1
2023-03-13,-1,344,-1,-1
2023-03-13,-1,579,-1,-1
2023-03-13,-1,3526,-1,-1
2023-03-13,-1,710,-1,-1
2023-03-14,-1,752,-1,-1
2023-03-14,-1,2,-1,-1
2023-03-14,-1,1453,-1,-1
2023-03-14,-1,490,-1,-1
2023-03-15,-1,967,-1,-1
2023-03-15,-1,3,-1,-1
2023-03-15,-1,2535,-1,-1
2023-03-15,-1,289,-1,-1
2023-03-15,-1,2,-1,-1
2023-03-16,-1,1256,-1,-1
2023-03-16,-1,2453,-1,-1
2023-03-16,-1,3,-1,-1
2023-03-16,-1,337,-1,-1
2023-03-16,-1,785,-1,-1
2023-03-17,-1,1080,-1,-1
2023-03-17,-1,561,-1,-1
2023-03-17,-1,1489,-1,-1
2023-03-17,-1,10,-1,-1
2023-03-18,-1,91,-1,-1
2023-03-18,-1,633,-1,-1
2023-03-18,-1,58,-1,-1
2023-03-18,-1,1627,-1,-1
2023-03-18,-1,597,-1,-1
2023-03-19,-1,1247,-1,-1
2023-03-19,-1,17,-1,-1
2023-03-19,-1,32,-1,-1
2023-03-19,å”¯ä¸€ä¸€ä¸ªèƒ½åæ€äººæ°‘ç½‘ï¼Œä½¿å…¶æ‰ç²‰å››åƒä¸‡çš„ç”·äººï¼è”¡å¾å¤,13740,http://www.bilibili.com/video/av526249861,526249861
2023-03-19,-1,59,-1,-1
2023-03-21,-1,1009,-1,-1
2023-03-21,-1,36,-1,-1
2023-03-22,-1,25,-1,-1
2023-03-23,-1,213,-1,-1
2023-03-23,-1,1444,-1,-1
2023-03-23,-1,2217,-1,-1
2023-03-23,-1,91,-1,-1
2023-03-24,-1,914,-1,-1
2023-03-25,-1,798,-1,-1
2023-03-25,-1,467,-1,-1
2023-03-25,-1,841,-1,-1
2023-03-26,-1,4849,-1,-1
2023-03-26,-1,1863,-1,-1
2023-03-26,-1,2644,-1,-1
2023-03-26,-1,854,-1,-1
2023-03-26,-1,365,-1,-1
2023-03-26,-1,1299,-1,-1
2023-03-26,-1,913,-1,-1
2023-03-26,-1,1480,-1,-1
2023-03-27,-1,468,-1,-1
2023-03-27,-1,16,-1,-1
2023-03-28,-1,465,-1,-1
2023-03-28,-1,1103,-1,-1
2023-03-29,-1,966,-1,-1
2023-03-29,ä¸ºä»€ä¹ˆæˆ‘è§‰å¾—é“ƒèŠ½ä¹‹æ—…æ˜¯0åˆ†ä¹‹ä½œ,11456,http://www.bilibili.com/video/av569270814,569270814
2023-03-29,-1,2077,-1,-1
2023-03-29,-1,70,-1,-1
2023-03-30,-1,1164,-1,-1
2023-03-31,-1,5,-1,-1
2023-03-31,-1,1,-1,-1
2023-03-31,-1,3598,-1,-1
2023-04-01,-1,99,-1,-1
2023-04-01,-1,671,-1,-1
2023-04-01,-1,1383,-1,-1
2023-04-01,-1,811,-1,-1
2023-04-01,-1,1487,-1,-1
2023-04-01,-1,196,-1,-1
2023-04-01,-1,1153,-1,-1
2023-04-01,-1,1018,-1,-1
2023-04-01,-1,480,-1,-1
2023-04-02,-1,621,-1,-1
2023-04-02,-1,801,-1,-1
2023-04-02,-1,2691,-1,-1
2023-04-02,-1,2023,-1,-1
2023-04-02,-1,631,-1,-1
2023-04-03,-1,6897,-1,-1
2023-04-04,-1,568,-1,-1
2023-04-04,-1,400,-1,-1
2023-04-05,-1,1943,-1,-1
2023-04-05,-1,1394,-1,-1
2023-04-05,-1,455,-1,-1
2023-04-06,-1,129,-1,-1
2023-04-06,-1,520,-1,-1
2023-04-07,-1,19,-1,-1
2023-04-07,-1,601,-1,-1
2023-04-07,-1,1965,-1,-1
2023-04-07,-1,121,-1,-1
2023-04-08,-1,1333,-1,-1
2023-04-08,-1,328,-1,-1
2023-04-08,-1,2277,-1,-1
2023-04-09,-1,224,-1,-1
2023-04-09,-1,150,-1,-1
2023-04-09,-1,3,-1,-1
2023-04-10,-1,1055,-1,-1
2023-04-10,-1,377,-1,-1
2023-04-11,-1,1975,-1,-1
2023-04-11,-1,2090,-1,-1
2023-04-11,-1,370,-1,-1
2023-04-11,-1,142,-1,-1
2023-04-11,-1,34,-1,-1
2023-04-12,-1,355,-1,-1
2023-04-12,-1,1060,-1,-1
2023-04-12,-1,2429,-1,-1
2023-04-12,-1,1664,-1,-1
2023-04-12,-1,352,-1,-1
2023-04-13,-1,910,-1,-1
2023-04-14,-1,69,-1,-1
2023-04-14,-1,4106,-1,-1
2023-04-14,-1,458,-1,-1
2023-04-14,-1,95,-1,-1
2023-04-14,-1,241,-1,-1
2023-04-14,-1,34,-1,-1
2023-04-15,-1,1644,-1,-1
2023-04-15,-1,1025,-1,-1
2023-04-15,-1,669,-1,-1
2023-04-16,-1,821,-1,-1
2023-04-16,-1,110,-1,-1
2023-04-16,-1,1035,-1,-1
2023-04-16,-1,1982,-1,-1
2023-04-17,-1,740,-1,-1
2023-04-17,-1,278,-1,-1
2023-04-17,-1,5869,-1,-1
2023-04-17,-1,2227,-1,-1
2023-04-18,-1,410,-1,-1
2023-04-18,-1,2035,-1,-1
2023-04-18,-1,3,-1,-1
2023-04-19,-1,140,-1,-1
2023-04-19,-1,1222,-1,-1
2023-04-19,-1,560,-1,-1
2023-04-19,-1,1713,-1,-1
2023-04-19,-1,418,-1,-1
2023-04-19,-1,330,-1,-1
2023-04-19,-1,6,-1,-1
2023-04-20,-1,1450,-1,-1
2023-04-20,-1,416,-1,-1
2023-04-20,-1,236,-1,-1
2023-04-20,-1,366,-1,-1
2023-04-20,-1,307,-1,-1
2023-04-20,-1,3070,-1,-1
2023-04-21,-1,2475,-1,-1
2023-04-21,-1,3558,-1,-1
2023-04-21,-1,164,-1,-1
2023-04-21,-1,2015,-1,-1
2023-04-21,-1,1760,-1,-1
2023-04-21,-1,2518,-1,-1
2023-04-21,-1,2027,-1,-1
2023-04-21,-1,2136,-1,-1
2023-04-22,-1,111,-1,-1
2023-04-22,-1,1403,-1,-1
2023-04-22,-1,2690,-1,-1
2023-04-22,-1,8,-1,-1
2023-04-22,-1,595,-1,-1
2023-04-23,-1,1973,-1,-1
2023-04-23,-1,311,-1,-1
2023-04-23,-1,2,-1,-1
2023-04-24,-1,1169,-1,-1
2023-04-24,-1,1054,-1,-1
2023-04-24,-1,859,-1,-1
2023-04-25,-1,1148,-1,-1
2023-04-25,-1,338,-1,-1
2023-04-25,-1,1328,-1,-1
2023-04-25,-1,1655,-1,-1
2023-04-25,-1,350,-1,-1
2023-04-25,-1,915,-1,-1
2023-04-25,-1,1256,-1,-1
2023-04-25,-1,1181,-1,-1
2023-04-25,-1,157,-1,-1
2023-04-26,-1,1080,-1,-1
2023-04-27,å› éª‚â€œé¸¡ä½ å¤ªç¾â€å…¨ç½‘æ‰ç²‰4000ä¸‡ï¼Œè¿™ä¸ªæ¢—è¢«æ‰¹ï¼Œä¸ºä»€ä¹ˆä¼šè®©è¿™ä¹ˆå¤šäººæ„¤æ€’ï¼Ÿã€çƒ­æ¢—æ·±æŒ–ç³»åˆ—02ã€‘,8302,http://www.bilibili.com/video/av782915884,782915884
2023-04-27,-1,696,-1,-1
2023-04-28,-1,233,-1,-1
2023-04-28,-1,2075,-1,-1
2023-04-28,-1,856,-1,-1
2023-04-28,-1,1682,-1,-1
2023-04-28,-1,390,-1,-1
2023-04-28,-1,1528,-1,-1
2023-04-28,-1,590,-1,-1
2023-04-28,-1,2420,-1,-1
2023-04-28,-1,1140,-1,-1
2023-04-28,-1,1897,-1,-1
2023-04-29,-1,1608,-1,-1
2023-04-29,-1,3268,-1,-1
2023-04-29,-1,3439,-1,-1
2023-04-29,-1,424,-1,-1
2023-04-29,-1,0,-1,-1
2023-04-29,-1,3453,-1,-1
2023-04-29,-1,1511,-1,-1
2023-04-29,-1,373,-1,-1
2023-04-30,-1,924,-1,-1
2023-04-30,-1,1937,-1,-1
2023-04-30,-1,994,-1,-1
2023-04-30,-1,726,-1,-1
2023-04-30,-1,4031,-1,-1
2023-04-30,-1,2125,-1,-1
2023-04-30,-1,3,-1,-1
2023-04-30,-1,347,-1,-1
2023-04-30,ã€Š é¸¡ å“¥ å¤© ä¸‹ ç¬¬ ä¸€ ã€‹,13847,http://www.bilibili.com/video/av698079605,698079605
2023-04-30,-1,886,-1,-1
2023-05-01,-1,1778,-1,-1
2023-05-01,-1,75,-1,-1
2023-05-01,-1,207,-1,-1
2023-05-01,-1,1006,-1,-1
2023-05-01,-1,593,-1,-1
2023-05-01,-1,939,-1,-1
2023-05-01,-1,717,-1,-1
2023-05-01,-1,780,-1,-1
2023-05-01,-1,366,-1,-1
2023-05-01,-1,133,-1,-1
2023-05-02,-1,2563,-1,-1
2023-05-02,-1,1953,-1,-1
2023-05-02,-1,440,-1,-1
2023-05-02,-1,459,-1,-1
2023-05-02,-1,267,-1,-1
2023-05-03,-1,190,-1,-1
2023-05-03,-1,2402,-1,-1
2023-05-03,-1,1464,-1,-1
2023-05-04,-1,1006,-1,-1
2023-05-04,-1,2730,-1,-1
2023-05-04,-1,131,-1,-1
2023-05-04,-1,26,-1,-1
2023-05-05,-1,2621,-1,-1
2023-05-05,-1,129,-1,-1
2023-05-05,-1,943,-1,-1
2023-05-05,-1,2879,-1,-1
2023-05-05,-1,728,-1,-1
2023-05-05,-1,800,-1,-1
2023-05-06,-1,374,-1,-1
2023-05-06,-1,1481,-1,-1
2023-05-07,-1,1013,-1,-1
2023-05-07,-1,2863,-1,-1
2023-05-07,-1,5033,-1,-1
2023-05-07,-1,11,-1,-1
2023-05-08,-1,227,-1,-1
2023-05-08,-1,1040,-1,-1
2023-05-08,-1,1147,-1,-1
2023-05-08,-1,805,-1,-1
2023-05-09,-1,337,-1,-1
2023-05-09,-1,1563,-1,-1
2023-05-09,-1,571,-1,-1
2023-05-09,-1,1168,-1,-1
2023-05-09,-1,787,-1,-1
2023-05-09,-1,1045,-1,-1
2023-05-09,-1,3,-1,-1
2023-05-10,-1,1504,-1,-1
2023-05-10,-1,801,-1,-1
2023-05-10,-1,377,-1,-1
2023-05-10,-1,1596,-1,-1
2023-05-10,-1,1021,-1,-1
2023-05-11,-1,1207,-1,-1
2023-05-11,-1,13,-1,-1
2023-05-11,-1,941,-1,-1
2023-05-11,-1,484,-1,-1
2023-05-11,-1,256,-1,-1
2023-05-11,-1,207,-1,-1
2023-05-12,-1,2751,-1,-1
2023-05-12,-1,2012,-1,-1
2023-05-12,-1,267,-1,-1
2023-05-12,-1,324,-1,-1
2023-05-12,-1,535,-1,-1
2023-05-13,-1,2,-1,-1
2023-05-13,-1,5229,-1,-1
2023-05-13,-1,790,-1,-1
2023-05-13,-1,517,-1,-1
2023-05-13,-1,12,-1,-1
2023-05-14,-1,1452,-1,-1
2023-05-14,-1,387,-1,-1
2023-05-15,-1,1847,-1,-1
2023-05-15,-1,1817,-1,-1
2023-05-15,-1,1945,-1,-1
2023-05-16,-1,19,-1,-1
2023-05-17,-1,928,-1,-1
2023-05-17,-1,1284,-1,-1
2023-05-17,-1,22,-1,-1
2023-05-17,-1,105,-1,-1
2023-05-17,-1,496,-1,-1
2023-05-17,-1,957,-1,-1
2023-05-17,-1,2777,-1,-1
2023-05-17,-1,594,-1,-1
2023-05-18,-1,837,-1,-1
2023-05-18,-1,2344,-1,-1
2023-05-18,-1,74,-1,-1
2023-05-19,-1,1941,-1,-1
2023-05-19,-1,963,-1,-1
2023-05-19,-1,1083,-1,-1
2023-05-19,-1,3,-1,-1
2023-05-19,-1,1079,-1,-1
2023-05-19,-1,3697,-1,-1
2023-05-19,-1,4696,-1,-1
2023-05-19,-1,1146,-1,-1
2023-05-19,-1,333,-1,-1
2023-05-19,-1,69,-1,-1
2023-05-19,-1,667,-1,-1
2023-05-20,-1,1424,-1,-1
2023-05-20,-1,48,-1,-1
2023-05-20,-1,1834,-1,-1
2023-05-20,-1,239,-1,-1
2023-05-20,-1,396,-1,-1
2023-05-21,-1,1376,-1,-1
2023-05-21,-1,65,-1,-1
2023-05-21,-1,785,-1,-1
2023-05-21,-1,737,-1,-1
2023-05-21,-1,658,-1,-1
2023-05-22,-1,3259,-1,-1
2023-05-23,-1,459,-1,-1
2023-05-23,-1,715,-1,-1
2023-05-23,-1,894,-1,-1
2023-05-23,-1,1603,-1,-1
2023-05-24,-1,283,-1,-1
2023-05-24,ã€Šikunè¯ã€‹-ç¬¬66å±Šæ ¼è±ç¾æœ€ä½³æ­Œæ›²ï¼2åˆ†åŠikunçº¯äº«ç‰ˆ å…¨ç½‘é¦–å‘ï¼ï¼,8107,http://www.bilibili.com/video/av699042082,699042082
2023-05-25,-1,1193,-1,-1
2023-05-26,-1,1537,-1,-1
2023-05-27,-1,804,-1,-1
2023-05-27,-1,683,-1,-1
2023-05-27,-1,612,-1,-1
2023-05-27,æ³°è£¤è¾£ã€é¸¡ä½ å¤ªç¾4å¤§çƒ­æ¢—èƒŒåï¼Œè—ç€å¹´è½»äºº4æ¬¡ç—›è‹¦ä¿¡å·ï¼ã€çƒ­æ¢—æ·±æŒ–ç³»åˆ—03ã€‘,10118,http://www.bilibili.com/video/av399015900,399015900
2023-05-28,-1,2518,-1,-1
2023-05-28,-1,35,-1,-1
2023-05-28,-1,6,-1,-1
2023-05-30,-1,3287,-1,-1
2023-05-30,-1,643,-1,-1
2023-05-31,-1,90,-1,-1
2023-06-01,-1,74,-1,-1
2023-06-01,-1,44,-1,-1
2023-06-01,-1,899,-1,-1
2023-06-01,-1,897,-1,-1
2023-06-01,-1,249,-1,-1
2023-06-01,-1,1178,-1,-1
2023-06-02,-1,524,-1,-1
2023-06-02,-1,502,-1,-1
2023-06-02,-1,1695,-1,-1
2023-06-02,-1,1371,-1,-1
2023-06-02,-1,986,-1,-1
2023-06-02,å‡å¦‚å‘¨æ°ä¼¦å”±ã€Šåªå› ä½ å¤ªç¾ã€‹ï¼Œæ³ªå´©äº†,8379,http://www.bilibili.com/video/av486821693,486821693
2023-06-03,-1,1594,-1,-1
2023-06-03,-1,45,-1,-1
2023-06-03,-1,1083,-1,-1
2023-06-03,-1,4134,-1,-1
2023-06-04,-1,111,-1,-1
2023-06-04,-1,918,-1,-1
2023-06-05,-1,3436,-1,-1
2023-06-05,-1,2581,-1,-1
2023-06-05,-1,17,-1,-1
2023-06-05,-1,598,-1,-1
2023-06-05,-1,287,-1,-1
2023-06-05,-1,851,-1,-1
2023-06-06,-1,49,-1,-1
2023-06-06,-1,1927,-1,-1
2023-06-06,-1,1533,-1,-1
2023-06-06,-1,1051,-1,-1
2023-06-06,-1,913,-1,-1
2023-06-06,-1,4243,-1,-1
2023-06-06,-1,87,-1,-1
2023-06-07,-1,2759,-1,-1
2023-06-07,-1,375,-1,-1
2023-06-07,-1,842,-1,-1
2023-06-07,-1,1043,-1,-1
2023-06-08,-1,1304,-1,-1
2023-06-08,-1,4755,-1,-1
2023-06-08,-1,9,-1,-1
2023-06-08,-1,1480,-1,-1
2023-06-08,-1,802,-1,-1
2023-06-09,-1,88,-1,-1
2023-06-09,-1,411,-1,-1
2023-06-09,-1,1468,-1,-1
2023-06-09,-1,1094,-1,-1
2023-06-09,-1,3,-1,-1
2023-06-10,-1,609,-1,-1
2023-06-10,-1,1388,-1,-1
2023-06-10,-1,1159,-1,-1
2023-06-10,-1,1452,-1,-1
2023-06-10,-1,595,-1,-1
2023-06-10,-1,440,-1,-1
2023-06-11,-1,883,-1,-1
2023-06-11,-1,1965,-1,-1
2023-06-11,-1,1648,-1,-1
2023-06-12,-1,277,-1,-1
2023-06-13,-1,669,-1,-1
2023-06-13,-1,1,-1,-1
2023-06-14,-1,144,-1,-1
2023-06-14,-1,2006,-1,-1
2023-06-14,-1,4,-1,-1
2023-06-15,-1,17,-1,-1
2023-06-15,-1,1079,-1,-1
2023-06-15,-1,225,-1,-1
2023-06-15,-1,1751,-1,-1
2023-06-15,-1,800,-1,-1
2023-06-16,-1,494,-1,-1
2023-06-16,-1,196,-1,-1
2023-06-16,-1,426,-1,-1
2023-06-16,-1,4967,-1,-1
2023-06-16,-1,6,-1,-1
2023-06-16,-1,2104,-1,-1
2023-06-17,-1,913,-1,-1
2023-06-17,-1,823,-1,-1
2023-06-17,-1,24,-1,-1
2023-06-17,-1,102,-1,-1
2023-06-17,-1,1240,-1,-1
2023-06-18,-1,1161,-1,-1
2023-06-18,-1,1338,-1,-1
2023-06-18,-1,1454,-1,-1
2023-06-18,-1,866,-1,-1
2023-06-18,-1,1364,-1,-1
2023-06-19,-1,95,-1,-1
2023-06-19,-1,2893,-1,-1
2023-06-19,-1,1298,-1,-1
2023-06-19,-1,101,-1,-1
2023-06-20,-1,2778,-1,-1
2023-06-20,-1,2234,-1,-1
2023-06-20,-1,1215,-1,-1
2023-06-20,-1,650,-1,-1
2023-06-20,-1,727,-1,-1
2023-06-21,-1,1081,-1,-1
2023-06-21,-1,12,-1,-1
2023-06-21,-1,5158,-1,-1
2023-06-22,-1,717,-1,-1
2023-06-22,-1,788,-1,-1
2023-06-22,-1,11,-1,-1
2023-06-22,-1,518,-1,-1
2023-06-23,-1,207,-1,-1
2023-06-24,-1,7211,-1,-1
2023-06-24,-1,108,-1,-1
2023-06-25,-1,724,-1,-1
2023-06-25,-1,1024,-1,-1
2023-06-26,-1,5867,-1,-1
2023-06-26,-1,561,-1,-1
2023-06-26,-1,683,-1,-1
2023-06-26,-1,1001,-1,-1
2023-06-26,-1,3483,-1,-1
2023-06-26,-1,1894,-1,-1
2023-06-26,-1,1691,-1,-1
2023-06-26,-1,777,-1,-1
2023-06-26,-1,1936,-1,-1
2023-06-26,è”¡å¾å¤å¡Œäº†ï¼Ÿå®Œæ•´ç“œæ¥äº†ï¼,12596,http://www.bilibili.com/video/av997687993,997687993
2023-06-26,é¸¡ä½ èƒæ²¡æ˜¯ä»€ä¹ˆæ¢—ã€æ¢—æŒ‡å—ã€‘,10804,http://www.bilibili.com/video/av827681606,827681606
2023-06-26,é¡¶æµå¡Œæˆ¿ï¼Ÿï¼è”¡å¾å¤äº‹ä»¶æœ€æ–°è¿›å±•,9548,http://www.bilibili.com/video/av955204682,955204682
2023-06-27,-1,1656,-1,-1
2023-06-27,-1,2462,-1,-1
2023-06-27,-1,5617,-1,-1
2023-06-27,-1,2468,-1,-1
2023-06-27,-1,1417,-1,-1
2023-06-27,-1,436,-1,-1
2023-06-27,-1,15,-1,-1
2023-06-27,-1,497,-1,-1
2023-06-27,-1,903,-1,-1
2023-06-27,-1,598,-1,-1
2023-06-27,-1,233,-1,-1
2023-06-27,å¤å¤æ²‰é»˜ä¸è¯­ï¼Œikunèƒ¡è¨€ä¹±è¯­ã€åƒç“œã€‘,14154,http://www.bilibili.com/video/av487789049,487789049
2023-06-28,-1,1768,-1,-1
2023-06-28,-1,1194,-1,-1
2023-06-28,-1,2244,-1,-1
2023-06-28,-1,1451,-1,-1
2023-06-28,-1,1575,-1,-1
2023-06-28,-1,3324,-1,-1
2023-06-28,æˆ‘åœ¨æ­¤æ”¯æŒè”¡å¾å¤ï¼Œä»–ä¸€å®šæ˜¯è¢«è¯¬é™·çš„ï¼ï¼ï¼,9680,http://www.bilibili.com/video/av870303605,870303605
2023-06-29,-1,3635,-1,-1
2023-06-29,-1,1409,-1,-1
2023-06-30,-1,734,-1,-1
2023-06-30,-1,35,-1,-1
2023-06-30,-1,5222,-1,-1
2023-06-30,-1,7096,-1,-1
2023-06-30,-1,1351,-1,-1
2023-06-30,-1,530,-1,-1
2023-06-30,-1,513,-1,-1
2023-06-30,-1,711,-1,-1
2023-06-30,-1,919,-1,-1
2023-07-01,-1,109,-1,-1
2023-07-01,-1,24,-1,-1
2023-07-01,-1,357,-1,-1
2023-07-01,-1,1862,-1,-1
2023-07-01,-1,419,-1,-1
2023-07-02,-1,1560,-1,-1
2023-07-02,-1,4321,-1,-1
2023-07-02,-1,2220,-1,-1
2023-07-02,-1,1412,-1,-1
2023-07-02,-1,82,-1,-1
2023-07-02,-1,223,-1,-1
2023-07-02,-1,796,-1,-1
2023-07-03,-1,506,-1,-1
2023-07-03,-1,158,-1,-1
2023-07-03,-1,2896,-1,-1
2023-07-03,-1,2682,-1,-1
2023-07-03,-1,2484,-1,-1
2023-07-03,-1,2036,-1,-1
2023-07-03,-1,442,-1,-1
2023-07-03,-1,411,-1,-1
2023-07-03,-1,1663,-1,-1
2023-07-03,-1,2277,-1,-1
2023-07-03,-1,1054,-1,-1
2023-07-04,-1,1812,-1,-1
2023-07-04,-1,1287,-1,-1
2023-07-04,äº”å¹´è€ç²‰å…¨æ–¹ä½å‰–æè”¡å¾å¤,11895,http://www.bilibili.com/video/av360548019,360548019
2023-07-04,åƒç“œå¿…çœ‹ï¼ä¸€ä¸ªè§†é¢‘å¸¦ä½ å…¨é¢å¤ç›˜è”¡å¾å¤å¡Œæˆ¿äº‹ä»¶ï¼,10571,http://www.bilibili.com/video/av573082126,573082126
2023-07-04,-1,2332,-1,-1
2023-07-04,-1,3553,-1,-1
2023-07-05,-1,467,-1,-1
2023-07-05,-1,1162,-1,-1
2023-07-06,-1,3007,-1,-1
2023-07-06,-1,5571,-1,-1
2023-07-06,-1,1849,-1,-1
2023-07-07,-1,619,-1,-1
2023-07-07,-1,1298,-1,-1
2023-07-08,-1,1169,-1,-1
2023-07-08,-1,4194,-1,-1
2023-07-08,-1,1118,-1,-1
2023-07-08,è€6ï¼Œæˆ‘å‡­å•¥ä¸èƒ½è·³ï¼Ÿï¼å¼€ä»€ä¹ˆå€’çš„ç­ä¼šï¼ï¼,9288,http://www.bilibili.com/video/av445711662,445711662
2023-07-08,-1,2160,-1,-1
2023-07-08,-1,2,-1,-1
2023-07-09,-1,717,-1,-1
2023-07-10,-1,1105,-1,-1
2023-07-11,-1,977,-1,-1
2023-07-11,-1,756,-1,-1
2023-07-11,-1,1096,-1,-1
2023-07-12,-1,331,-1,-1
2023-07-12,-1,3149,-1,-1
2023-07-13,-1,2375,-1,-1
2023-07-14,-1,76,-1,-1
2023-07-14,-1,972,-1,-1
2023-07-14,-1,1185,-1,-1
2023-07-14,-1,77,-1,-1
2023-07-14,-1,34,-1,-1
2023-07-14,-1,930,-1,-1
2023-07-14,-1,6505,-1,-1
2023-07-14,-1,939,-1,-1
2023-07-14,-1,6,-1,-1
2023-07-15,-1,540,-1,-1
2023-07-15,-1,5252,-1,-1
2023-07-15,-1,849,-1,-1
2023-07-15,-1,595,-1,-1
2023-07-15,-1,6014,-1,-1
2023-07-15,-1,814,-1,-1
2023-07-15,-1,489,-1,-1
2023-07-15,-1,4,-1,-1
2023-07-16,-1,1094,-1,-1
2023-07-16,-1,1277,-1,-1
2023-07-17,-1,1306,-1,-1
2023-07-17,-1,3419,-1,-1
2023-07-17,-1,1261,-1,-1
2023-07-17,-1,280,-1,-1
2023-07-18,-1,1284,-1,-1
2023-07-18,-1,802,-1,-1
2023-07-19,-1,2160,-1,-1
2023-07-19,-1,912,-1,-1
2023-07-20,-1,0,-1,-1
2023-07-20,-1,319,-1,-1
2023-07-20,-1,35,-1,-1
2023-07-20,-1,781,-1,-1
2023-07-20,-1,790,-1,-1
2023-07-21,-1,5029,-1,-1
2023-07-21,-1,2354,-1,-1
2023-07-21,-1,144,-1,-1
2023-07-22,-1,3889,-1,-1
2023-07-23,-1,243,-1,-1
2023-07-23,-1,7128,-1,-1
2023-07-23,-1,134,-1,-1
2023-07-24,-1,1715,-1,-1
2023-07-24,-1,929,-1,-1
2023-07-25,-1,6374,-1,-1
2023-07-25,-1,1823,-1,-1
2023-07-25,-1,15,-1,-1
2023-07-26,-1,2542,-1,-1
2023-07-27,-1,270,-1,-1
2023-07-27,-1,2932,-1,-1
2023-07-28,-1,7037,-1,-1
2023-07-28,-1,499,-1,-1
2023-07-28,-1,100,-1,-1
2023-07-28,-1,843,-1,-1
2023-07-29,-1,3911,-1,-1
2023-07-29,-1,187,-1,-1
2023-07-29,-1,3102,-1,-1
2023-07-29,-1,5606,-1,-1
2023-07-30,-1,1548,-1,-1
2023-08-01,é¬¼ç•œå…¨æ˜æ˜Ÿã€å¤åŒ–å±æœºã€‘5å°æ—¶å®Œæ•´ç‰ˆï¼šè¢«å’¬åˆ°å°±ä¼šå˜æˆè”¡å¾å¤ï¼,9032,http://www.bilibili.com/video/av573834662,573834662
2023-08-01,-1,1042,-1,-1
2023-08-02,-1,226,-1,-1
2023-08-02,-1,3781,-1,-1
2023-08-02,-1,201,-1,-1
2023-08-02,-1,2046,-1,-1
2023-08-02,-1,258,-1,-1
2023-08-02,-1,229,-1,-1
2023-08-03,-1,98,-1,-1
2023-08-03,-1,352,-1,-1
2023-08-03,-1,360,-1,-1
2023-08-04,-1,2823,-1,-1
2023-08-04,-1,572,-1,-1
2023-08-04,-1,13,-1,-1
2023-08-05,-1,431,-1,-1
2023-08-05,-1,535,-1,-1
2023-08-05,-1,1068,-1,-1
2023-08-05,-1,1294,-1,-1
2023-08-05,-1,1028,-1,-1
2023-08-05,-1,783,-1,-1
2023-08-05,-1,591,-1,-1
2023-08-05,-1,0,-1,-1
2023-08-06,-1,10,-1,-1
2023-08-06,-1,20,-1,-1
2023-08-07,-1,897,-1,-1
2023-08-07,-1,2750,-1,-1
2023-08-07,-1,1074,-1,-1
2023-08-08,-1,4,-1,-1
2023-08-08,-1,283,-1,-1
2023-08-08,-1,1500,-1,-1
2023-08-08,-1,385,-1,-1
2023-08-08,-1,840,-1,-1
2023-08-08,-1,1563,-1,-1
2023-08-08,-1,6469,-1,-1
2023-08-09,-1,2414,-1,-1
2023-08-09,-1,447,-1,-1
2023-08-09,-1,9,-1,-1
2023-08-10,-1,1451,-1,-1
2023-08-10,-1,1520,-1,-1
2023-08-10,-1,378,-1,-1
2023-08-10,-1,1977,-1,-1
2023-08-10,-1,6,-1,-1
2023-08-11,-1,14,-1,-1
2023-08-11,-1,8,-1,-1
2023-08-11,-1,6,-1,-1
2023-08-11,-1,590,-1,-1
2023-08-11,-1,3476,-1,-1
2023-08-12,-1,92,-1,-1
2023-08-12,-1,456,-1,-1
2023-08-12,-1,57,-1,-1
2023-08-13,-1,1,-1,-1
2023-08-14,-1,332,-1,-1
2023-08-14,-1,6964,-1,-1
2023-08-14,-1,3,-1,-1
2023-08-15,-1,12,-1,-1
2023-08-15,-1,47,-1,-1
2023-08-15,-1,2260,-1,-1
2023-08-17,-1,272,-1,-1
2023-08-17,-1,253,-1,-1
2023-08-17,-1,30,-1,-1
2023-08-18,-1,247,-1,-1
2023-08-18,-1,1577,-1,-1
2023-08-18,-1,9,-1,-1
2023-08-18,-1,225,-1,-1
2023-08-18,-1,2,-1,-1
2023-08-19,-1,245,-1,-1
2023-08-19,-1,993,-1,-1
2023-08-19,-1,2358,-1,-1
2023-08-19,-1,1387,-1,-1
2023-08-19,-1,140,-1,-1
2023-08-20,-1,2561,-1,-1
2023-08-20,-1,10,-1,-1
2023-08-20,-1,141,-1,-1
2023-08-20,-1,5,-1,-1
2023-08-21,-1,176,-1,-1
2023-08-21,-1,2823,-1,-1
2023-08-21,-1,16,-1,-1
2023-08-22,-1,199,-1,-1
2023-08-22,éšè´è¶ä¸€èµ·æ¶ˆæ•£å§ï¼Œæ—§æ—¥çš„æ¨¡å‹,14275,http://www.bilibili.com/video/av617528054,617528054
2023-08-22,ç©¶ç«Ÿç½‘ç»œæš´åŠ›å¸¦æ¥äº†ä»€ä¹ˆï¼Ÿ,14275,http://www.bilibili.com/video/av385907876,385907876
2023-08-22,-1,18,-1,-1
2023-08-23,-1,5053,-1,-1
2023-08-23,-1,1209,-1,-1
2023-08-24,-1,996,-1,-1
2023-08-25,-1,423,-1,-1
2023-08-25,-1,1132,-1,-1
2023-08-25,-1,1032,-1,-1
2023-08-26,-1,2923,-1,-1
2023-08-26,-1,46,-1,-1
2023-08-26,-1,31,-1,-1
2023-08-27,-1,1216,-1,-1
2023-08-27,-1,140,-1,-1
2023-08-27,-1,780,-1,-1
2023-08-28,-1,1635,-1,-1
2023-08-30,-1,2,-1,-1
2023-08-31,-1,237,-1,-1
2023-09-01,-1,297,-1,-1
2023-09-02,-1,667,-1,-1
2023-09-03,-1,769,-1,-1
2023-09-03,-1,3157,-1,-1
2023-09-04,-1,927,-1,-1
2023-09-04,-1,2303,-1,-1
2023-09-05,-1,317,-1,-1
2023-09-05,-1,1543,-1,-1
2023-09-06,-1,3550,-1,-1
2023-09-06,-1,1461,-1,-1
2023-09-06,-1,887,-1,-1
2023-09-06,-1,142,-1,-1
2023-09-07,-1,501,-1,-1
2023-09-08,-1,236,-1,-1
2023-09-09,-1,1368,-1,-1
2023-09-09,-1,3810,-1,-1
2023-09-10,-1,358,-1,-1
2023-09-13,-1,855,-1,-1
2023-09-13,-1,585,-1,-1
2023-09-14,-1,5729,-1,-1
2023-09-15,-1,23,-1,-1
2023-09-19,-1,3011,-1,-1
2023-09-20,-1,677,-1,-1
2023-09-20,-1,631,-1,-1
2023-09-21,-1,683,-1,-1
2023-09-22,-1,1402,-1,-1
2023-09-22,-1,426,-1,-1
2023-09-22,-1,74,-1,-1
2023-09-23,-1,1407,-1,-1
2023-09-23,-1,980,-1,-1
2023-09-24,-1,1258,-1,-1
2023-09-24,-1,179,-1,-1
2023-09-24,-1,331,-1,-1
2023-09-24,-1,444,-1,-1
2023-09-25,-1,257,-1,-1
2023-09-25,-1,482,-1,-1
2023-09-25,-1,32,-1,-1
2023-09-28,-1,3409,-1,-1
2023-09-29,-1,5,-1,-1
2023-10-01,-1,669,-1,-1
2023-10-03,-1,1585,-1,-1
2023-10-03,-1,6,-1,-1
2023-10-04,-1,654,-1,-1
2023-10-04,-1,587,-1,-1
2023-10-04,-1,8,-1,-1
2023-10-06,-1,6119,-1,-1
2023-10-08,-1,591,-1,-1
2023-10-11,-1,9,-1,-1
2023-10-13,-1,625,-1,-1
2023-10-13,-1,777,-1,-1
2023-10-14,-1,776,-1,-1
2023-10-14,-1,701,-1,-1
2023-10-16,-1,433,-1,-1
2023-10-17,-1,696,-1,-1
2023-10-20,-1,182,-1,-1
2023-10-20,-1,1591,-1,-1
2023-10-21,-1,1040,-1,-1
2023-10-23,-1,58,-1,-1
2023-10-23,-1,17,-1,-1
2023-10-24,-1,7,-1,-1
2023-10-25,-1,277,-1,-1
2023-10-25,-1,2340,-1,-1
2023-10-25,-1,40,-1,-1
2023-10-25,-1,218,-1,-1
2023-10-26,-1,676,-1,-1
2023-10-29,-1,3063,-1,-1
2023-10-30,-1,848,-1,-1
2023-10-30,-1,163,-1,-1
2023-10-31,-1,868,-1,-1
2023-10-31,-1,992,-1,-1
2023-10-31,-1,273,-1,-1
2023-11-01,-1,1095,-1,-1
2023-11-02,-1,1204,-1,-1
2023-11-02,-1,30,-1,-1
2023-11-03,-1,3459,-1,-1
2023-11-05,-1,189,-1,-1
2023-11-08,-1,271,-1,-1
2023-11-09,-1,759,-1,-1
2023-11-09,-1,1022,-1,-1
2023-11-09,-1,919,-1,-1
2023-11-09,-1,1,-1,-1
2023-11-10,-1,1173,-1,-1
2023-11-11,-1,0,-1,-1
2023-11-12,-1,685,-1,-1
2023-11-12,-1,3746,-1,-1
2023-11-12,-1,1782,-1,-1
2023-11-12,-1,396,-1,-1
2023-11-13,-1,6535,-1,-1
2023-11-14,-1,1655,-1,-1
2023-11-14,-1,245,-1,-1
2023-11-14,-1,1274,-1,-1
2023-11-14,-1,0,-1,-1
2023-11-15,-1,336,-1,-1
2023-11-16,-1,282,-1,-1
2023-11-19,-1,539,-1,-1
2023-11-19,-1,1637,-1,-1
2023-11-21,-1,64,-1,-1
2023-11-21,-1,1155,-1,-1
2023-11-22,-1,82,-1,-1
2023-11-22,-1,5614,-1,-1
2023-11-23,-1,683,-1,-1
2023-11-24,-1,499,-1,-1
2023-11-24,-1,876,-1,-1
2023-11-25,-1,988,-1,-1
2023-11-25,-1,1066,-1,-1
2023-11-25,-1,53,-1,-1
2023-11-26,-1,389,-1,-1
2023-11-26,-1,988,-1,-1
2023-11-28,-1,295,-1,-1
2023-11-28,-1,129,-1,-1
2023-11-30,-1,1518,-1,-1
2023-12-01,-1,250,-1,-1
2023-12-01,-1,1270,-1,-1
2023-12-01,-1,668,-1,-1
2023-12-02,-1,59,-1,-1
2023-12-03,-1,476,-1,-1
2023-12-04,-1,1040,-1,-1
2023-12-04,-1,975,-1,-1
2023-12-04,-1,2708,-1,-1
2023-12-04,-1,2,-1,-1
2023-12-06,-1,6194,-1,-1
2023-12-07,-1,3893,-1,-1
2023-12-07,-1,1381,-1,-1
2023-12-07,-1,480,-1,-1
2023-12-08,-1,269,-1,-1
2023-12-08,-1,2029,-1,-1
2023-12-09,-1,392,-1,-1
2023-12-09,-1,316,-1,-1
2023-12-10,-1,1878,-1,-1
2023-12-11,-1,2,-1,-1
2023-12-14,-1,369,-1,-1
2023-12-15,-1,863,-1,-1
2023-12-16,-1,507,-1,-1
2023-12-16,-1,762,-1,-1
2023-12-16,-1,0,-1,-1
2023-12-17,-1,538,-1,-1
2023-12-18,-1,910,-1,-1
2023-12-19,-1,648,-1,-1
2023-12-19,-1,560,-1,-1
2023-12-19,-1,765,-1,-1
2023-12-20,-1,1808,-1,-1
2023-12-20,-1,3442,-1,-1
2023-12-20,-1,13,-1,-1
2023-12-21,-1,421,-1,-1
2023-12-21,-1,255,-1,-1
2023-12-22,-1,1177,-1,-1
2023-12-22,-1,1727,-1,-1
2023-12-22,-1,2036,-1,-1
2023-12-22,-1,1074,-1,-1
2023-12-22,-1,580,-1,-1
2023-12-22,-1,5458,-1,-1
2023-12-23,-1,424,-1,-1
2023-12-23,-1,1681,-1,-1
2023-12-24,-1,1632,-1,-1
2023-12-24,-1,1723,-1,-1
2023-12-25,-1,2844,-1,-1
2023-12-25,-1,4,-1,-1
2023-12-26,-1,947,-1,-1
2023-12-26,-1,266,-1,-1
2023-12-26,-1,412,-1,-1
2023-12-27,-1,681,-1,-1
2023-12-27,-1,205,-1,-1
2023-12-28,-1,1703,-1,-1
2023-12-28,-1,1208,-1,-1
2023-12-28,-1,185,-1,-1
2023-12-28,-1,260,-1,-1
2023-12-29,-1,160,-1,-1
2023-12-29,-1,1447,-1,-1
2023-12-29,-1,224,-1,-1
2023-12-30,-1,5737,-1,-1
2023-12-30,-1,513,-1,-1
2023-12-30,-1,653,-1,-1
2023-12-30,-1,415,-1,-1
2023-12-31,-1,926,-1,-1
2023-12-31,-1,606,-1,-1
2024-01-01,-1,3147,-1,-1
2024-01-01,-1,3302,-1,-1
2024-01-02,-1,282,-1,-1
2024-01-04,-1,1095,-1,-1
2024-01-04,-1,482,-1,-1
2024-01-05,-1,1423,-1,-1
2024-01-05,-1,347,-1,-1
2024-01-06,-1,3029,-1,-1
2024-01-07,-1,467,-1,-1
2024-01-08,-1,1122,-1,-1
2024-01-08,-1,107,-1,-1
2024-01-09,-1,414,-1,-1
2024-01-09,-1,444,-1,-1
2024-01-09,-1,702,-1,-1
2024-01-09,-1,1617,-1,-1
2024-01-09,-1,203,-1,-1
2024-01-10,-1,2370,-1,-1
2024-01-10,-1,1197,-1,-1
2024-01-11,-1,113,-1,-1
2024-01-11,-1,227,-1,-1
2024-01-11,-1,1,-1,-1
2024-01-12,-1,566,-1,-1
2024-01-12,-1,703,-1,-1
2024-01-12,-1,298,-1,-1
2024-01-12,-1,1837,-1,-1
2024-01-12,-1,1419,-1,-1
2024-01-12,-1,541,-1,-1
2024-01-12,-1,480,-1,-1
2024-01-13,-1,291,-1,-1
2024-01-13,-1,1970,-1,-1
2024-01-13,-1,124,-1,-1
2024-01-13,-1,1,-1,-1
2024-01-14,-1,1565,-1,-1
2024-01-14,-1,244,-1,-1
2024-01-14,-1,681,-1,-1
2024-01-15,-1,1940,-1,-1
2024-01-15,-1,829,-1,-1
2024-01-15,-1,2937,-1,-1
2024-01-16,-1,1759,-1,-1
2024-01-16,-1,836,-1,-1
2024-01-16,-1,1644,-1,-1
2024-01-16,-1,339,-1,-1
2024-01-16,-1,912,-1,-1
2024-01-20,-1,1748,-1,-1
2024-01-20,-1,127,-1,-1
2024-01-21,-1,1433,-1,-1
2024-01-22,-1,200,-1,-1
2024-01-22,-1,0,-1,-1
2024-01-23,-1,3,-1,-1
2024-01-24,-1,1697,-1,-1
2024-01-24,-1,1695,-1,-1
2024-01-24,-1,1178,-1,-1
2024-01-24,-1,1577,-1,-1
2024-01-25,-1,298,-1,-1
2024-01-26,-1,262,-1,-1
2024-01-26,-1,551,-1,-1
2024-01-27,-1,1101,-1,-1
2024-01-28,-1,912,-1,-1
2024-01-29,-1,57,-1,-1
2024-01-30,-1,31,-1,-1
2024-02-01,-1,38,-1,-1
2024-02-01,-1,281,-1,-1
2024-02-02,-1,451,-1,-1
2024-02-02,-1,566,-1,-1
2024-02-02,-1,665,-1,-1
2024-02-03,-1,1052,-1,-1
2024-02-03,-1,1364,-1,-1
2024-02-04,-1,2206,-1,-1
2024-02-04,-1,1578,-1,-1
2024-02-05,-1,291,-1,-1
2024-02-06,-1,248,-1,-1
2024-02-07,-1,391,-1,-1
2024-02-07,-1,695,-1,-1
